city,year,vehicle,COUNT,CO_TOTAL,CO_TOTAL_ff,MEAN,N2O_TOTAL,N2O_TOTAL_ff,NH3_TOTAL,NH3_TOTAL_ff,NOX_TOTAL,NOX_TOTAL_ff,PB_TOTAL,PB_TOTAL_ff,PM_10_TOTAL,PM_10_TOTAL_ff,PM_2.5_TOTAL,PM_2.5_TOTAL_ff,VOC_TOTAL,VOC_TOTAL_ff,co2,co2_ff,ff,road_length_km,co2_congestion,gini_bc,gini_co2_total_congestion,petrol,diesel
agartala,2021,2w,178934251.9156909,19.00344411028214,18.114674731727643,14.1664992207639,0.11211697641792619,0.11160368948518481,0.0737949387522821,0.0732012741330197,2.4256644365448303,2.374159233135191,0.009779977459033426,0.009764420459478994,0.2892221947307205,0.2885484971267898,0.25506350369694336,0.2543334205658929,4.862737571184553,4.829554636852119,8185.4782009882065,7977.233644860029,15.967929859165489,937.2254104374581,208.24455612817746,0.8575731312414799,0.4986243086806058,8954.665225059276,783.460189352725
agartala,2021,3w,40753970.88524589,4.5905304372536415,4.375836571221963,14.1664992207639,0.025535703442797847,0.02541879748159274,0.2605161933752825,0.2584203958942249,1.0881946504368716,1.0650885332115774,0.00542457505433189,0.005415946188666632,0.08281189035288172,0.08261899308177276,0.07303136234353995,0.07282232041903158,1.733260277672961,1.7214326474270154,6394.750496701338,6232.06336394772,15.967929859165489,937.2254104374581,162.68713275361824,0.8575731312414799,0.4986243086806058,8954.665225059276,783.460189352725
agartala,2021,hdv,254147082.0,10.697162884214167,10.20912696407776,13.58382596874192,0.14962695006886856,0.14962695006886856,0.04294447721564228,0.04294447721564228,42.558708719082524,40.515672270453464,2.1766528736021677,2.1354757113002822,1.2752240956187373,1.2447650109118629,0.9163551267564909,0.8902385730747288,1.4021841638857846,1.334503376529179,7286.352418418083,6874.900671798017,15.727900494303412,937.2254104374581,411.45174662006593,0.8575731312414799,0.4986243086806058,8954.665225059276,783.460189352725
agartala,2021,lmv,32057825.199063227,1.2377422155019362,1.118184354640699,14.1664992207639,0.023355591330486803,0.023134516668486153,0.03535436471424399,0.03478343361460127,0.8336351147813893,0.7960579458315812,8.890661048081721,8.74870102066062,2.2458217904744404,2.219518794336937,1.0167729047326828,1.0055306930094396,0.504622746143522,0.49758561145494423,9632.1296839075,8973.96125525225,15.967929859165489,937.2254104374581,658.16842865525,0.8575731312414799,0.4986243086806058,8954.665225059276,783.460189352725
agartala,2022,2w,200820803.8678557,22.335601090301108,20.19817885719013,18.236635685997832,0.14157211211050438,0.14016065515108825,0.08980829089287821,0.08820940738395493,2.925222300498362,2.787327036518234,0.011068409925284723,0.011017308089140039,0.33251096791148926,0.3306718409437873,0.29679371362349644,0.29486353185389846,6.148673413437286,6.061464433788521,9476.916636511156,8963.241035046787,22.255316977093944,937.2254104374581,513.6756014643688,0.8575731312414799,0.4909057494144064,9784.90471260171,834.0888039982964
agartala,2022,3w,49059301.07742195,5.7871455415962,5.233340273636429,18.236635685997832,0.034585206006674515,0.03424039565537554,0.340064098978783,0.33400983745762164,1.4075730658413352,1.341219934507542,0.00658490191632836,0.0065545000265331225,0.10211822628128428,0.10155340766784898,0.09114901621751789,0.09055623354947583,2.350718279037651,2.3173771453048757,7941.139314825923,7510.707174256066,22.255316977093944,937.2254104374581,430.43214056985744,0.8575731312414799,0.4909057494144064,9784.90471260171,834.0888039982964
agartala,2022,hdv,289915806.0,11.864678954674007,11.156805579935906,13.726294417478798,0.1667115000918663,0.1667115000918663,0.04784791920162431,0.04784791920162431,47.19254897783391,44.229219576270694,2.4215669167128104,2.3618389940309403,1.4176517320337803,1.3734717767711548,1.0181894555603723,0.9803083860363103,1.554860194729316,1.4566922432062588,8051.799579267017,7454.581420492969,16.541661717250914,937.2254104374581,597.2181587740479,0.8575731312414799,0.4909057494144064,9784.90471260171,834.0888039982964
agartala,2022,lmv,41932543.05472234,1.5179588051152955,1.2206175903753111,18.236635685997832,0.03400846965504344,0.0333128067566179,0.04926674676273527,0.04752888831240356,1.1116320247961817,1.0023467339189027,11.359812824093249,10.94059691115654,2.9476828475815626,2.869964321646177,1.354276154695943,1.3209109292428325,0.7324292051587542,0.7114205285869527,11844.564279225988,10200.054732236638,22.255316977093944,937.2254104374581,1644.5095469893495,0.8575731312414799,0.4909057494144064,9784.90471260171,834.0888039982964
agartala,2023,2w,209943426.58838832,24.68563706898633,23.49479141920101,23.14725297780826,0.17187978824853264,0.17036014056648735,0.11002343919034982,0.10827864753171781,3.3944737699063965,3.2548440515389503,0.013130941134631105,0.013021242685661885,0.3961111818489275,0.3932378928636058,0.35436222163537395,0.35165861166510426,7.469117666116788,7.39060413130963,10906.470874177347,10512.559834133204,26.04695494644718,937.2254104374581,393.9110400441423,0.8575731312414799,0.5479641046533693,10373.307299935488,837.0188222797042
agartala,2023,3w,49672557.67235459,6.194591689422787,5.89576194705356,23.14725297780826,0.04066671118608645,0.04030716295752464,0.40348849505885725,0.39708982795925235,1.5819258224727228,1.5168542172571242,0.007565916005540687,0.007502708864306135,0.11781917459122901,0.1169645444971415,0.10540137812953025,0.10459721730370615,2.765604322752151,2.7365329677456223,8851.188391358775,8531.508371571465,26.04695494644718,937.2254104374581,319.6800197873108,0.8575731312414799,0.5479641046533693,10373.307299935488,837.0188222797042
agartala,2023,hdv,238774894.0,12.34977199402793,11.88684918489915,14.036144163477248,0.17504073435316117,0.17504073435316117,0.05023849530301038,0.05023849530301038,49.09971064461782,47.161779538078896,2.5354116100161974,2.4960264289332894,1.4821466564028536,1.4531898069641223,1.0634819386606258,1.038678246159721,1.617709353149933,1.5534944937134632,8332.09042747913,7951.566423888387,15.786661769072369,937.2254104374581,380.5240035907427,0.8575731312414799,0.5479641046533693,10373.307299935488,837.0188222797042
agartala,2023,lmv,45044482.73925709,1.49789146517595,1.3190873356326032,23.14725297780826,0.04188060429987778,0.0411621396456389,0.06068047667445736,0.05887477810575782,1.2397315537159843,1.1391996676997662,13.30058735486241,12.827559041441319,3.5161013483407695,3.4297149012852692,1.6245521336462698,1.5877900616577747,0.8980402810033067,0.8790822256112706,12521.569512270882,11334.519932296904,26.04695494644718,937.2254104374581,1187.0495799739783,0.8575731312414799,0.5479641046533693,10373.307299935488,837.0188222797042
agra,2021,2w,1038697834.9265214,84.38131625331489,80.76486349953868,13.028827640847188,0.4709217468645004,0.46888526746446835,0.56294462521917,0.5590271846341935,11.127287615663223,10.913390681300188,0.035542529654723265,0.03546927751355813,1.0784447283883356,1.0759258698348655,0.9698340797671419,0.9672061688295119,22.05027555650435,21.908452180152914,37777.74010434969,37012.89786146085,14.561346695039795,2887.772002235899,764.8422428888371,0.9212118577020268,0.6032379919100817,33601.62917550692,4743.101974722683
agra,2021,3w,64599447.45241139,5.565958667971028,5.327410284917122,13.028827640847188,0.029287906085722345,0.029161251885081205,0.5426714227622845,0.5388950601138122,1.3631018506568746,1.336899300929512,0.005383185321729162,0.0053720907301247935,0.08431835030495116,0.08412141300043342,0.07582661171490244,0.07562114813464052,2.1461501387088693,2.132346489949523,8058.953512795862,7895.793195025721,14.561346695039795,2887.772002235899,163.16031777014086,0.9212118577020268,0.6032379919100817,33601.62917550692,4743.101974722683
agra,2021,hdv,1368047966.0,65.18613468167763,62.81964158740107,13.317891182734641,0.9331505985318925,0.9331505985318925,0.26782384188791636,0.26782384188791636,259.02658765072226,249.11984451553045,13.452088296524531,13.25200879601789,7.858891387799894,7.7111130164186985,5.63374078840967,5.507062247305243,8.533311980399494,8.205105822616975,44089.78570338345,42135.28617240937,14.938641678869192,2887.772002235899,1954.4995309740843,0.9212118577020268,0.6032379919100817,33601.62917550692,4743.101974722683
agra,2021,lmv,191117337.62106717,5.837368775925081,5.3358203600149166,13.028827640847188,0.101047120991115,0.10015378013395924,0.27834790807264076,0.27433527603959124,3.9866849476364727,3.824596034045224,33.46951347722528,32.95913219409413,8.648607529176292,8.553649776615428,3.989976721345224,3.9490209246670522,2.360449093420756,2.3297418677878965,46947.65365470826,44197.47922322979,14.561346695039795,2887.772002235899,2750.1744314784664,0.9212118577020268,0.6032379919100817,33601.62917550692,4743.101974722683
agra,2022,2w,1309949191.9486122,94.36597769296998,89.59060157933718,12.852038625347383,0.5220802955022149,0.519411469601949,0.6147966016633404,0.6097154936421518,12.229261349599724,11.94951979455276,0.03658770292265715,0.03643507274584783,1.1221577973156855,1.1180628463225055,1.017039630358445,1.0131346402102617,24.59730694451151,24.410824055043204,40416.13807090356,39393.610492379674,14.475693272733741,2887.772002235899,1022.5275785238846,0.9212118577020268,0.6502826847325259,37209.25738370619,4865.508331972032
agra,2022,3w,84362261.82079633,6.445599426654849,6.1194208367372065,12.852038625347383,0.03362258235002166,0.03345070683703521,0.6137011259826359,0.6086290717367173,1.5512914783124645,1.5158060407158247,0.005738261392276575,0.0057143235175011985,0.090851547116989,0.09052001385670366,0.08234102558337561,0.08202487183272869,2.4790645039664634,2.460269636995014,8927.94847889889,8702.071540253759,14.475693272733741,2887.772002235899,225.8769386451313,0.9212118577020268,0.6502826847325259,37209.25738370619,4865.508331972032
agra,2022,hdv,1371380443.0,68.40636042253864,65.46773486669825,13.005652957342098,0.966036287590371,0.966036287590371,0.2772623736754219,0.2772623736754219,272.0190765942578,259.7172572562703,14.007201131559937,13.758966632744094,8.194085443656654,8.010622827460567,5.881974379746817,5.724690146517397,8.962198203999522,8.554654787628039,46336.2025160727,43900.70592235397,14.660148663955374,2887.772002235899,2435.49659371873,0.9212118577020268,0.6502826847325259,37209.25738370619,4865.508331972032
agra,2022,lmv,263590387.23059124,7.188132652751076,6.499103969917808,12.852038625347383,0.12260606059384604,0.12139840687988826,0.3328694685599331,0.32751724778315855,4.809446429869098,4.591603409735882,37.76775798137441,37.09220565870657,9.856515628063873,9.731642478767647,4.581907775059732,4.52815978918548,2.88278855047229,2.8409463908306876,55278.7263899872,51650.2183434845,14.475693272733741,2887.772002235899,3628.5080465026986,0.9212118577020268,0.6502826847325259,37209.25738370619,4865.508331972032
agra,2023,2w,1471803025.1976268,93.20541407322533,87.55005651783316,11.775151575406612,0.5085164510709489,0.5053159551194246,0.5758519906912303,0.5699333923529811,12.001506933700302,11.66172771175152,0.0378255177585064,0.03757343867225856,1.1510307114543123,1.1448018985979487,1.03665420533967,1.0309885886361272,23.757569832959472,23.537467005714912,40460.95955262008,39122.200037841874,13.512106114759758,2887.772002235899,1338.759514778205,0.9212118577020268,0.671853944725938,39524.09710465519,4745.509074015439
agra,2023,3w,106646892.74897702,7.162980350775711,6.728357368316132,11.775151575406612,0.03684711778002491,0.036615209744341994,0.6467569225001679,0.6401095643098011,1.7129067165520802,1.6644119637984396,0.006674747114822801,0.006630264864391175,0.10485039207559944,0.10428299325326032,0.09443153757326808,0.0939154417586169,2.6940585645930626,2.6690993658619404,10056.290081111138,9723.550715107012,13.512106114759758,2887.772002235899,332.73936600412526,0.9212118577020268,0.671853944725938,39524.09710465519,4745.509074015439
agra,2023,hdv,1268155310.0,67.2789316754641,64.37809355197923,12.918998905009857,0.9497612668578015,0.9497612668578015,0.2725912749414556,0.2725912749414556,267.54131621622236,255.3977173642494,13.77644308315909,13.531844319012318,8.058219949110516,7.877204839903727,5.784514301401921,5.629294688701805,8.814840545054983,8.412560425414584,45518.56622690847,43109.40509489963,14.626133010842711,2887.772002235899,2409.1611320088414,0.9212118577020268,0.671853944725938,39524.09710465519,4745.509074015439
agra,2023,lmv,276674679.053396,6.83396360731013,6.090123145816949,11.775151575406612,0.11185554767509301,0.11057747101381736,0.29253716001428653,0.28706176283739093,4.467470643104687,4.233759331374282,36.74697290807065,35.962883169690855,9.491042213191038,9.347727081492343,4.381660707473067,4.3205365728161995,2.6115252622633385,2.5675455460435064,53030.84956492854,48967.690317259345,13.512106114759758,2887.772002235899,4063.159247669195,0.9212118577020268,0.671853944725938,39524.09710465519,4745.509074015439
ahmedabad,2021,2w,4285073481.9621716,480.4749050629735,464.17637148147196,13.95916586058665,2.4852096077030046,2.477607633244883,2.2870954997856847,2.275104175950703,53.334018931313786,52.62380061641763,0.10853945024649192,0.10833493201936709,3.499946685494419,3.4942679770229845,3.304221440607509,3.2985233602026827,122.10871840906115,121.51688639533523,148040.37094013282,146236.21466110475,15.203068570145604,11474.294965839421,1804.1562790280732,0.9336842913596696,0.606330257526017,216986.35045506078,31287.24324725102
ahmedabad,2021,3w,523088943.4325296,62.20740439307491,60.097222448430564,13.95916586058665,0.30337535012502576,0.30244735932065836,4.327462012027781,4.304772973299546,12.823925730829925,12.653156921252078,0.032266830220162024,0.032206030622443586,0.5371101105510343,0.5362386424948146,0.5070736507516512,0.5061992098326369,23.327620554328664,23.21455710703367,61986.98747352642,61231.55696522524,15.203068570145604,11474.294965839421,755.4305083011786,0.9336842913596696,0.606330257526017,216986.35045506078,31287.24324725102
ahmedabad,2021,hdv,6454493608.0,430.58772887805475,418.6234544130988,13.867475327543856,6.165151498451912,6.165151498451912,1.7694620383185693,1.7694620383185693,1710.98520686632,1660.8994629648287,88.87204623816639,87.85723550839023,51.91768072458212,51.1699067187139,37.21688839832183,36.576129607698086,56.3664198571731,54.70694105395116,291165.88758488744,281305.42227094166,15.05925009221911,11474.294965839421,9860.46531394578,0.9336842913596696,0.606330257526017,216986.35045506078,31287.24324725102
ahmedabad,2021,lmv,1690272833.6052983,69.44876676056255,64.61911682795635,13.95916586058665,1.14089944049269,1.1333385658516262,2.416154828853292,2.3892065475938766,40.52580584930076,39.28401414137934,217.87914947186243,215.19793210079865,59.947804241190525,59.44121002878343,29.047151521328022,28.82365083923379,27.935739056605676,27.654931877783792,385970.22640817193,369194.64068930363,15.203068570145604,11474.294965839421,16775.5857188683,0.9336842913596696,0.606330257526017,216986.35045506078,31287.24324725102
ahmedabad,2022,2w,5268180924.342606,571.9530616856005,547.7864391775294,14.735298141053981,3.1037966977983804,3.0915017891513297,2.847346089365,2.828052043770684,66.19921793639288,65.0198562839851,0.1416505999138613,0.14108977201334885,4.553535869906548,4.53981819598775,4.284799133281806,4.272037849510714,151.00910913057947,150.0988383796332,185876.0363719158,182476.18962769164,16.061907818173843,11474.294965839421,3399.846744224167,0.9336842913596696,0.6847348690175394,242283.2608427208,36885.31150978134
ahmedabad,2022,3w,642337428.367802,73.96342961940937,70.83826707941564,14.735298141053981,0.3784389370205752,0.37693984651556384,5.3811426297271465,5.344679197468157,15.898451369290774,15.61521503414816,0.042060301849912725,0.041893775264104,0.6979686903430511,0.6958660371141758,0.6567765632866569,0.654820506109273,28.814573476627285,28.64088154779081,77737.22784289974,76315.34115892791,16.061907818173843,11474.294965839421,1421.8866839718248,0.9336842913596696,0.6847348690175394,242283.2608427208,36885.31150978134
ahmedabad,2022,hdv,6309653895.0,523.0217581227189,507.55508466786614,13.730765665834259,7.443449581451005,7.443449581451005,2.136346766470061,2.136346766470061,2078.956138130198,2014.2085081916325,107.6169900493146,106.30671906669025,62.88964319306044,61.923288637617254,45.107278568641455,44.27909843505407,68.49374989329453,66.3485611249959,353176.61717336066,340476.1581034081,14.936035150879675,11474.294965839421,12700.459069952543,0.9336842913596696,0.6847348690175394,242283.2608427208,36885.31150978134
ahmedabad,2022,lmv,1953142587.2895892,75.10086508794816,69.05024605045642,14.735298141053981,1.3353641852989788,1.3249070327219037,2.8136152382790467,2.7764897093308494,46.58764612744664,44.88115165967293,265.0458996931161,260.9727256030427,72.90824887811158,72.14481859199422,35.23510964562168,34.90055048450873,32.330310499821856,31.954978804619476,442982.8519801529,420125.5403293189,16.061907818173843,11474.294965839421,22857.311650833988,0.9336842913596696,0.6847348690175394,242283.2608427208,36885.31150978134
ahmedabad,2023,2w,5518632579.699015,608.4995676495095,582.5289939865364,14.951205378847908,3.338308302188175,3.324243823162302,3.0679795038914683,3.045877016434546,70.86098277350465,69.51700705657476,0.15237207477754722,0.15164109741473658,4.90416310228168,4.886816055068402,4.615308751977377,4.599456065506588,162.31524294015537,161.30049576093407,198699.24667695997,194956.06972428234,16.28132187860001,11474.294965839421,3743.1769526776334,0.9336842913596696,0.6987530475432345,257566.7673212259,37013.01235225406
ahmedabad,2023,3w,668107154.2527698,78.13201418917575,74.79736394813368,14.951205378847908,0.4041486052175228,0.4024459046078482,5.757033994156473,5.7155588892923355,16.8974523275248,16.576968970996116,0.044923278413383554,0.04470776714183751,0.7463871939044937,0.7437470668079817,0.702425118526041,0.7000124250808998,30.7525016600109,30.560246060670757,82511.40105349086,80957.01783401806,16.28132187860001,11474.294965839421,1554.383219472802,0.9336842913596696,0.6987530475432345,257566.7673212259,37013.01235225406
ahmedabad,2023,hdv,5691879241.0,510.4713927325269,495.97534757429963,13.721251075095823,7.243201637805746,7.243201637805746,2.078873542232081,2.078873542232081,2029.3878174267122,1968.7023787306318,104.80619947054885,103.56306074478591,61.2838904847529,60.37517378498555,43.97096551180767,43.19332577020215,66.85967249795596,64.84833365248093,345732.0055922918,334089.92919234413,14.923055482500354,11474.294965839421,11642.076399947691,0.9336842913596696,0.6987530475432345,257566.7673212259,37013.01235225406
ahmedabad,2023,lmv,2036377109.0482147,79.37633021607625,72.94911436079708,14.951205378847908,1.4291817959319932,1.4175629251254172,3.0162632653905943,2.9749510472031417,49.58493851413597,47.705173902919285,283.5859463074899,278.94921004426084,78.11958268839034,77.25288242188718,37.76030658455513,37.38126241724977,34.57629462332562,34.16539940158811,470547.75322466425,445974.2413776082,16.28132187860001,11474.294965839421,24573.51184705604,0.9336842913596696,0.6987530475432345,257566.7673212259,37013.01235225406
aizawl,2021,2w,101368931.49014387,17.097061160383912,16.333692710371224,11.627476443361207,0.09371774835712564,0.09335763633684221,0.143352634545179,0.14253894887618285,2.249472250407733,2.210939076957616,0.006395668066802522,0.0063896464785468425,0.19717665197785555,0.19688826840221918,0.1793489037444524,0.17901377127543538,4.5126233136422105,4.484983819360316,7422.67391502139,7283.724554512166,13.181855579266761,774.9162203694268,138.94936050922388,0.8968451826343318,0.5480775473412889,7241.076701006238,1165.9556807623535
aizawl,2021,3w,2309538.2125732442,0.41313867594320086,0.39469240452049437,11.627476443361207,0.0021352175449156235,0.0021270129356785973,0.05062414024265019,0.050336791931603175,0.10094860931297547,0.09921937247909146,0.00035486046657515533,0.0003545263617411309,0.0056475541511688595,0.005639294238834527,0.005136929934094434,0.005127331035099023,0.16089993514616013,0.1599144345784559,580.0744871690191,569.2157346544112,13.181855579266761,774.9162203694268,10.858752514607886,0.8968451826343318,0.5480775473412889,7241.076701006238,1165.9556807623535
aizawl,2021,hdv,131621842.0,15.308646678160168,14.86903439584677,11.437340065597592,0.21049395829185757,0.21049395829185757,0.06041393607057027,0.06041393607057027,60.95958623213412,59.1194131795745,3.0849028950214525,3.0498406331120878,1.8103732054159807,1.7833405170609498,1.303115276420746,1.2797826787743303,2.008677875007197,1.9478164935385545,10460.217761372462,10058.150215118325,12.743333512623101,774.9162203694268,402.0675462541367,0.8968451826343318,0.5480775473412889,7241.076701006238,1165.9556807623535
aizawl,2021,lmv,20178765.297282886,1.3264601051213283,1.207658260942778,11.627476443361207,0.021813656512333773,0.021633768875931218,0.07702311504902026,0.07602450192244109,0.884148692644131,0.8501309287135094,6.563422009565359,6.474179408760979,1.7190078885115838,1.7022023094479888,0.8016612703675964,0.7943310615918188,0.5248096917749046,0.5181488681597659,10266.385188478223,9665.237088073283,13.181855579266761,774.9162203694268,601.1481004049401,0.8968451826343318,0.5480775473412889,7241.076701006238,1165.9556807623535
aizawl,2022,2w,108917692.3015404,19.524113626393195,18.97870257849632,11.059628876373228,0.10501410967100298,0.10476061635575647,0.16133755032276037,0.16076513048238172,2.5381386451982735,2.511022523120889,0.007246511305135744,0.007243875590087766,0.22312748154691583,0.22295041824306475,0.20273820305350046,0.20251939683526676,5.056656881707721,5.037054216692095,8426.988747371532,8329.978041102115,12.081008367174338,774.9162203694268,97.01070626941691,0.8968451826343318,0.563240468115116,9071.03002622226,1410.8594108791467
aizawl,2022,3w,2450263.0354505074,0.46584314397993765,0.452829698034294,11.059628876373228,0.0023624462260477506,0.0023567435225938173,0.05625763019031825,0.05605803013670892,0.11246801641221411,0.11126646799853529,0.0003970038066718712,0.0003968594076827179,0.006310328569266138,0.0063053209941475825,0.005733693877332554,0.005727505759578159,0.17802634090244482,0.17733620297014946,650.2641185275629,642.7783388153622,12.081008367174338,774.9162203694268,7.485779712200724,0.8968451826343318,0.563240468115116,9071.03002622226,1410.8594108791467
aizawl,2022,hdv,136183837.0,20.362910242763633,19.94900630111236,12.709104741348781,0.28440263905738233,0.28440263905738233,0.08162648939543841,0.08162648939543841,81.0206475387646,79.2880527682606,4.1454860276286585,4.112011719599604,2.426897125361959,2.401353178089726,1.7439182621659874,1.7219062430613516,2.6696913076791597,2.612365367717278,13775.709336316844,13407.056336097685,13.693979049125643,774.9162203694268,368.65300021915937,0.8968451826343318,0.563240468115116,9071.03002622226,1410.8594108791467
aizawl,2022,lmv,21338290.663009066,1.5353074341920925,1.448496767210472,11.059628876373228,0.02410502738859508,0.023978183192163497,0.08560432403648557,0.08489779246503176,0.99266320989886,0.9684751312912998,7.358638527482875,7.29600648128975,1.9213822698268002,1.909559632480022,0.8947037505125087,0.8895406847834061,0.5806834382231892,0.5759557642049006,11743.502797751966,11306.310377209289,12.081008367174338,774.9162203694268,437.1924205426767,0.8968451826343318,0.563240468115116,9071.03002622226,1410.8594108791467
aizawl,2023,2w,106986828.09401801,26.467133469813362,25.451573756571683,12.495867103388525,0.14459929456377382,0.14411993224801423,0.23126852055752806,0.23017566733501538,3.4419883491344305,3.3917157929085415,0.009098532928106175,0.00909319241915451,0.28335634339234766,0.28304942362818725,0.2598104893942766,0.25943531177119206,7.0462948345451455,7.009090661347877,11076.430560052791,10911.521126992408,14.045792277184162,774.9162203694268,164.9094330603839,0.8968451826343318,0.5484662084707669,11079.315904806106,1491.473004744336
aizawl,2023,3w,1649823.0155637856,0.43288053521491276,0.4162706506306166,12.495867103388525,0.0022298375272510797,0.0022224453744466325,0.055278374817004386,0.05501715833190566,0.1045480311657915,0.10302103681195822,0.0003416880866239059,0.000341487528105328,0.005493189959275127,0.005487239965191339,0.005036726386883282,0.0050294531353746,0.17004910865734454,0.16915125572341497,585.8817556547592,577.1589611008978,14.045792277184162,774.9162203694268,8.722794553861377,0.8968451826343318,0.5484662084707669,11079.315904806106,1491.473004744336
aizawl,2023,hdv,137356630.0,22.030264670244748,21.48843178359968,12.909684493945683,0.3087747426925857,0.3087747426925857,0.08862153439754214,0.08862153439754214,87.63875397842068,85.37063765148804,4.495355271348429,4.45135663528027,2.6302582835464503,2.596783761944102,1.8893199437756676,1.8604875661343834,2.8877625907263513,2.8127092855852287,14868.423811569033,14389.276338131373,14.010356707940083,774.9162203694268,479.14747343766066,0.8968451826343318,0.5484662084707669,11079.315904806106,1491.473004744336
aizawl,2023,lmv,23419097.8904182,2.2274694028029938,2.0514563333172204,12.495867103388525,0.03695158726650567,0.03668200622337762,0.1362825657153626,0.13473983624158453,1.476812020215898,1.4267481600625296,10.2190371939176,10.09524456429542,2.7080776098444357,2.684675239259831,1.2735777032231859,1.2633197555224691,0.8990897163755731,0.8890468487271463,16626.957260093895,15783.788359180731,14.045792277184162,774.9162203694268,843.1689009131642,0.8968451826343318,0.5484662084707669,11079.315904806106,1491.473004744336
aligarh,2021,2w,532511270.7525569,43.788119065786624,41.21071616450254,12.738632279392917,0.2417777927177802,0.24044585341054447,0.34915747633508837,0.3461777104210275,5.988915742779438,5.840979606560598,0.022070944242547175,0.02204322464160404,0.6502583226462278,0.6486812971505124,0.5726860280198048,0.5708896453259966,11.301777668175669,11.205814462908059,21915.229874221044,21282.87464552719,15.112892939072827,1210.2267998108337,632.3552286938539,0.8691618633329173,0.4943945033535838,17271.458875875556,2437.9856783914734
aligarh,2021,3w,18352552.186688997,1.600582478220747,1.506370942965881,12.738632279392917,0.008332667874174249,0.008286763708407014,0.18651798176914802,0.1849262073919562,0.40655123378301256,0.3965087450782125,0.0018524222844494684,0.001850095768377532,0.0281733321282144,0.02810500533943198,0.02481240625561019,0.02473457551588805,0.6095662673865534,0.6043904503992714,2590.698019561848,2515.944460140424,15.112892939072827,1210.2267998108337,74.75355942142414,0.8691618633329173,0.4943945033535838,17271.458875875556,2437.9856783914734
aligarh,2021,hdv,642311201.0,34.16785299463009,32.51199446642202,13.207377321882694,0.4729933582947875,0.4729933582947875,0.1357539700507926,0.1357539700507926,136.0105505229855,129.079109078789,6.915475040899371,6.780935001710592,4.054173161942808,3.951858261925477,2.9160758200902124,2.8279556761524436,4.481657917320515,4.252288590889212,23238.649744228078,21779.763562314194,15.552473421198126,1210.2267998108337,1458.8861819138838,0.8691618633329173,0.4943945033535838,17271.458875875556,2437.9856783914734
aligarh,2021,lmv,76410452.06075406,2.4066039527864036,2.119032190656637,12.738632279392917,0.040537270096939415,0.040071093094265424,0.13506893742729703,0.13257779598295902,1.6888719733422721,1.5982544604966105,16.300354041380547,15.998813542772817,4.081957339248841,4.025829802183317,1.843407285787438,1.8193594548699425,0.9461945718657779,0.9297401353952995,21597.520502703148,19821.7815289932,15.112892939072827,1210.2267998108337,1775.7389737099475,0.8691618633329173,0.4943945033535838,17271.458875875556,2437.9856783914734
aligarh,2022,2w,608479982.6904459,52.660037707966865,49.333888563292014,13.996105313612926,0.3015504325992198,0.29971806550087887,0.43440447840878416,0.4302810863497652,7.382992713208775,7.179340875603666,0.027506870715430055,0.027435920391262,0.8101606352372968,0.8074424714780191,0.7134947777918901,0.7106499484507736,14.070632609551902,13.942322480245481,26842.273576161064,25972.445101776124,16.247755334661633,1210.2267998108337,869.8284743849399,0.8691618633329173,0.5604702023359961,19125.803553983627,2500.9033528392024
aligarh,2022,3w,21013572.975796152,1.928807459956014,1.8069788103307867,13.996105313612926,0.010413903828501572,0.010350623883663972,0.23253032515425126,0.23032313405959626,0.5022101240443673,0.4883572030679527,0.002313375931393081,0.0023074088850520793,0.03517299711969727,0.035054988465712325,0.030976264055143365,0.030852756234756838,0.7604553736402083,0.7535207794374362,3179.6257423389734,3076.589425362082,16.247755334661633,1210.2267998108337,103.03631697689161,0.8691618633329173,0.5604702023359961,19125.803553983627,2500.9033528392024
aligarh,2022,hdv,681749687.0,35.05520498529562,33.04231356489555,12.626300223415528,0.47771596402003536,0.47771596402003536,0.13710940658059573,0.1371094065805957,139.65501415012224,131.22898213752762,7.029637778004817,6.865453017582447,4.128548289335973,4.004045878107221,2.974328614922122,2.86714785825024,4.602102721206144,4.323244666841847,23934.785777442583,22172.25316993685,15.155910577676174,1210.2267998108337,1762.5326075057346,0.8691618633329173,0.5604702023359961,19125.803553983627,2500.9033528392024
aligarh,2022,lmv,87708826.33375792,2.784044138760475,2.4431259334621322,13.996105313612926,0.05060698083616033,0.04998887355596827,0.16780318391828758,0.16450597444080073,2.053287827637623,1.9363152053739208,20.200920430264024,19.78515679790739,5.074814700071982,4.998039661256014,2.2936207070439636,2.2608844119532807,1.1768947374918306,1.1556702955309557,25632.902434301624,23465.866997156747,16.247755334661633,1210.2267998108337,2167.0354371448775,0.8691618633329173,0.5604702023359961,19125.803553983627,2500.9033528392024
aligarh,2023,2w,604109384.7138728,55.34079757915608,51.80889418846088,13.956020575571502,0.32057972306155824,0.3185828547562165,0.47035022915589875,0.4657508273596819,7.885470849820362,7.660790273267256,0.03143277071892768,0.03132380629712207,0.9147749812822661,0.9111295399196087,0.7986208497364755,0.7949874327698596,14.888365821875922,14.750636101321936,29310.9276227377,28298.878414038885,16.08341411391362,1210.2267998108337,1012.0492086988161,0.8691618633329173,0.5533537931571749,20315.646428440352,2439.2229432939525
aligarh,2023,3w,19759229.51445082,1.9197909577505385,1.7972680363306457,13.956020575571502,0.01048553206742949,0.01042021843358474,0.23845557553165753,0.23612379607364287,0.5080207727521378,0.493545746175189,0.0025037358494730223,0.002495056432324869,0.03761433029611123,0.037464434596845494,0.03283822692793965,0.032688825655842975,0.7620929733733739,0.7550429818891071,3288.4185212872835,3174.875838327035,16.08341411391362,1210.2267998108337,113.54268296024838,0.8691618633329173,0.5533537931571749,20315.646428440352,2439.2229432939525
aligarh,2023,hdv,631795229.0,34.66619112797464,32.735134020033726,12.79423344484544,0.4744128991683238,0.4744128991683238,0.1361613929159395,0.1361613929159395,138.0756591095756,129.99223340924743,6.969974471515677,6.8130733640423955,4.091112407355927,3.9717929015551086,2.946041127579326,2.8432755993669376,4.5500148586789,4.282525010097519,23622.621950097015,21919.390780124013,15.310958019126417,1210.2267998108337,1703.2311699730017,0.8691618633329173,0.5533537931571749,20315.646428440352,2439.2229432939525
aligarh,2023,lmv,79908648.77167629,2.670894726195237,2.345456333290635,13.956020575571502,0.049353288470042306,0.04875336719691737,0.16663014740684348,0.16336535308279554,2.0085958276953306,1.8941217827502506,21.163024315096603,20.722129147716746,5.254965013195282,5.174336945260118,2.3545684060630774,2.3204904939386006,1.1421183679680542,1.1217053909269823,25582.75896886142,23403.283798200686,16.08341411391362,1210.2267998108337,2179.475170660735,0.8691618633329173,0.5533537931571749,20315.646428440352,2439.2229432939525
allahabad,2021,2w,780221507.6713474,73.59563276097327,69.54366892304917,13.562131282797326,0.4128451726411437,0.4106641313390094,0.5732817985630296,0.5685665571371675,9.958727770709455,9.722840922083575,0.03268927936696848,0.03261791046629014,0.9847403189221732,0.9820769809008183,0.881354386557645,0.878521894277739,19.459738534735855,19.304232825285204,34682.89618804118,33754.40356953972,15.532990607887996,1940.5682986217616,928.4926185014629,0.8758529010608084,0.53458564283894,28415.24073564762,4011.0074348333264
allahabad,2021,3w,29855172.668528825,2.9868115180878463,2.8223662676299304,13.562131282797326,0.015797518773042887,0.015714061236904525,0.3400176965014145,0.337221051758657,0.7505937552409151,0.7328148582172618,0.003046200154174611,0.003039549534752594,0.04737050573842841,0.04724238701859978,0.04239717032376087,0.04226091451172486,1.1653199263806642,1.1560076788617502,4552.187317431319,4430.321130151133,15.532990607887996,1940.5682986217616,121.86618728018584,0.8758529010608084,0.53458564283894,28415.24073564762,4011.0074348333264
allahabad,2021,hdv,988458513.0,56.91436296754444,54.49630027714129,13.31898505290663,0.7949818517323666,0.7949818517323666,0.2281679871363823,0.2281679871363823,226.45125128872525,216.32898970921866,11.581300208875332,11.381787955231205,6.782297297704541,6.632280063258816,4.873860535709344,4.744889212182408,7.461442764649091,7.1263370535076405,38607.85334040604,36526.71562362074,15.176109293530088,1940.5682986217616,2081.137716785306,0.8758529010608084,0.53458564283894,28415.24073564762,4011.0074348333264
allahabad,2021,lmv,132995538.66012377,4.648754205510316,4.139423042725978,13.562131282797326,0.0819802965071125,0.08109266777051924,0.26213315484831184,0.25757224999052764,3.2866232206073414,3.121326316475802,28.433379296572742,27.911522540924636,7.301846845836902,7.204721122541418,3.353436598862458,3.3115953815624772,1.9266481809653995,1.8956579178331756,39465.95034562314,36522.539562573984,15.532990607887996,1940.5682986217616,2943.4107830491557,0.8758529010608084,0.53458564283894,28415.24073564762,4011.0074348333264
allahabad,2022,2w,951629351.9911582,82.9373533656008,77.72820068649126,13.236785269616519,0.46330898790660674,0.46066323416456184,0.6362524922109386,0.6305823985392887,11.090699889039774,10.803156152221748,0.03420953442580672,0.034092897507016155,1.0413557700446674,1.0377978583933287,0.9390952056817764,0.9355309289035603,21.963704595971844,21.770286861975872,37565.28118373927,36390.22456981785,15.27237904443973,1940.5682986217616,1175.0566139214206,0.8758529010608084,0.5731835347602684,31466.034001809207,4114.520454712412
allahabad,2022,3w,37238699.91305441,3.4421592452024856,3.225963136616443,13.236785269616519,0.018129983413789647,0.01802645105695586,0.3859116382238726,0.38247250806014516,0.8548404254628965,0.8326773507444445,0.0032600575359867223,0.003248942416402089,0.05122835864796054,0.05105333107395025,0.04619776198021431,0.04602242128074594,1.3450510818502388,1.333206234309901,5042.157699012058,4884.437044036007,15.27237904443973,1940.5682986217616,157.72065497605126,0.8758529010608084,0.5731835347602684,31466.034001809207,4114.520454712412
allahabad,2022,hdv,1108246320.0,57.94506510524904,55.3366134070024,12.240330138473562,0.7935979833221527,0.7935979833221527,0.22777080263596622,0.22777080263596622,230.78643488056758,219.8676104140306,11.6546220054731,11.44514147725256,6.840635397892623,6.679949832370542,4.925659963789208,4.787078875336701,7.605037129383514,7.24384073781989,39502.7882002282,37154.63470282928,14.182598725017236,1940.5682986217616,2348.1534973989183,0.8758529010608084,0.5731835347602684,31466.034001809207,4114.520454712412
allahabad,2022,lmv,176188189.09578744,5.731181894029982,5.05156712819607,13.236785269616519,0.10000771714465016,0.09887595593767384,0.31641120444950005,0.3106558417558348,3.990517763422204,3.7792272208793616,32.39755162151226,31.76059124498128,8.400087984059113,8.281798312326565,3.8862877836699163,3.8352852814157132,2.3646108978695946,2.3243047742525342,46731.3385102414,42981.22289421266,15.27237904443973,1940.5682986217616,3750.115616028743,0.8758529010608084,0.5731835347602684,31466.034001809207,4114.520454712412
allahabad,2023,2w,1045989302.6652926,82.33122435292186,76.82020849002994,11.916523934639491,0.4474432986244151,0.4446768798694254,0.6359899490306169,0.6299036037263712,10.857858965890866,10.555827261265488,0.03371845217718752,0.033589095034011265,1.0242597957870294,1.0203798379270144,0.9218714107612899,0.9180148410964839,21.246048885392206,21.04267800540469,37243.98927931819,35997.107197446174,14.021387590084249,1940.5682986217616,1246.8820818720196,0.8758529010608084,0.5642486263152844,33423.57979792649,4013.0429999995567
allahabad,2023,3w,36104683.28359427,3.0140813863341642,2.8123274289178184,11.916523934639491,0.015444516060572561,0.015349026868929597,0.34026575812318305,0.3370094568210866,0.7382099756244851,0.7176752810765319,0.002834362195490498,0.0028234884758307475,0.044445833488307177,0.04427746999137292,0.04000288148461755,0.03983553287456466,1.1476804287638172,1.136694631828057,4409.563375108775,4261.936719970747,14.021387590084249,1940.5682986217616,147.62665513802858,0.8758529010608084,0.5642486263152844,33423.57979792649,4013.0429999995567
allahabad,2023,hdv,958388256.0,57.766874911050216,55.2884083740061,13.535347371022295,0.8173254375311064,0.8173254375311064,0.2345808266068661,0.2345808266068661,229.68849423818844,219.31333552948794,11.847001738552569,11.64196091025658,6.926935323487879,6.773062119744345,4.9711708248173325,4.838926055238709,7.567709071033171,7.224204408771842,39007.00639860154,36866.88425824197,15.523358941728219,1940.5682986217616,2140.12214035957,0.8758529010608084,0.5642486263152844,33423.57979792649,4013.0429999995567
allahabad,2023,lmv,187325748.0511129,5.705819338239963,4.981689173354254,11.916523934639491,0.0937260286095172,0.09258369224042981,0.3075790868055065,0.30158529676892165,3.84043262652942,3.6229790863518803,31.173327592096378,30.518829755972977,8.040382140451303,7.919016842309454,3.709808764339463,3.6575602791565425,2.2233420719500696,2.182173835142971,46219.88224005165,42214.60544316584,14.021387590084249,1940.5682986217616,4005.2767968858097,0.8758529010608084,0.5642486263152844,33423.57979792649,4013.0429999995567
alwar,2021,2w,453595389.32283705,27.755074584651425,26.76220821545092,15.425049689425286,0.16107888963338235,0.16048000677331706,0.2777857007307657,0.27629080232108694,3.9176116871142863,3.8537745447097915,0.012932751132353426,0.012925556290515939,0.3887827612800625,0.3882376438848168,0.347592667419234,0.3469317516153977,7.675313630177775,7.633814949562379,13883.271910636562,13679.365466851885,16.94983100096365,1159.377358703478,203.90644378467732,0.8687093604256483,0.4883777309104827,10001.332005871669,1466.5675681638465
alwar,2021,3w,4723255.400489102,0.30652740006986484,0.29556217114066075,15.425049689425286,0.001677302620958005,0.0016710664978190845,0.044834711841464266,0.04459343470137427,0.08035142843382143,0.07904210888175711,0.00032795566605773316,0.00032777321538479865,0.005089374746277048,0.0050822388673713425,0.004550174338311757,0.0045415225961656135,0.12507641702668146,0.12440015719772797,495.8698775761892,488.58693563229195,16.94983100096365,1159.377358703478,7.282941943897242,0.8687093604256483,0.4883777309104827,10001.332005871669,1466.5675681638465
alwar,2021,hdv,550534078.0,20.691534091593763,20.126508808090847,13.830713965966574,0.2910165845973946,0.2910165845973946,0.08352475995042746,0.08352475995042746,82.29783955532915,79.93252373207751,4.225764701717413,4.1783175153543475,2.4735142329467243,2.4382951017301626,1.7763483728779423,1.7461332785131811,2.7114781391740697,2.6331320476539277,14038.863921900444,13562.316038705396,15.11135087267781,1159.377358703478,476.5478831950477,0.8687093604256483,0.4883777309104827,10001.332005871669,1466.5675681638465
alwar,2021,lmv,74431990.2766738,1.5964994694453896,1.4704287584431333,15.425049689425286,0.03064164752750417,0.030395149173287648,0.1212817611182393,0.11975620378919845,1.2142542436706105,1.168849831633715,10.676081500624338,10.53223461991973,2.7495219052889404,2.722566490535662,1.2628647658284584,1.2512074300782294,0.7262509398023531,0.7178213529775521,14518.91982370383,13766.205737729211,16.94983100096365,1159.377358703478,752.7140859746196,0.8687093604256483,0.4883777309104827,10001.332005871669,1466.5675681638465
alwar,2022,2w,527026434.2777778,30.970671298524014,29.695294754443083,15.341611634943613,0.18206169544494635,0.18124922945511765,0.3162014742881285,0.31413665219504894,4.44170818799452,4.354659242753062,0.015378550127031416,0.015362054051191829,0.458853426539536,0.4579509477727981,0.4079182999151746,0.4068849345833902,8.634843246157867,8.579908306180247,15928.203055609796,15644.953688034582,17.15852736083831,1159.377358703478,283.2493675752139,0.8687093604256483,0.5299694347960299,10763.136099603276,1619.9286127380758
alwar,2022,3w,5464342.722222164,0.34057303136479067,0.3265481866475922,15.341611634943613,0.001887661482982977,0.0018792376311041672,0.050816075328034414,0.05048424210285055,0.09070995909437149,0.08893221820553877,0.00038830442874747574,0.00038788790708239315,0.0059808669724137255,0.005969103727034925,0.005316959504487024,0.005303490234724964,0.14010914801044994,0.13921777251967948,566.4680427638393,556.3946079699556,17.15852736083831,1159.377358703478,10.073434793883735,0.8687093604256483,0.5299694347960299,10763.136099603276,1619.9286127380758
alwar,2022,hdv,545082373.0,23.637387874231123,22.888375254788137,14.148694445667658,0.3345780076591602,0.3345780076591602,0.09602733745598992,0.09602733745598992,93.98312660577936,90.84751791398492,4.847790137411637,4.783775078393182,2.8347677762066827,2.787857701581398,2.0343570165595515,1.994196968412915,3.096470738580696,2.992555766826174,15969.575957217881,15358.535634423622,15.68392241402536,1159.377358703478,611.0403227942588,0.8687093604256483,0.5299694347960299,10763.136099603276,1619.9286127380758
alwar,2022,lmv,81399863.99999999,1.6747920681137731,1.5237062688841008,15.341611634943613,0.032598690946749484,0.032290001330968765,0.12994569683129964,0.12801601179243013,1.2957158638324096,1.2389554427237586,11.950741414662089,11.758824617482837,3.054621697324713,3.0188467020793994,1.3950404044163052,1.3796495264074176,0.76902078342303,0.7586361629579306,15671.031345492576,14728.661603430537,17.15852736083831,1159.377358703478,942.3697420620392,0.8687093604256483,0.5299694347960299,10763.136099603276,1619.9286127380758
alwar,2023,2w,501920798.44924134,30.230065306914277,29.3519160949367,14.792483870047596,0.17538448895702693,0.17474510451291544,0.3070313370576318,0.3053865425971057,4.309570486664678,4.242412486103744,0.015554187290027359,0.015537694107307803,0.46091208689248936,0.4601005236477358,0.40747207522297785,0.40656766085997326,8.29301769358321,8.251801590166274,15796.075460802944,15593.867529694002,16.342775370587702,1159.377358703478,202.20793110894192,0.8687093604256483,0.5052587345969615,11374.02679767212,1660.7219353704884
alwar,2023,3w,5137911.456063491,0.32820456188982355,0.3186705905118301,14.792483870047596,0.0017953230426239804,0.0017887779847774452,0.04871534980847308,0.04845437730229361,0.08689300738442864,0.08553891405732746,0.0003877485363760446,0.0003873373797311845,0.005931358205585307,0.0059209144084968555,0.005243652543840604,0.005232013869772793,0.13285274066650576,0.13219246566157353,554.6304666514933,547.5305588630125,16.342775370587702,1159.377358703478,7.0999077884807775,0.8687093604256483,0.5052587345969615,11374.02679767212,1660.7219353704884
alwar,2023,hdv,547275207.0,23.01818475654169,22.300818891977855,13.328031379116862,0.32223819018646765,0.32223819018646765,0.09248568262671401,0.09248568262671401,91.57408004906128,88.57100735226014,4.688056410490661,4.627454198377339,2.745532617072111,2.7007456047371865,1.9726295079119456,1.9342334955556728,3.0171806162709687,2.917692485582745,15637.75627227206,15039.37016932892,14.894498192927616,1159.377358703478,598.3861029431391,0.8687093604256483,0.5052587345969615,11374.02679767212,1660.7219353704884
alwar,2023,lmv,72934720.09469502,1.5645430680810102,1.4547557301138458,14.792483870047596,0.02958630015555045,0.02935762284159758,0.11898985432893207,0.11754583767553467,1.191510217947316,1.1494173532932832,11.417623253259583,11.266749548662593,2.8943586613414354,2.8663614863215408,1.3140767598232617,1.3020885184489617,0.696349227767188,0.6888038448568179,14828.00807910033,14116.864585626903,16.342775370587702,1159.377358703478,711.1434934734261,0.8687093604256483,0.5052587345969615,11374.02679767212,1660.7219353704884
amravati,2021,2w,619380308.509804,46.69655889745675,45.4779356374997,13.378609211614702,0.2569955374864447,0.2563083443391697,0.3725075483789343,0.37097691036665315,6.283867550970448,6.210221482213362,0.021583675666561494,0.021571166506504282,0.645174258176458,0.6444542144019886,0.5737574494476065,0.5729211544019543,12.097128809874848,12.048924414971724,22553.01541682579,22291.25857164147,14.529437009840043,1966.256024536678,261.7568451843217,0.8785187458046024,0.480213635037708,20313.958475905532,2707.543290689497
amravati,2021,3w,20386545.163398616,1.6301411943057864,1.587599987345386,13.378609211614702,0.008458859701827895,0.008436241136238351,0.19004349790128097,0.18926260687466834,0.4073921711680409,0.40261759060828567,0.0017300675711183992,0.001729064883138315,0.026696105066034433,0.02666631100030448,0.02374101098851335,0.023706406662438662,0.6231248158802125,0.620641800681258,2546.2084527348884,2516.6564181421077,14.529437009840043,1966.256024536678,29.55203459278073,0.8785187458046024,0.480213635037708,20313.958475905532,2707.543290689497
amravati,2021,hdv,749154376.0,32.17177834043536,31.35509395269107,12.187192544556527,0.43777090203833113,0.43777090203833113,0.12564476198708388,0.12564476198708388,128.17612764437695,124.75742540831149,6.427128136666643,6.3600605906534735,3.7825804214139214,3.731976128866264,2.7264021070985383,2.682872944188926,4.22295450100521,4.109791021405485,22307.507510489853,21572.57723735595,13.421838719180693,1966.256024536678,734.9302731339048,0.8785187458046024,0.480213635037708,20313.958475905532,2707.543290689497
amravati,2021,lmv,97484752.32679737,2.8067133369669977,2.648653685018877,13.378609211614702,0.04722391163404124,0.04695490635072968,0.1578512982466503,0.15641391396675808,1.9377029935410879,1.886892489553864,17.438696641943626,17.275702413975612,4.434810721585008,4.404365246803379,2.0227712082593046,2.0096550294625053,1.1097406220746697,1.1003791668504197,24274.35718303831,23345.6379992204,14.529437009840043,1966.256024536678,928.7191838179133,0.8785187458046024,0.480213635037708,20313.958475905532,2707.543290689497
amravati,2022,2w,697585882.122901,59.254067674029976,57.48085126516572,15.418419666811081,0.346783433836571,0.34564637075195603,0.5068581574452113,0.5042666807915299,8.417911963591314,8.294899242548578,0.03258406112769857,0.032546631060735666,0.9561154273767756,0.9544744655255815,0.8390074615898886,0.8372368407371028,16.143324226514903,16.068016410052817,31002.21406691593,30552.322204626747,16.71503561386747,1966.256024536678,449.89186228918334,0.8785187458046024,0.529264116795002,22606.56753620002,2952.031170084743
amravati,2022,3w,22726705.080416683,2.047439450885601,1.9861684972957325,15.418419666811081,0.011297884646967985,0.011260840179692883,0.25595105984009076,0.254642427067159,0.5401850863182022,0.5322912478435176,0.0025852076067015128,0.002582237918747252,0.03915919464944556,0.03909198650417011,0.03436285573895314,0.034290337207571596,0.8230728298550649,0.819233235435977,3464.452437653549,3414.1776748374446,16.71503561386747,1966.256024536678,50.27476281610461,0.8785187458046024,0.529264116795002,22606.56753620002,2952.031170084743
amravati,2022,hdv,836090019.0,43.25271347384709,41.84557638408714,14.907905148124295,0.6213185583260898,0.6213185583260898,0.17832483158554993,0.17832483158554993,171.83898606953136,165.94814835997417,8.94341140222005,8.821698481452513,5.22316681142072,5.134749964712446,3.7430072613004923,3.6674226361637676,5.66087353393281,5.4655786833531215,29194.084420763473,28057.593430859335,16.43174505265548,1966.256024536678,1136.4909899041377,0.8785187458046024,0.529264116795002,22606.56753620002,2952.031170084743
amravati,2022,lmv,96691799.79668216,2.9616743192244734,2.7714747604156873,15.418419666811081,0.05583985988912289,0.05546164182826208,0.18759232247380145,0.18554695466874754,2.2294777200017784,2.1595000420193076,22.857445264177876,22.5945932582992,5.734067001452031,5.685512422719071,2.5837093165633482,2.5630306205891653,1.2944619316597368,1.2819134457055867,28019.567322696363,26778.994240372034,16.71503561386747,1966.256024536678,1240.5730823243284,0.8785187458046024,0.529264116795002,22606.56753620002,2952.031170084743
amravati,2023,2w,735868802.2652853,63.69375187195147,61.91496483833923,16.61176870153764,0.38039719753764156,0.37916215177152296,0.5617070411868804,0.5588597778665702,9.170908642261852,9.038173334043579,0.03655536533343385,0.03651321306233574,1.068791930820307,1.0669401368004252,0.9352465605639992,0.9332523539918262,17.67524683811702,17.595732015403033,34037.60394750091,33561.54881838641,17.923942937430223,1966.256024536678,476.05512911450205,0.8785187458046024,0.5228809748987125,24121.79880731439,2980.5349188135087
amravati,2023,3w,22976642.82704137,2.1092940048297604,2.0503873661784504,16.61176870153764,0.011877457657294433,0.01183889479750774,0.27184900527832484,0.27047101703064985,0.5640244958834855,0.5558610773800289,0.002779641137582492,0.002776435912146551,0.041953092589818906,0.041880404460602066,0.03671106079509488,0.03663278257222187,0.8636905589464732,0.8598051138206794,3645.4257916364168,3594.440309562195,17.923942937430223,1966.256024536678,50.985482074221636,0.8785187458046024,0.5228809748987125,24121.79880731439,2980.5349188135087
amravati,2023,hdv,836995045.0,42.56375824709935,41.50923858233182,14.682947665667495,0.6079575161742234,0.6079575161742234,0.17449007474526168,0.17449007474526168,169.1529268922741,164.73824072944925,8.766663316968343,8.674832598226232,5.1249467028096785,5.05856330157694,3.6749688378716026,3.618266447153731,5.572340333134527,5.425953143905552,28845.514891315608,27990.44290563979,15.929549098301695,1966.256024536678,855.0719856758187,0.8785187458046024,0.5228809748987125,24121.79880731439,2980.5349188135087
amravati,2023,lmv,99301352.90767331,3.018448963051474,2.831301963489495,16.61176870153764,0.05948091653205917,0.05908077221986147,0.20154112001558303,0.19935582220965659,2.3356785658814334,2.262824847481734,24.777939903218147,24.49146682574763,6.209728552685395,6.156906097277661,2.791912351906176,2.76946372630489,1.3747566250863885,1.3617634319459209,29290.32281107383,28023.700431331425,17.923942937430223,1966.256024536678,1266.6223797424063,0.8785187458046024,0.5228809748987125,24121.79880731439,2980.5349188135087
amritsar,2021,2w,980594139.0871706,101.98932583524457,97.48699622925223,14.103863356306212,0.5352392257267933,0.5330283388033393,0.7729382977965847,0.768353893507228,12.19057338318039,11.97670476690229,0.025157800336624604,0.02510226010293198,0.8063283845531749,0.8046869266079034,0.7578298354108284,0.7561416313530724,27.023822933239853,26.851208503085708,35275.26104577741,34762.55811909128,15.774154753558799,3381.646737015586,512.7029266861355,0.8971636368656567,0.5335020117491599,39351.52720414826,6414.802228183382
amritsar,2021,3w,22768589.941818483,2.5116300353573537,2.400753861062835,14.103863356306212,0.012427814898724819,0.012376479921529553,0.278178375737818,0.2765284611940902,0.5575327615159381,0.5477515349495458,0.0014225610983255056,0.001419420546497213,0.02353658353032313,0.023488669662002838,0.022120919422676872,0.022071641043566317,0.9819743227691409,0.9757019704609742,2809.4426938167294,2768.6092754727074,15.774154753558799,3381.646737015586,40.83341834402199,0.8971636368656567,0.5335020117491599,39351.52720414826,6414.802228183382
amritsar,2021,hdv,1548331753.0,92.9074904124017,89.19521970486747,14.600126936040716,1.3507199305221806,1.3507199305221806,0.3876705450076032,0.3876705450076032,368.8734282255414,353.33249401258985,19.3483391789736,19.028767913013727,11.28499477756828,11.052040311214798,8.0771318307463,7.877871626557017,12.150911333191535,11.635768130874382,62560.785178599675,59559.690997162645,16.260663000273773,3381.646737015586,3001.094181437031,0.8971636368656567,0.5335020117491599,39351.52720414826,6414.802228183382
amritsar,2021,lmv,319566226.9710108,12.055317613544174,10.958320231982796,14.103863356306212,0.20282722233011313,0.20101195425593532,0.6736198078724597,0.6642371558789628,7.618753656524428,7.307692178701742,41.61612814161772,40.93323300082186,11.39129940608016,11.26233241794827,5.496008103761326,5.439176020653057,5.101159646743874,5.033057395026243,75328.34237185877,71104.42245737938,15.774154753558799,3381.646737015586,4223.9199144793965,0.8971636368656567,0.5335020117491599,39351.52720414826,6414.802228183382
amritsar,2022,2w,1196923654.3744597,116.35871614351694,110.1016655072057,14.638478959029447,0.6287022638124584,0.6254651878740352,0.9164517912860111,0.9095542158827024,14.332006992053742,14.0114444506169,0.031063510485272713,0.030949730013304668,0.9914670543844505,0.9883968520281313,0.9282081338685494,0.925195197217684,31.47094473220126,31.22565229782962,42237.34311124908,41380.291481606735,16.55780860912282,3381.646737015586,857.0516296423448,0.8971636368656567,0.5655335310562992,43671.15587116983,6836.20636555959
amritsar,2022,3w,27397509.711879894,2.8248647863704437,2.672961064888576,14.638478959029447,0.014390956612587652,0.014316860141073442,0.32515165005485075,0.3227044312866747,0.6461763633701711,0.6317234024294458,0.0017315960768026686,0.0017252535283978443,0.02853038021259467,0.0284420323041412,0.026710046348573876,0.026623346313685643,1.1273555900875845,1.1185686979415688,3316.2276074697193,3248.93695739827,16.55780860912282,3381.646737015586,67.29065007144936,0.8971636368656567,0.5655335310562992,43671.15587116983,6836.20636555959
amritsar,2022,hdv,1609005684.0,102.44576428077126,96.92395877671784,14.82427380030414,1.4953084849378484,1.4953084849378484,0.42916895072855354,0.42916895072855354,406.656497801068,383.53987178975467,21.396759962245625,20.9172057213461,12.46991101472554,12.122565244008213,8.921071949606185,8.62428342847565,13.395756571801288,12.62929266808151,68693.51394983572,64319.213291530425,16.799614111258865,3381.646737015586,4374.300658305292,0.8971636368656567,0.5655335310562992,43671.15587116983,6836.20636555959
amritsar,2022,lmv,364168668.9136605,12.63587450624867,11.283997971435516,14.638478959029447,0.22209570685826152,0.2197267634924872,0.7438201546257192,0.7314098487458167,8.301093353137263,7.894717375280418,47.76597270500808,46.81096048715373,13.039756220332784,12.860228486079,6.269112158690279,6.1903310640042335,5.534065496512513,5.447109161153428,83076.5381927023,77492.83799061133,16.55780860912282,3381.646737015586,5583.700202090971,0.8971636368656567,0.5655335310562992,43671.15587116983,6836.20636555959
amritsar,2023,2w,1184812774.076852,122.36850148090515,116.1211732441001,15.663919842502146,0.6739853206181572,0.6704821498547181,1.018018996392605,1.0104011294509203,15.328479854710842,14.983888340754717,0.03382152670387124,0.03370238441519645,1.0786308866714582,1.0753605069048353,1.0086405362428812,1.0053966034397828,33.7082881931284,33.45026822877802,45632.792729917426,44785.39655337244,17.637510859543365,3381.646737015586,847.3961765449858,0.8971636368656567,0.5413938488036862,45744.34196546955,6763.901806407547
amritsar,2023,3w,21117375.93547718,2.3132041867845894,2.195107244689976,15.663919842502146,0.01201270082657257,0.011950262460278492,0.28124046268151004,0.2791359317926785,0.5381318879590612,0.5260344273016763,0.0014680297305151226,0.0014628583370571158,0.024168389297433774,0.024095111392705773,0.02260014750394906,0.02252746218424536,0.9402285286273785,0.9330315529148272,2789.78266336298,2737.9766918039486,17.637510859543365,3381.646737015586,51.805971559031605,0.8971636368656567,0.5413938488036862,45744.34196546955,6763.901806407547
amritsar,2023,hdv,1452931823.0,99.3858229219093,94.5482155573457,14.237051187215544,1.4287244742990002,1.4287244742990002,0.4100586532421047,0.4100586532421047,394.8353452825267,374.58361227883006,20.56650104276819,20.1537733669381,12.007536964711747,11.704705397649462,8.603797957926645,8.344487050065673,13.007319755331718,12.33620679527818,66962.66461141259,62996.78211963043,16.3072833011282,3381.646737015586,3965.882491782162,0.8971636368656567,0.5413938488036862,45744.34196546955,6763.901806407547
amritsar,2023,lmv,351156364.98767066,12.667959731973344,11.338493462227957,15.663919842502146,0.23142818590912134,0.22890839465793844,0.8019723431441595,0.7883873825743979,8.557957001363516,8.131499740365426,50.335241073217595,49.30009115396567,13.7609596064039,13.566418183634026,6.611712051362696,6.526375242769042,5.756172559691847,5.665714455122844,85818.02591039441,80154.0488813918,17.637510859543365,3381.646737015586,5663.977029002606,0.8971636368656567,0.5413938488036862,45744.34196546955,6763.901806407547
aurangabad,2021,2w,1003693853.3595961,97.25641857419002,93.17189341121812,12.530812625566906,0.5198204224280346,0.5177048011792641,0.74087995678152,0.736271705631268,12.58817553602272,12.36371980309118,0.03705454373461508,0.036989042506395856,1.133380004414843,1.131063741978816,1.0260118878686788,1.0235576109939317,24.844906734501674,24.690069324668492,42599.268526873086,41799.65958341436,14.127005624590346,2549.649459055544,799.6089434587266,0.9149909584277266,0.543205528936805,40347.600014974436,5377.7245752245135
aurangabad,2021,3w,33573603.322957546,3.4503970007724596,3.30548899800504,12.530812625566906,0.017388015880892716,0.01731724825752818,0.3841282381899927,0.3817389720487233,0.8293901960682024,0.8146016046784496,0.0030184888788368724,0.0030131531032746113,0.04766031065922106,0.04756290838739759,0.04314532206796951,0.043042116084240696,1.3005904592468895,1.2924849726731003,4887.670622973798,4795.926673418779,14.127005624590346,2549.649459055544,91.74394955501975,0.9149909584277266,0.543205528936805,40347.600014974436,5377.7245752245135
aurangabad,2021,hdv,1091134262.0,70.74055810806067,68.70252878243102,13.033155731741786,0.9912530779796405,0.9912530779796405,0.2844998524840536,0.2844998524840536,281.4150564098644,272.8834452517076,14.40501859343428,14.234045210151164,8.439406350484395,8.312405300368125,6.06353054750027,5.9545614765569415,9.271493365978424,8.988909924070773,48241.45541826592,46493.475341113386,14.491183543453474,2549.649459055544,1747.9800771525333,0.9149909584277266,0.543205528936805,40347.600014974436,5377.7245752245135
aurangabad,2021,lmv,192530495.3174465,7.211771263899244,6.603001255341364,12.530812625566906,0.1165919174582269,0.11561268725333822,0.3835869310464744,0.3784599842487741,4.763533129096339,4.580362788849971,36.653583284482615,36.13127029905917,9.522995840778838,9.425386743708716,4.419837007301067,4.377531214087569,2.7837807919586854,2.7486344951206796,56532.67748240682,53329.873087489235,14.127005624590346,2549.649459055544,3202.8043949175844,0.9149909584277266,0.543205528936805,40347.600014974436,5377.7245752245135
aurangabad,2022,2w,1192576910.2540665,113.55400390044035,108.3410632158075,13.185621250489781,0.6256191826357594,0.6227366117144346,0.8941338369613744,0.8877423847128169,15.101243002760153,14.790924946416611,0.04690969612042673,0.04675215826959414,1.4258596823218737,1.4214137395069908,1.283966062087837,1.2796571399020829,29.713436273360728,29.509533358032417,51725.60727361527,50555.33434537977,14.761156455815257,2549.649459055544,1170.2729282354994,0.9149909584277266,0.6015034532307719,44901.18190130075,5863.326590117327
aurangabad,2022,3w,39991766.766072825,4.038692154785437,3.8532873084283876,13.185621250489781,0.020979457359291166,0.02088279348547213,0.46474895593595333,0.4614268349774998,0.9974618798382171,0.9769648630183699,0.003830877225594658,0.0038180119074443437,0.060109846024923246,0.059922418789725054,0.05412804867842848,0.053946397810302894,1.559349899510065,1.5486491516193854,5949.67018415838,5815.06107436834,14.761156455815257,2549.649459055544,134.60910979003984,0.9149909584277266,0.6015034532307719,44901.18190130075,5863.326590117327
aurangabad,2022,hdv,1079022056.0,82.81298036050534,79.91036218242746,13.775982809305267,1.165862353560268,1.165862353560268,0.3346145146713181,0.3346145146713181,329.36045764743943,317.2092453764885,16.917888901813193,16.67095752123273,9.903394157465124,9.72183323810845,7.111609177965801,6.956087133082908,10.851206692629908,10.448567843670773,56218.288916306796,53810.73850579047,15.454455124346278,2549.649459055544,2407.5504105163272,0.9149909584277266,0.6015034532307719,44901.18190130075,5863.326590117327
aurangabad,2022,lmv,214983777.97986057,7.790917958298203,7.107892543881561,13.185621250489781,0.1316764612313666,0.13049873269693404,0.433995634406039,0.42778785024713345,5.332181337977092,5.1131895566816565,43.42795455017241,42.736888727249,11.228235238118183,11.100573094184405,5.18548744394515,5.130657052712553,3.1218115206527823,3.0805468653037273,63655.17666590267,59845.79353904908,14.761156455815257,2549.649459055544,3809.383126853587,0.9149909584277266,0.6015034532307719,44901.18190130075,5863.326590117327
aurangabad,2023,2w,1375030349.3304663,122.1817066143956,116.47580561917212,13.543291297585967,0.6864832542318456,0.6830149387192139,1.00382040490248,0.9958441271442104,16.532521603050576,16.155220759107014,0.05300671010606142,0.052678455301289735,1.606217017903097,1.5984462543259568,1.4419424973667805,1.4350439767901788,32.529135241908996,32.294080764930534,57060.62346982866,55553.38586075334,14.867686125938352,2549.649459055544,1507.2376090753169,0.9149909584277266,0.6563856273549762,47910.7354223251,5919.940757858178
aurangabad,2023,3w,42004209.10603034,3.9585926993639835,3.7737259247143955,13.543291297585967,0.02097058161122272,0.020864632058829755,0.47530047195016356,0.47152377189067485,0.9947616718152937,0.9720594835278542,0.003943327050585913,0.003918907197919128,0.06168355323919697,0.061385132600219106,0.055374918714471255,0.055109994824040796,1.5551043948313312,1.5438672608757051,5978.884168396576,5820.953908772312,14.867686125938352,2549.649459055544,157.93025962426327,0.9149909584277266,0.6563856273549762,47910.7354223251,5919.940757858178
aurangabad,2023,hdv,982786812.0,69.2139476183665,67.1037341055263,12.336582455544846,0.9489864297689752,0.9489864297689752,0.27236888870895126,0.27236888870895126,275.65057664347324,266.8168540353592,13.896769490170136,13.720637407544181,8.168602544479732,8.037281952783877,5.882833378441633,5.770089918899483,9.081746663567268,8.789200483323505,47809.67859123654,45974.999140588974,13.908574491669683,2549.649459055544,1834.6794506475635,0.9149909584277266,0.6563856273549762,47910.7354223251,5919.940757858178
aurangabad,2023,lmv,237965994.56350288,7.999238743517322,7.339138729119231,13.543291297585967,0.13860836392634385,0.1373811725849756,0.4671935691913725,0.4605567520404931,5.586267657261093,5.359735071687142,47.00874737732583,46.20153489200987,12.125530558823852,11.97914031950383,5.583726147006311,5.521660854350175,3.277594269562811,3.235752789238998,67045.3231845724,63136.984056875226,14.867686125938352,2549.649459055544,3908.339127697167,0.9149909584277266,0.6563856273549762,47910.7354223251,5919.940757858178
bareilly,2021,2w,496280885.45400536,51.09621588471081,48.637603427733126,12.917223851272743,0.28623667364358535,0.2849629434971585,0.36574807577706037,0.363165399948218,6.890818508366678,6.752532873111532,0.023675712960672914,0.023647141129822313,0.7084839987027064,0.7070862971123959,0.6308699767322911,0.6292953899480526,13.361554733104425,13.269992168869406,24143.97035720102,23579.23494763979,14.641075095304986,1573.9702545557848,564.7354095612282,0.8743347141531682,0.5243766165472802,19587.85041171918,2764.9603381767024
bareilly,2021,3w,25620276.758094836,2.797686910655042,2.663069742433039,12.917223851272743,0.014776839108676058,0.014711083364654745,0.292664480129911,0.2905978732798645,0.7006909313561779,0.6866293956413044,0.002976533358882473,0.0029729412808828623,0.04598020959089661,0.04588949955060538,0.04094310359566347,0.04084091380663377,1.0794928400191706,1.0720954125131772,4275.314392223602,4175.313382092503,14.641075095304986,1573.9702545557848,100.00101013109906,0.8743347141531682,0.5243766165472802,19587.85041171918,2764.9603381767024
bareilly,2021,hdv,686500854.0,36.916003047371284,35.43383534695875,12.440623877680824,0.5121795484796244,0.5121795484796244,0.14700081061518294,0.14700081061518294,146.93273975943563,140.72829095430743,7.477604373613575,7.356110267770055,4.384133951228553,4.292338888925876,3.15288261623388,3.073904559035249,4.841304719579332,4.635940351554229,25174.24428937272,23879.750571374338,14.30909758670737,1573.9702545557848,1294.4937179983826,0.8743347141531682,0.5243766165472802,19587.85041171918,2764.9603381767024
bareilly,2021,lmv,81220457.78789973,3.1547169919821414,2.851024278726295,12.917223851272743,0.0546498019364451,0.054141880323308314,0.16095156711353867,0.15852519558692135,2.199698780077483,2.104210723010844,19.85086647682633,19.54746410829521,5.0571635720599915,5.000536582757978,2.309964568883998,2.2855700462088975,1.272920975419375,1.2551305641705737,26767.975013934847,25005.14358178389,14.641075095304986,1573.9702545557848,1762.831432150957,0.8743347141531682,0.5243766165472802,19587.85041171918,2764.9603381767024
bareilly,2022,2w,602680189.9799939,60.48552800928206,56.45487969007893,14.085445588522202,0.3502195692440641,0.3481341634428648,0.4459259145798725,0.44167731918481257,8.392527668167878,8.161128796264839,0.03037817606787021,0.0302955961319325,0.9017555181675351,0.8987722423015663,0.7985160110660267,0.7954201933987666,16.25699515339301,16.10801607826769,29689.856456793765,28640.020189781982,16.285048596415866,1573.9702545557848,1049.8362670117822,0.8743347141531682,0.549629873901155,21690.893728881183,2836.316325195077
bareilly,2022,3w,31553551.562291585,3.35866673715198,3.1348511421754814,14.085445588522202,0.018335879327032383,0.018226697109713075,0.36187263473259224,0.35842486379294713,0.8654730143521909,0.8416101821874277,0.0038732403471048796,0.0038627113430257445,0.059351920084139566,0.059155566252952894,0.05255688212588413,0.05235312099653095,1.3320119207130692,1.3198053658035462,5331.783785963402,5143.251382833885,16.285048596415866,1573.9702545557848,188.53240312951675,0.8743347141531682,0.549629873901155,21690.893728881183,2836.316325195077
bareilly,2022,hdv,717860270.0,38.39735222182632,36.426676694390856,11.811040051118121,0.519513511139271,0.519513511139271,0.14910573350636394,0.14910573350636394,153.0250346276615,144.77586845121112,7.664096407766334,7.505361884745376,4.506180594475456,4.384689079780551,3.2489221243418753,3.1441797499607005,5.042704922618022,4.769798162195728,26329.348859207836,24561.13071684403,13.905989314274427,1573.9702545557848,1768.2181423638067,0.8743347141531682,0.549629873901155,21690.893728881183,2836.316325195077
bareilly,2022,lmv,93704486.45771441,3.4213635086911327,2.9898394701968667,14.085445588522202,0.0633350763489418,0.06258157160002152,0.18550288731644154,0.18190792515558124,2.5064743157566416,2.36510614011629,23.993833398203908,23.51092637764575,6.081163022944878,5.991822364948435,2.764197592389272,2.725987299961784,1.464694494268259,1.4385830601279304,30354.950456134855,27715.269603388166,16.285048596415866,1573.9702545557848,2639.680852746689,0.8743347141531682,0.549629873901155,21690.893728881183,2836.316325195077
bareilly,2023,2w,669430668.6207356,60.69178732456062,56.69164497175343,13.600107627643238,0.34560579472947633,0.3434946752321919,0.45086616012346425,0.4464717787610238,8.36613321757253,8.131144616298883,0.03090929362345444,0.030806121744995054,0.913389707536541,0.9099855777929694,0.8060302209448722,0.8026055555646634,16.044520466168024,15.895045742458796,30060.252779814786,28991.12747823831,15.860462219806685,1573.9702545557848,1069.1253015764742,0.8743347141531682,0.5524038750469203,23040.31443536605,2766.363540998398
bareilly,2023,3w,32717465.892211195,3.1459954147212676,2.9386456223537065,13.600107627643238,0.01689098861351741,0.01678781066935614,0.3415492941425254,0.3382203730894933,0.8053751885945213,0.7827537475838986,0.00367887094840628,0.0036665912751474667,0.056119630014415056,0.055910476681337154,0.04952334956988095,0.049312934505561,1.227177256422635,1.2157445693733202,5039.294980481038,4860.067021048929,15.860462219806685,1573.9702545557848,179.22795943210895,0.8743347141531682,0.5524038750469203,23040.31443536605,2766.363540998398
bareilly,2023,hdv,578128742.0,37.77517931030742,36.460481709275875,12.390667059801876,0.5234068517095314,0.5234068517095314,0.15022316238756034,0.15022316238756034,150.36294969921076,144.85957411736499,7.648855754382058,7.5415303213754985,4.483976683992075,4.402641397240309,3.2249654681730022,3.154953009012841,4.954516886144132,4.772379242620893,25709.181032425193,24550.952462142996,13.971467021313902,1573.9702545557848,1158.2285702821973,0.8743347141531682,0.5524038750469203,23040.31443536605,2766.363540998398
bareilly,2023,lmv,99883044.48705296,3.3681532021451175,2.9484366602768226,13.600107627643238,0.06007978614161421,0.059359023965019006,0.1804985409247591,0.1769804323957043,2.419339102217408,2.2827572537464436,23.54023367471096,23.058747705538256,5.929600576229542,5.840969680978409,2.6849741765933723,2.647225748555847,1.3908241796943717,1.365857980360272,30027.014257627354,27419.314210325883,15.860462219806685,1573.9702545557848,2607.7000473014705,0.8743347141531682,0.5524038750469203,23040.31443536605,2766.363540998398
bengaluru,2021,2w,6001746162.522905,855.8647116213051,821.787767558169,14.572280650384293,4.3050833652685085,4.289414251633389,3.806950218277057,3.7828181529092517,90.33007478513244,88.9029919587266,0.16565600114194604,0.16514479661265893,5.392257137807127,5.379388014622838,5.135398679028462,5.123149335115159,215.80793836698746,214.56918153019356,238511.6091558187,235090.60868181704,15.984756398911292,17614.377664718126,3421.0004740016593,0.9417535041841666,0.6105744602520128,379710.1495387268,55170.05219379828
bengaluru,2021,3w,821514304.5881292,124.2500955062143,119.30297770019584,14.572280650384293,0.5892764324317561,0.587131656454417,8.076931552158467,8.025732290541603,24.353943439157096,23.96918681717986,0.05521996153043937,0.055049556025979426,0.9278819631195482,0.9256674865137966,0.8836826000542448,0.8815747730373334,46.22867278609389,45.96331607631293,111982.49207952555,110376.31383168313,15.984756398911292,17614.377664718126,1606.1782478424138,0.9417535041841666,0.6105744602520128,379710.1495387268,55170.05219379828
bengaluru,2021,hdv,11051086757.0,804.9335485876129,780.3064164588698,15.461492487639129,11.533182600392578,11.533182600392578,3.310142305102365,3.310142305102365,3198.3746464664578,3095.2791502810783,166.3183353313656,164.23557541032017,97.10965718523848,95.57166544441104,69.60209450210307,68.2837441220444,105.3718129980957,101.95627339774656,541891.3964198146,521572.1890511064,16.893698095735914,17614.377664718126,20319.207368708157,0.9417535041841666,0.6105744602520128,379710.1495387268,55170.05219379828
bengaluru,2021,lmv,2895078965.888962,148.47620811443937,136.58882300737784,14.572280650384293,2.4134865437592303,2.394835480380804,4.906663934641571,4.842332844166729,83.31547296812249,80.34817906331878,405.04960371242476,398.93963952091934,112.65343674880621,111.49952110379971,55.081992837944206,54.57233047672793,60.24644221423438,59.54415753393059,749303.7070522596,712088.830252633,15.984756398911292,17614.377664718126,37214.876799626625,0.9417535041841666,0.6105744602520128,379710.1495387268,55170.05219379828
bengaluru,2022,2w,11335335001.200352,1033.3205304881285,962.1241160728752,14.972974664822424,5.645844203966703,5.609004105284024,5.017320843518234,4.9610136788196435,118.5610490822884,115.0025065136107,0.24618765625794747,0.24399780788071668,7.954602949887894,7.904376160316692,7.511265807358138,7.466457489705099,275.5951871564235,272.90295678582504,324859.3621499173,313789.5323399241,16.739825406986025,17614.377664718126,11069.829809993214,0.9417535041841666,0.7515261384753074,432060.88936537894,68766.29711184504
bengaluru,2022,3w,1496076582.3340082,144.64673268484327,134.68048463286885,14.972974664822424,0.7451579772601626,0.7402956940612814,10.264151116694894,10.14896110484511,30.822007067339484,29.89690202609541,0.0791292699604213,0.07842541215516745,1.3198440061948185,1.3115102744443359,1.2462845999016747,1.2388499121046086,56.92428667949259,56.36820551202211,147067.92056603028,142056.46933248287,16.739825406986025,17614.377664718126,5011.451233547414,0.9417535041841666,0.7515261384753074,432060.88936537894,68766.29711184504
bengaluru,2022,hdv,10600253342.0,1040.4330240778934,998.9862074887691,15.261271337292326,15.079124807937568,15.079124807937568,4.3278642747730105,4.3278642747730105,4131.581249821547,3958.0690690107804,216.54206949786902,212.96707471938294,126.23851560413961,123.63621961395643,90.3698721250295,88.14450040088904,136.11240789198825,130.36056830959583,696704.4319267666,663813.4509615855,16.858490088047944,17614.377664718126,32890.98096518114,0.9417535041841666,0.7515261384753074,432060.88936537894,68766.29711184504
bengaluru,2022,lmv,4503307786.465642,145.0664208994733,127.61223189193632,14.972974664822424,2.6025565356009457,2.571527735970499,5.311540988000107,5.204474453327084,89.34150097564094,84.34559549461227,493.429184203234,481.1874154342357,136.44593014215633,134.1626366752154,66.173807613752,65.1764703980491,63.21349068882505,62.10684321643141,828282.2956867019,762613.3779699837,16.739825406986025,17614.377664718126,65668.91771671816,0.9417535041841666,0.7515261384753074,432060.88936537894,68766.29711184504
bengaluru,2023,2w,23619160252.197876,1107.5804494485296,1001.5881604608094,14.987379617805487,6.074038727697719,6.018399081923407,5.549775361078515,5.463282552622118,128.54166054117914,123.01746319963243,0.2721812018296852,0.26792822824698276,8.772971926104695,8.678704504770234,8.267617461003768,8.185846712238776,296.0337323044817,292.0299642099249,356894.30538861785,337445.61965252063,16.82783127246907,17614.377664718126,19448.68573609722,0.9417535041841666,0.8078089160669116,475931.122564813,70336.73401897216
bengaluru,2023,3w,2905747280.604795,144.5182762555151,130.68828954122407,14.987379617805487,0.7472586377686101,0.7404135701338503,10.582797593736284,10.417865533309634,31.148469341420025,29.809834918893642,0.0815460509831954,0.08027185130197625,1.3568278803864833,1.3422484805484258,1.2786697563776244,1.266023091979407,56.995568595552314,56.22472049896012,150603.8606135142,142396.8169272164,16.82783127246907,17614.377664718126,8207.04368629781,0.9417535041841666,0.8078089160669116,475931.122564813,70336.73401897216
bengaluru,2023,hdv,10347917648.0,1072.4864039889446,1023.4450423137712,15.83431553499772,15.736660217824193,15.736660217824193,4.516583716126035,4.516583716126035,4256.00103338462,4050.690995769496,224.87320286764617,220.58651810185106,130.91461298515608,127.824204368041,93.59910815856402,90.96059331624444,140.20172394760527,133.3930383354164,715777.8373381755,677696.3406953184,17.69124872895134,17614.377664718126,38081.49664285709,0.9417535041841666,0.8078089160669116,475931.122564813,70336.73401897216
bengaluru,2023,lmv,8963614429.197346,148.48129671463602,126.03589584910755,14.987379617805487,2.674496861913497,2.6340741262028944,5.611756765878156,5.46904145522391,92.50205966992749,85.90307960504178,521.0205568537804,503.75401170987186,143.73273914981905,140.53764223884565,69.57082587728242,68.18429639855925,64.85763730311812,63.427638140317804,868925.4584684087,778958.7098363187,16.82783127246907,17614.377664718126,89966.74863208993,0.9417535041841666,0.8078089160669116,475931.122564813,70336.73401897216
bhilainagar,2021,2w,495457786.92912096,41.52045687631967,40.5923637946804,16.12482952180917,0.23086351777875966,0.23036842572030192,0.3671636979217672,0.3660568056746487,5.435604591123291,5.385610660297189,0.013818344407177415,0.013816242458028406,0.43119436919439086,0.4309441710861205,0.39702996592217776,0.39669702083489233,11.316051020798787,11.279196381649303,17426.716890604188,17298.257155594525,17.120381379696536,1405.6052011952702,128.45973500966284,0.8810101948496274,0.5670414620202243,16091.040123509534,2176.817381178977
bhilainagar,2021,3w,7381595.592573597,0.6560845609363266,0.6414193190824341,16.12482952180917,0.003439528392285656,0.0034321522455118205,0.0847881234091109,0.08453251176509358,0.15951108289575544,0.1580439809550973,0.0005013615477329507,0.0005012852841482876,0.00807609284198074,0.008071406734518217,0.007436207647670895,0.007429971723391033,0.26384264339463903,0.26298334845184645,890.5581138428956,883.993431577549,17.120381379696536,1405.6052011952702,6.564682265346619,0.8810101948496274,0.5670414620202243,16091.040123509534,2176.817381178977
bhilainagar,2021,hdv,697354911.0,30.741996196650195,30.151920293979533,16.53163244631394,0.45173734821389705,0.45173734821389705,0.12965327602345253,0.12965327602345253,121.98448485889607,119.51416224708471,6.441558936725856,6.390124085101226,3.753274505408344,3.7161186341789225,2.683522749413878,2.6517892040060813,4.017911257701468,3.9359950833451487,20685.014268221028,20216.668646309634,17.467626682329787,1405.6052011952702,468.3456219113941,0.8810101948496274,0.5670414620202243,16091.040123509534,2176.817381178977
bhilainagar,2021,lmv,117532819.47830544,3.4396518972092336,3.2711663612693154,16.12482952180917,0.06342456974055108,0.06311683188006645,0.23136092902597155,0.22962030707990772,2.425172747924352,2.3708060640740443,16.437329983347997,16.301175213083706,4.39926462870223,4.373476151728887,2.0815450909713147,2.070211261737204,1.5459668006768423,1.5349693148184138,26191.77879088818,25393.37881538059,17.120381379696536,1405.6052011952702,798.3999755075893,0.8810101948496274,0.5670414620202243,16091.040123509534,2176.817381178977
bhilainagar,2022,2w,516630556.0649651,47.859536236876714,46.45508156188268,16.59118878410717,0.27692692152739695,0.27612073223644507,0.4420087113008756,0.44012720646023684,6.480251563329382,6.396418717700234,0.01732706856263976,0.0172981430127538,0.5385032900998742,0.537619507445534,0.4938214977492958,0.4929225655604957,13.476743152684515,13.419118461875621,20967.638572926793,20708.48818916167,17.705959940990073,1405.6052011952702,259.15038376512166,0.8810101948496274,0.650884034284126,17766.590476008445,2447.859708692145
bhilainagar,2022,3w,7830804.194895585,0.7693941259784014,0.7468159887437431,16.59118878410717,0.004197507238622505,0.004185287461051562,0.10384576805422366,0.10340372627930296,0.19347174919521956,0.19096886992805245,0.0006395916562149493,0.0006385239314413324,0.010261226382444817,0.01024438582816077,0.009409810996667614,0.009392681766705003,0.31968166612558324,0.3183147515113434,1090.1315199448948,1076.6579949809081,17.705959940990073,1405.6052011952702,13.47352496398662,0.8810101948496274,0.650884034284126,17766.590476008445,2447.859708692145
bhilainagar,2022,hdv,630741581.0,36.91574111838822,36.046603043811444,16.306894886422437,0.544623474030867,0.544623474030867,0.15631255172184882,0.15631255172184882,146.45030275841302,142.81164778039388,7.760658187310503,7.684185143709475,4.517220783408053,4.462350853844536,3.2280861646111485,3.1812772895101897,4.823989559523614,4.703296540631906,24677.2748583669,24001.836673443067,17.383515348336847,1405.6052011952702,675.4381849238343,0.8810101948496274,0.650884034284126,17766.590476008445,2447.859708692145
bhilainagar,2022,lmv,115639375.74013919,3.661536836834011,3.445159225606944,16.59118878410717,0.0716652966014999,0.07123802225371578,0.2620652544430009,0.259617777293518,2.7040961678595896,2.628893932614575,19.35349595282086,19.142925975233574,5.167592293436094,5.12822414460084,2.436119043753698,2.4189902099556635,1.7328621432697047,1.7179790751160915,29241.11299325265,28129.237085284767,17.705959940990073,1405.6052011952702,1111.875907967882,0.8810101948496274,0.650884034284126,17766.590476008445,2447.859708692145
bhilainagar,2023,2w,572034442.6782295,51.33351570477612,49.73160924898768,16.261735472417488,0.303281468844662,0.3023178163521966,0.4989341872467974,0.4965597028911296,7.181263918822676,7.0777091907695775,0.0214141266386033,0.02135671629130634,0.6558598458578029,0.6543272639056793,0.594375119793461,0.5929205094975711,14.576561902101043,14.509798946646578,24224.08111194555,23852.460165228058,17.30180216037324,1405.6052011952702,371.6209467174922,0.8810101948496274,0.6569891609554609,19052.128150654513,2554.835401154808
bhilainagar,2023,3w,7778787.802936771,0.7403632603056303,0.7172595887563655,16.261735472417488,0.004124161090126242,0.004111056899721968,0.1051634213786383,0.10466293673510242,0.19234905203680713,0.1895753545372995,0.0007091555925053498,0.0007072543770348145,0.011212060189061792,0.011185860382501888,0.010160966035798384,0.010136099170884864,0.3102068257353798,0.30878602948539047,1129.9003857718951,1112.5666157470769,17.30180216037324,1405.6052011952702,17.33377002481825,0.8810101948496274,0.6569891609554609,19052.128150654513,2554.835401154808
bhilainagar,2023,hdv,553814651.0,36.80971466560368,36.09062066124373,16.20347425010165,0.543478574991385,0.543478574991385,0.1559839538944346,0.1559839538944346,146.02320683665866,143.0127557385285,7.738627271630431,7.675935607647164,4.505289844529558,4.4600078251911865,3.219464111017042,3.180791112119985,4.809736873239857,4.709909452884941,24670.354851038173,24100.756401378396,17.09463019310189,1405.6052011952702,569.5984496597775,0.8810101948496274,0.6569891609554609,19052.128150654513,2554.835401154808
bhilainagar,2023,lmv,109857031.51883377,3.379776543101014,3.1791913073651057,16.261735472417488,0.06735693703114659,0.06694762994498116,0.25391749405568026,0.2514837761964399,2.5746491936879417,2.501289642351553,20.537730709149667,20.30339843790148,5.402699163307643,5.359440612767013,2.5168738064363403,2.4982703178911088,1.6087079283215169,1.5947390057130164,29062.419242477907,27911.37329464832,17.30180216037324,1405.6052011952702,1151.0459478295852,0.8810101948496274,0.6569891609554609,19052.128150654513,2554.835401154808
bhopal,2021,2w,1861187786.4996753,104.52139829412287,100.69774932810913,14.441829567463174,0.5278021209492492,0.526033791544422,0.5823976107209657,0.5792509545482566,11.331552432721704,11.165741445106732,0.020278320964012858,0.020210843607142003,0.6608579696844801,0.6592192666612912,0.6298431189659075,0.6283185363540525,27.075763589605923,26.9343613205871,30122.479699607873,29685.223810560536,15.631052999043101,6323.445181414094,437.2558890473374,0.9430231810481924,0.6179694782581702,45279.8438693806,5338.4086803967875
bhopal,2021,3w,133815533.85514905,7.970318063312519,7.678744290678645,14.441829567463174,0.0379478755969776,0.03782073638778272,0.6490342566603471,0.645527567051007,1.6047418050016256,1.5812601307002299,0.0035505836559912673,0.0035387688710847524,0.05973228121030426,0.05958416546639027,0.05692897419154819,0.056791173330429504,3.0465166305685227,3.030606299443775,7428.65443942873,7320.820591295033,15.631052999043101,6323.445181414094,107.83384813369685,0.9430231810481924,0.6179694782581702,45279.8438693806,5338.4086803967875
bhopal,2021,hdv,2646287086.0,70.86131882733693,68.52787387980578,12.795568691670608,0.9834838530526605,0.9834838530526605,0.2822700048349077,0.2822700048349077,282.0358827041267,272.2676737955232,14.34779707739055,14.15302595404325,8.41514451952486,8.269930689038372,6.052016573154461,5.9273457772626585,9.292397458492234,8.968903590797792,48432.93829277575,46434.19538236974,14.10655909905461,6323.445181414094,1998.7429104060066,0.9430231810481924,0.6179694782581702,45279.8438693806,5338.4086803967875
bhopal,2021,lmv,848114605.6451752,17.038356842675377,15.83999941305622,14.441829567463174,0.27917720822963066,0.27726349017769747,0.7076650574633506,0.6997290462138729,9.821191891675811,9.511333432354174,46.65518335672364,46.01684377601568,13.009341600028964,12.888996461608935,6.367753880209888,6.3146692828465225,7.12921397423932,7.056116407985513,88724.09561730473,84792.66926168621,15.631052999043101,6323.445181414094,3931.426355618518,0.9430231810481924,0.6179694782581702,45279.8438693806,5338.4086803967875
bhopal,2022,2w,5679294265.779186,111.4790808337657,105.26516526889007,15.66828049869079,0.5589149290318494,0.5561465761066601,0.6206667201508279,0.6156992622232275,12.277508728807195,12.006354705384801,0.023088410056641025,0.022962849028051638,0.7452367987663676,0.7422204953238593,0.7063834894453171,0.7036211425891036,28.343871575765142,28.12231199728235,33990.36657648646,33108.99339329758,17.29163011248007,6323.445181414094,881.3731831888872,0.9430231810481924,0.7488740855762743,48883.983298435494,5901.361618295339
bhopal,2022,3w,407085306.5278951,8.47497721100416,8.002576538074734,15.66828049869079,0.04006238179608236,0.03986394942994868,0.6895745312888393,0.6840555750424182,1.7334077091700608,1.6951246596561131,0.004030291903881176,0.004008374084692875,0.0671537050929804,0.06688190430136022,0.06365261164140741,0.06340369501993376,3.179484628242821,3.154631097837035,8356.992317008178,8140.294774080765,17.29163011248007,6323.445181414094,216.69754292741345,0.9430231810481924,0.7488740855762743,48883.983298435494,5901.361618295339
bhopal,2022,hdv,6942705232.0,74.87632203061138,71.95637457350675,12.881035120525604,1.004720024923286,1.004720024923286,0.28836500509138424,0.28836500509138424,298.5277229472878,286.3050272261497,14.860056068376391,14.625985842077704,8.750501980201506,8.570712544417377,6.3149885282197635,6.159898822344681,9.837283752302145,9.432975893104938,51701.64695818026,49043.56023679487,14.494216051265127,6323.445181414094,2658.0867213853926,0.9430231810481924,0.7488740855762743,48883.983298435494,5901.361618295339
bhopal,2022,lmv,2357720425.6929154,16.316845414287894,14.684349016023818,15.66828049869079,0.26897291202501855,0.2664107927713004,0.6855410148851802,0.674851474853079,9.629409211403226,9.20344099847411,48.203539925970325,47.288777561757264,13.330952309076004,13.159087273477892,6.491664236403647,6.416122459749828,6.785842774059099,6.688338271904883,90103.74286716411,84277.96165812128,17.29163011248007,6323.445181414094,5825.781209042834,0.9430231810481924,0.7488740855762743,48883.983298435494,5901.361618295339
bhopal,2023,2w,2601595038.434096,131.00078831635145,125.09584573879938,15.884669260301674,0.7174226600322644,0.7140475310411422,0.7849250624342541,0.7788653600902403,15.422779201339626,15.095102532803613,0.031293169969675384,0.031082630938830905,1.0109447463621,1.0061587388448126,0.9550389786054128,0.950790165418078,35.774782385472726,35.53260657047265,42842.442776085714,41899.83046159839,17.15857061897134,6323.445181414094,942.6123144873272,0.9430231810481924,0.6914789331199946,52081.275358969724,6016.967622950813
bhopal,2023,3w,194334145.5576982,10.378567950839342,9.910747500485005,15.884669260301674,0.05359009283974421,0.053337977195707806,0.908802083246339,0.9017860375399974,2.2691932205232206,2.220981308450915,0.005692596458564144,0.0056542969273074405,0.09493393251743856,0.09448449696093651,0.08968403690974337,0.0892850472064415,4.182085648865674,4.15377520410877,10977.077843924091,10735.561999301322,17.15857061897134,6323.445181414094,241.51584462276878,0.9430231810481924,0.6914789331199946,52081.275358969724,6016.967622950813
bhopal,2023,hdv,2466096661.0,83.0871988731009,80.54410560041114,13.534563701019794,1.1711025512768416,1.1711025512768416,0.3361185054386319,0.3361185054386319,330.4303810456201,319.78419434165204,16.982998480788343,16.76596025924952,9.941260180827202,9.782049907859847,7.13807658038453,7.001752129054706,10.886252359571234,10.533449787801986,56460.67110710339,54359.92980954147,14.8380840556117,6323.445181414094,2100.7412975619227,0.9430231810481924,0.6914789331199946,52081.275358969724,6016.967622950813
bhopal,2023,lmv,985634858.0082065,17.11596425745199,15.735548546538098,15.884669260301674,0.3145045109923725,0.31182070768705134,0.7888004830603145,0.7777046323623966,10.938684294946883,10.506470621395078,59.31218377119786,58.234376701700235,16.44679360255852,16.24601356183475,7.985636576151068,7.898002795793147,7.795171718886828,7.700346139782536,101871.56316448294,96445.12693438774,17.15857061897134,6323.445181414094,5426.436230095205,0.9430231810481924,0.6914789331199946,52081.275358969724,6016.967622950813
bhubaneswar,2021,2w,743260131.9895519,45.201178206300725,43.352494779618944,14.755019040151398,0.22453796447037003,0.22367480428388592,0.23483386632132616,0.23335014854933508,4.706211837779747,4.628371555844025,0.007816542813865545,0.0077856863397211965,0.2565896842333701,0.25584903882645027,0.24608156725905578,0.24539533037386435,11.708349047713728,11.638761185070408,11979.268408382612,11810.505590865961,16.086099909952395,2617.060064476331,168.7628175166501,0.907390617269485,0.6230129220434055,19330.15230380563,3145.4123625814373
bhubaneswar,2021,3w,63028557.00618754,4.065372882238311,3.8991031572241965,14.755019040151398,0.019040848936416475,0.018967652839010227,0.30866611290902707,0.30671591124302094,0.7860812093017933,0.7730795032448702,0.0016142197514168767,0.001607847480297919,0.027353969016432687,0.027275011861262636,0.026233741962117384,0.026160585075270793,1.5538127830502064,1.544577790987731,3484.4153738781592,3435.327254650235,16.086099909952395,2617.060064476331,49.08811922792438,0.907390617269485,0.6230129220434055,19330.15230380563,3145.4123625814373
bhubaneswar,2021,hdv,1230168730.0,44.04190304162312,42.72499439485259,14.330204129386392,0.635506875758463,0.635506875758463,0.18239702495995466,0.18239702495995466,174.93211117638586,169.41895649615313,9.13224731411025,9.01767393376483,5.330322098293007,5.247442269151449,3.8179869890649583,3.747185879712218,5.762682753692822,5.579876514657571,29719.6232336874,28680.531006020003,15.632005293524054,2617.060064476331,1039.0922276673991,0.907390617269485,0.6230129220434055,19330.15230380563,3145.4123625814373
bhubaneswar,2021,lmv,399078972.0042603,8.542330181727538,7.847398178753998,14.755019040151398,0.13978726954277398,0.1386564710376581,0.33558977686516805,0.33110640006620556,4.777169851996644,4.6002577248325585,21.123817058115193,20.774038863164936,5.93946742862329,5.873402503891321,2.926203902985844,2.8969926734900033,3.6262218082756523,3.582723322900517,41070.89125504081,39023.2432150646,16.086099909952395,2617.060064476331,2047.648039976215,0.907390617269485,0.6230129220434055,19330.15230380563,3145.4123625814373
bhubaneswar,2022,2w,984240162.0452471,53.093198256747776,49.82724934163774,15.344989478787623,0.2733455177788242,0.2717449585643206,0.2883898811924874,0.28560787344256133,5.772603087482124,5.6214381225116155,0.010188802551080806,0.010108226082847506,0.33292408614234403,0.331074066317653,0.3179161478958278,0.3162595127259155,14.03384355264369,13.909846651363498,15076.50481769447,14667.210366025676,17.04469981068638,2617.060064476331,409.29445166879304,0.907390617269485,0.6998564877140141,21746.960407469887,3447.606808249516
bhubaneswar,2022,3w,81453813.37844342,4.660186855944434,4.373522411041695,15.344989478787623,0.022621546703320537,0.02248908751644036,0.36993213167414823,0.36636351112127513,0.9409822966564357,0.9163411505813848,0.0020534536504244944,0.002037214250161071,0.03463699342651026,0.03444451974504963,0.03307558684757083,0.032903232656694294,1.8175797362386645,1.8015203969509042,4279.707706019866,4163.522911200428,17.04469981068638,2617.060064476331,116.18479481943814,0.907390617269485,0.6998564877140141,21746.960407469887,3447.606808249516
bhubaneswar,2022,hdv,1290476464.0,51.227757576157785,49.31696249290828,14.729541705375318,0.750645994863914,0.750645994863914,0.21544313914444713,0.21544313914444713,203.30449401841696,195.3049906934095,10.727880833712454,10.560549287228655,6.248128455764326,6.127655385624647,4.468016393034815,4.365182722618736,6.697114150855112,6.431811940138653,34298.47492021612,32820.14779687005,16.187004806438253,2617.060064476331,1478.3271233460691,0.907390617269485,0.6998564877140141,21746.960407469887,3447.606808249516
bhubaneswar,2022,lmv,474344030.5763093,8.902728569439283,7.917650723656386,15.344989478787623,0.15260724926828623,0.15091410690629636,0.3693614130116278,0.36258969079508474,5.235160803958259,4.966351887089802,24.651724620447922,24.0729224888013,6.905595331918006,6.796943021996096,3.3882563474037197,3.340480619136864,3.895991603084687,3.8325854743583663,45985.35286318543,42740.641356009466,17.04469981068638,2617.060064476331,3244.7115071759617,0.907390617269485,0.6998564877140141,21746.960407469887,3447.606808249516
bhubaneswar,2023,2w,972583237.1290557,55.168957740625935,51.80854266053871,14.890982275302362,0.28825575356397304,0.2865468085710452,0.307904107291903,0.3049117582483334,6.182480743422387,6.021273196252872,0.011751391664499542,0.011677498223893093,0.38153341027360843,0.3797617726009675,0.36216291625720776,0.36052728059567496,14.547244865798007,14.417140827946454,16779.276627260704,16371.081703715206,16.88115399444214,2617.060064476331,408.19492354549766,0.907390617269485,0.6238155819243317,23316.916849780257,3623.3968393039504
bhubaneswar,2023,3w,78128274.39111891,4.7003514947074025,4.414046792001485,14.890982275302362,0.023155781170713784,0.023018500454545045,0.38337927569140784,0.37965342539655594,0.9782360000853846,0.9527285973661028,0.002298911078190928,0.0022844553903825647,0.03852996892305619,0.03835105629671288,0.036573798080924855,0.036408619909075866,1.828810489325298,1.8124544280008688,4623.360788054111,4510.886785430134,16.88115399444214,2617.060064476331,112.47400262397696,0.907390617269485,0.6238155819243317,23316.916849780257,3623.3968393039504
bhubaneswar,2023,hdv,1285599129.0,54.32376287970678,52.15846363740941,14.670972758435846,0.7963304772051726,0.7963304772051726,0.2285550565504331,0.228555056550433,215.58683934336293,206.5220007099928,11.380903753465102,11.193187956324252,6.6274242985358995,6.4912841590046355,4.738963730555266,4.622614014600191,7.101789060217861,6.801248057089802,36328.90949691169,34615.22720954801,16.28987262352228,2617.060064476331,1713.6822873636847,0.907390617269485,0.6238155819243317,23316.916849780257,3623.3968393039504
bhubaneswar,2023,lmv,408087491.4798252,8.195179918927035,7.237157380347052,14.890982275302362,0.1403003062707994,0.1386344356334867,0.34411337778420437,0.33738008943764547,4.916529634046425,4.648318660339026,24.850861774821155,24.256626178001152,6.907569113280217,6.795885099201195,3.3679496319533224,3.318831322987814,3.523185517169301,3.4618115173977637,45176.26865595207,41834.10857033829,16.88115399444214,2617.060064476331,3342.160085613781,0.907390617269485,0.6238155819243317,23316.916849780257,3623.3968393039504
chandigarh,2021,2w,418543121.21572167,161.22909672172256,153.45475545268062,15.74121878333931,0.7261684390281699,0.7230464125787037,0.4304169154845859,0.4264926957295095,13.193065687198445,12.936935305231614,0.01846808602226902,0.018370020008915612,0.6176174101378403,0.6153544475863552,0.6018483437539865,0.5997940794493303,38.23218880972011,37.96395786111797,29474.13293228101,28979.378184963916,17.581170947136155,2486.065020294497,494.75474731709255,0.8930194811152484,0.6177590048188875,104289.69450769521,8378.233958139384
chandigarh,2021,3w,183194578.9654737,74.84623083789953,71.23720397446905,15.74121878333931,0.3178408978730191,0.31647439991393733,2.920071182709116,2.893448156036209,11.374113322063033,11.153296109537452,0.01968546681072177,0.019580936473966762,0.3398416247608994,0.33859643824632524,0.33116475611554286,0.3300344050154549,26.188346250925807,26.00461298385684,44250.333322412276,43507.5442967969,17.581170947136155,2486.065020294497,742.7890256153769,0.8930194811152484,0.6177590048188875,104289.69450769521,8378.233958139384
chandigarh,2021,hdv,986428752.0,121.05761818804646,116.27032875904648,15.579560657055728,1.8218692203195572,1.8218692203195572,0.5228952483886234,0.5228952483886234,479.7202970935924,459.67839677325554,25.748270267816142,25.328849331223612,14.957676287955236,14.655806270797077,10.667688374932409,10.410031759022491,15.79943810453025,15.134742510901436,80753.30791954361,77025.56901274464,17.10327996922771,2486.065020294497,3727.7389067989716,0.8930194811152484,0.6177590048188875,104289.69450769521,8378.233958139384
chandigarh,2021,lmv,517302753.81880456,67.35384790469249,60.522875691427636,15.74121878333931,1.0368272922683044,1.0265943106501685,1.4072546572958153,1.3814178705167484,30.2530203687228,28.842626038219407,113.6444469902107,111.13240884240764,32.677192388387894,32.200587099584105,16.372629559988557,16.160746390677684,27.11163619456364,26.70943795180227,224920.8146090889,210731.86325008312,17.581170947136155,2486.065020294497,14188.95135900579,0.8930194811152484,0.6177590048188875,104289.69450769521,8378.233958139384
chandigarh,2022,2w,483695932.1821005,172.88184349741297,163.73025323146248,15.233960619308363,0.7961671397852849,0.7923524084272021,0.4618844264297714,0.45737529549590633,14.430221900486355,14.110277802550062,0.020767062708025558,0.02061234216346874,0.694412077216249,0.6909292723106096,0.675929472420229,0.6728372444676975,41.36450180648323,41.05009627083143,32343.710402460074,31612.497411257198,16.90155281613679,2486.065020294497,731.2129912028759,0.8930194811152484,0.6918726457058401,111062.70718817397,10510.667094464841
chandigarh,2022,3w,217047643.4007152,82.27845521707488,77.92300241399732,15.233960619308363,0.35726205234743685,0.35555027766340475,3.2125334408562396,3.181171192888256,12.754254128635575,12.47146926502242,0.02269389984360036,0.02252482381242129,0.391727929809645,0.3897632290211936,0.3813016242314657,0.3795572535701712,29.048047130843766,28.82725716797806,49782.37119461964,48656.91230021828,16.90155281613679,2486.065020294497,1125.4588944013594,0.8930194811152484,0.6918726457058401,111062.70718817397,10510.667094464841
chandigarh,2022,hdv,1302182630.0,160.0957984699086,150.69453651766935,16.288797995741763,2.4810189931090174,2.4810189931090174,0.7120780285376809,0.7120780285376808,633.3560523281678,593.9964592441887,34.68090322124907,33.83861092869141,20.075947362980106,19.479424232021753,14.274266982396254,13.766512844481717,20.856447805670857,19.55016573369963,105684.75523060722,98681.21410853637,18.053502692771918,2486.065020294497,7003.541122070848,0.8930194811152484,0.6918726457058401,111062.70718817397,10510.667094464841
chandigarh,2022,lmv,569271985.4171841,69.79781716616192,62.73388127292142,15.233960619308363,1.0840517155002662,1.0733947754765198,1.4415015535944824,1.4153896028880621,31.739813676322083,30.25792307271637,122.22396407996665,119.47316693016299,35.0853092421674,34.56487794004226,17.553226369023115,17.322460084508272,27.989542966828523,27.577182134839948,238032.88860096576,222626.3473686939,16.90155281613679,2486.065020294497,15406.541232271848,0.8930194811152484,0.6918726457058401,111062.70718817397,10510.667094464841
chandigarh,2023,2w,466601191.5178954,188.83532814193077,178.6825302321414,16.456588692794078,0.8675078959576384,0.8634773214872774,0.550354387071762,0.5450594692810591,15.65892486950809,15.322342493535476,0.021326864372278365,0.021185963981499165,0.7163827808215831,0.7132038283899926,0.6996514280319105,0.696805405682083,46.62413898571225,46.274986192774875,34283.76810274776,33577.4711017515,18.37088509772137,2486.065020294497,706.2970009962592,0.8930194811152484,0.6360735355804815,114675.3252250764,11575.653521834329
chandigarh,2023,3w,175837086.14010397,75.47480272840825,71.41687338371062,16.456588692794078,0.32691742627681086,0.32539851787446955,3.214687531145869,3.1837592663767267,11.623207526308944,11.373371293091816,0.019572353977220947,0.019443045126387542,0.3393863767750889,0.3378803479081465,0.3314598975884724,0.3301115943637341,27.49678780728794,27.290873436136476,44315.564196344545,43402.59716204628,18.37088509772137,2486.065020294497,912.9670342982645,0.8930194811152484,0.6360735355804815,114675.3252250764,11575.653521834329
chandigarh,2023,hdv,1148117984.0,176.308622107029,166.3165279545818,16.059395806082357,2.7320851021270376,2.7320851021270376,0.7841365901362553,0.7841365901362553,697.4972390029258,655.6637152736366,38.17487524322549,37.275118116932326,22.10497569448111,21.470061098776526,15.71781607784332,15.177721561297023,22.96782169029241,21.57921273410509,116631.89468443689,109188.3912413134,18.098831828819684,2486.065020294497,7443.503443123496,0.8930194811152484,0.6360735355804815,114675.3252250764,11575.653521834329
chandigarh,2023,lmv,586666714.3420005,78.35289929223322,69.87228649829645,16.456588692794078,1.2574820455723752,1.2444861088012402,1.8242502023926637,1.7894435898254708,36.14685637563162,34.36026689858541,132.70194278753044,129.5324986001934,38.407156880791966,37.80613132327308,19.29616985169789,19.02905088174277,33.53451804146236,33.017530125108365,261096.84690722678,243452.07374917256,18.37088509772137,2486.065020294497,17644.773158054217,0.8930194811152484,0.6360735355804815,114675.3252250764,11575.653521834329
chennai,2021,2w,4409309782.814135,569.8604970725467,532.4146693821747,13.44426896401944,3.0288550746130354,3.0085431378498755,2.9494841317291614,2.916346718105759,66.7987614688828,64.76340907252397,0.15237199900493442,0.150761896855774,4.847964131601239,4.8118308338584015,4.527105904183895,4.495619753017711,146.2807267491884,144.84090800471313,195465.5264501043,188383.91709004124,14.82087699376662,9360.098740703255,7081.60936006307,0.9434613643293442,0.7329583884283903,245484.84612324636,25368.893161976517
chennai,2021,3w,464394478.8534027,63.65596304548513,59.47309682487316,13.44426896401944,0.3190031191230311,0.3168638384300764,4.814976790580937,4.760880592611899,13.857480076035097,13.435243874943385,0.03908166167900209,0.03866868903394224,0.6418897873603563,0.6371055946198221,0.5994068782919438,0.5952379862935245,24.110712690474475,23.87339464560365,70613.82039016754,68055.52021055776,14.82087699376662,9360.098740703255,2558.3001796097815,0.9434613643293442,0.7329583884283903,245484.84612324636,25368.893161976517
chennai,2021,hdv,5056356083.0,383.75494123218317,369.97055407706495,15.119816658888675,5.5845367824043555,5.5845367824043555,1.6028196290941998,1.6028196290941998,1523.5618402760604,1465.8548215593942,80.07028635653442,78.87703333890559,46.65570790055309,45.7893833009338,33.38507355941513,32.64455279467881,50.19192410729712,48.27875718390606,256645.18663091585,245749.46531525545,16.52716890539848,9360.098740703255,10895.721315660398,0.9434613643293442,0.7329583884283903,245484.84612324636,25368.893161976517
chennai,2021,lmv,1412076125.3324602,67.12905071467691,59.84130636055522,13.44426896401944,1.1295622103644307,1.1168546407205557,2.532190059379862,2.4847639278881277,41.3161586559874,39.16888333291318,248.76171891506613,242.8686617533766,67.49379889199815,66.40699199978805,32.343350151303106,31.873498620647553,27.19226867183282,26.744720749155782,415461.90121418756,384566.39151001786,14.82087699376662,9360.098740703255,30895.5097041697,0.9434613643293442,0.7329583884283903,245484.84612324636,25368.893161976517
chennai,2022,2w,14238650846.547255,602.2620313271092,560.0155465110415,13.637613553240303,3.1620178697506005,3.1395223348678147,3.081217390697173,3.044553421283093,70.79479125992766,68.51447708976023,0.16844903673490078,0.16669446007741387,5.317857507692677,5.277945571513501,4.941076400270609,4.906067594753742,151.68503902977926,150.0853222721409,213493.0623087726,205242.24615968694,15.235598706192226,9360.098740703255,8250.816149085673,0.9434613643293442,0.7987142303500362,272808.4048775945,27928.11581479158
chennai,2022,3w,1501086323.335501,67.34051238237657,62.61682105553096,13.637613553240303,0.3333505280506303,0.33097897332170356,5.034900193902087,4.974988995403238,14.700684254432334,14.227172319162113,0.04324707894192978,0.04279661441754418,0.7047874397893907,0.6994978224432947,0.6548518046812909,0.6502120101071366,25.02569099466577,24.76176241270597,77201.13642445901,74217.56226869808,15.235598706192226,9360.098740703255,2983.574155760929,0.9434613643293442,0.7987142303500362,272808.4048775945,27928.11581479158
chennai,2022,hdv,8225996582.0,403.0063348345256,385.1333025381159,15.024363954784898,5.774108312791833,5.774108312791833,1.6572286126610787,1.6572286126610787,1601.333560042183,1526.509248440912,83.25716886391884,81.70227282352845,48.61673108879153,47.49190711200399,34.846103916027374,33.885202531312885,52.75605733089673,50.275022834209146,271578.05838873424,257609.51423480292,16.63485544187569,9360.098740703255,13968.544153931318,0.9434613643293442,0.7987142303500362,272808.4048775945,27928.11581479158
chennai,2022,lmv,4253077916.1172504,66.08850545416794,58.39042977514424,13.637613553240303,1.099598455004466,1.0863043735572828,2.4662929675318126,2.416709126148783,40.80105377528653,38.528465713340005,256.326803339345,249.96098850668034,69.02157031261306,67.84824375724449,32.91196858646234,32.4053069555229,26.290245941394492,25.823137097633364,422702.87153334304,388872.23930664913,15.235598706192226,9360.098740703255,33830.63222669391,0.9434613643293442,0.7987142303500362,272808.4048775945,27928.11581479158
chennai,2023,2w,12799962244.27405,669.0526857464009,615.7136951049832,13.52890581313663,3.592261606469267,3.5638787087094115,3.530316260233473,3.4836551215009894,79.4106686308897,76.52181111367607,0.18537904672540514,0.18300419667480614,5.884889006937059,5.831869977342274,5.484066481295746,5.438090728785604,172.93448772511525,170.9152611058865,234398.93712192227,223675.7545504271,15.123864356826752,9360.098740703255,10723.182571495156,0.9434613643293442,0.8109854651416326,291454.64300178544,27792.883992256084
chennai,2023,3w,1315572263.091282,72.93238950359736,67.11798934638293,13.52890581313663,0.36921044305054707,0.36629326623967595,5.624077944972402,5.549742995384831,16.076232902193144,15.491400321525111,0.046400011065146594,0.04580559076483573,0.7603769235532867,0.7535264210942696,0.7085872978562289,0.7026468457575582,27.81596519625034,27.49117898325916,82635.13806484714,78854.78102411042,15.123864356826752,9360.098740703255,3780.3570407367224,0.9434613643293442,0.8109854651416326,291454.64300178544,27792.883992256084
chennai,2023,hdv,7256301820.0,390.20760552408717,373.4305749105793,14.242804894468422,5.520479920243952,5.520479920243952,1.5844346492741395,1.5844346492741395,1551.5197503619218,1481.2846172924437,79.99026390820806,78.54201841919144,46.78257416813746,45.728977334797236,33.57564733222674,32.674742769959074,51.117533987530194,48.78921966077344,264145.9743437451,250824.96875432532,15.861894204648312,9360.098740703255,13321.005589419772,0.9434613643293442,0.8109854651416326,291454.64300178544,27792.883992256084
chennai,2023,lmv,3950422626.6346664,75.82972618874007,66.19535379938851,13.52890581313663,1.2907886054745348,1.274044457846116,2.9198601259982495,2.856844672634083,47.291821874211216,44.43804143525097,291.50234634538293,283.4873476305413,78.92659563263454,77.45222568089042,37.74567304780036,37.109736665773276,30.970714357416156,30.38095338173508,479462.1412530363,437266.15289105306,15.123864356826752,9360.098740703255,42195.98836198321,0.9434613643293442,0.8109854651416326,291454.64300178544,27792.883992256084
coimbatore,2021,2w,1271987313.8270037,127.90010231173186,124.59078805823691,13.835251935578157,0.6575210228768107,0.6558013565733188,0.8227644736665074,0.8195000790875204,15.206466932553006,15.047257129326944,0.03478772704712666,0.034809040803548276,1.099413351920956,1.099207493016369,1.0228602051480307,1.0222709948989925,32.32081236648649,32.190174649598134,46489.995820013675,46245.80513331033,15.208974888824944,4235.019486794525,244.19068670334673,0.935326392411174,0.522333838372897,55640.945526959695,5750.046183283034
coimbatore,2021,3w,64079749.35451652,6.833811901603494,6.656992409492691,13.835251935578157,0.03312437308396122,0.03303774031293962,0.6424587576441632,0.6399097427646918,1.508918430140582,1.493120243263092,0.0042679124117886245,0.0042705272778145184,0.0696279587863462,0.0696149213466068,0.06477970099580996,0.06474238517927483,2.5481605932816884,2.5378611652104923,8033.422915113595,7991.2270184777935,15.208974888824944,4235.019486794525,42.195896635801546,0.935326392411174,0.522333838372897,55640.945526959695,5750.046183283034
coimbatore,2021,hdv,2029925853.0,85.13112533940817,82.79960204270407,15.50639014350692,1.2329966388650728,1.2329966388650728,0.3538827466598312,0.3538827466598312,338.06864272408365,328.30761901629546,17.6975911517402,17.491383011876426,10.323169180719274,10.175764867289455,7.391149056582466,7.265480002305883,11.136848781010041,10.813026833898995,57212.20505085613,55393.28706707215,16.895465448843666,4235.019486794525,1818.9179837839765,0.935326392411174,0.522333838372897,55640.945526959695,5750.046183283034
coimbatore,2021,lmv,364748452.81847966,13.5579042620108,12.694063538736577,13.835251935578157,0.21960845938230925,0.2181936958304217,0.6326865207191797,0.6261631147893352,8.432463006678422,8.18796243618256,50.86947670504172,50.326832072353,13.708566868920082,13.60501045452734,6.544855907804759,6.498973168956027,5.381991677164921,5.330333394308919,88741.80888893465,85297.95159250661,15.208974888824944,4235.019486794525,3443.8572964280465,0.935326392411174,0.522333838372897,55640.945526959695,5750.046183283034
coimbatore,2022,2w,1452851631.0610523,151.0696734825052,146.69377820833836,14.400014048221468,0.7970936805110672,0.7946610050478203,0.9914947813974858,0.9868292127813695,18.236190209187445,18.006774390859967,0.041666598435537876,0.04163745771388815,1.3195751022115298,1.3182182903117379,1.2289980331242873,1.227388479148368,39.17110675119542,38.99240877607245,55136.23459658031,54708.27684403648,15.781402706666551,4235.019486794525,427.957752543829,0.935326392411174,0.6075530475715055,61834.03104023041,6330.112816582074
coimbatore,2022,3w,74171690.02204782,8.179905837765487,7.942966083588071,14.400014048221468,0.040693615318600745,0.040569421184439625,0.7845832645168649,0.7808913368089846,1.8337935442597697,1.8107239643873208,0.005180317474583326,0.005176694472100476,0.08469068667399919,0.0846036061195933,0.07887742590160314,0.07877412429244805,3.1296030362407397,3.1153258362354643,9655.107468099868,9580.166222604053,15.781402706666551,4235.019486794525,74.94124549581466,0.935326392411174,0.6075530475715055,61834.03104023041,6330.112816582074
coimbatore,2022,hdv,2125348291.0,96.56421165244076,94.03470429007692,15.361373770672762,1.396167463781954,1.396167463781954,0.40071445558442886,0.40071445558442886,383.5078441024143,372.91797437016254,20.06364692089574,19.840237205466593,11.701708410478112,11.541848600942377,8.37915360349349,8.242842529584859,12.634346099211598,12.283042258267876,64747.966073366784,62787.85678652033,16.60503942619659,4235.019486794525,1960.1092868464548,0.935326392411174,0.6075530475715055,61834.03104023041,6330.112816582074
coimbatore,2022,lmv,422987147.9169,15.950508516639122,14.88555675101836,14.400014048221468,0.2698631731741851,0.26798989548420976,0.7720286471423492,0.7634184791994428,10.183759889136454,9.864752278405199,61.580939208101015,60.828765921599704,16.655626287536034,16.513275787821385,7.963253909303908,7.900541432108835,6.606266586484614,6.53912383755917,105204.5232618543,100866.85190939065,15.781402706666551,4235.019486794525,4337.671352463643,0.935326392411174,0.6075530475715055,61834.03104023041,6330.112816582074
coimbatore,2023,2w,2167350795.327015,169.38543471735235,158.69756859032572,14.824390600154118,0.9231730970206725,0.9168360496498136,1.1955644631585118,1.182569834228621,20.770297649921414,20.131396488098133,0.04601452111169531,0.04552696392939901,1.4683100309098562,1.4573351987333556,1.3733991650070019,1.363790675640194,45.72203323244842,45.27635439995177,61159.20731132458,59160.53910892814,16.40459487782278,4235.019486794525,1998.6682023964386,0.935326392411174,0.7538598080765428,66060.33802469475,6299.461529588043
coimbatore,2023,3w,92195323.73776296,7.642049592559829,7.159852270708225,14.824390600154118,0.039270173858944775,0.03900060691336426,0.7882870281094976,0.7797191108317729,1.7402907874840035,1.6867588725940836,0.004766789899574108,0.004716282307712111,0.07852032382860431,0.07793342640345402,0.07344480723560841,0.07293097726734347,3.043769226316778,3.0140998651954645,8923.69321072917,8632.069060379485,16.40459487782278,4235.019486794525,291.6241503496858,0.935326392411174,0.7538598080765428,66060.33802469475,6299.461529588043
coimbatore,2023,hdv,1824012509.0,92.25826095818883,89.61788500277723,14.428504263648929,1.3101379393146084,1.3101379393146084,0.3760230951599866,0.3760230951599866,366.7588639199239,355.70523639967024,18.95554122307537,18.7277036821706,11.081184393181514,10.915386405848928,7.949829118344858,7.808052735902999,12.083312486708207,11.71688593070116,62316.09466639376,60165.23032893687,15.82490930607402,4235.019486794525,2150.8643374568856,0.935326392411174,0.7538598080765428,66060.33802469475,6299.461529588043
coimbatore,2023,lmv,662102390.9352218,18.47460785965455,16.46047214928777,14.824390600154118,0.32750240712120576,0.3236448489906355,0.9745834972608023,0.9560677902199356,12.087528512440775,11.43415530404174,71.08202612906047,69.3014338753929,19.39653636503488,19.067657940586834,9.316500775885803,9.174107336580756,8.074525208659033,7.939015387225552,120885.70608918052,112009.66898442646,16.40459487782278,4235.019486794525,8876.037104754054,0.935326392411174,0.7538598080765428,66060.33802469475,6299.461529588043
cuttack,2021,2w,463902765.8922628,39.38584308517377,37.96730424827396,13.987235489063911,0.22521730330906028,0.2243310364191941,0.3144924104550871,0.3125466324000327,5.418670822834558,5.323568094703695,0.01914169102721306,0.01909665271735485,0.5715050691398932,0.570083359402884,0.5074614594271223,0.5060395767355749,10.544036597157591,10.484674145446695,19312.161638963138,18968.86476489892,15.31548987698755,1392.9905870749665,343.29687406421726,0.8863067185077994,0.6208139233215932,16045.749459459643,2610.972636088976
cuttack,2021,3w,17623121.832778666,1.5869020914628986,1.5297474879108153,13.987235489063911,0.008555741131293891,0.008522072891902335,0.18518156459198948,0.1840358382958848,0.40546004802655655,0.39834384592162353,0.0017708737620706577,0.0017667070893820991,0.02729358606331296,0.02722568892790782,0.024235030911507534,0.024167125516246394,0.6268581679262064,0.6233289846404494,2516.4590560502347,2471.72597314616,15.31548987698755,1392.9905870749665,44.73308290407476,0.8863067185077994,0.6208139233215932,16045.749459459643,2610.972636088976
cuttack,2021,hdv,668981747.0,36.66571366134913,35.52563392937896,14.596636727259114,0.5377375821575944,0.5377375821575944,0.15433622976564357,0.15433622976564357,145.50536820306928,140.73239226241535,7.673830399750393,7.5732333188785885,4.472240537100704,4.400208977491703,3.198205582354084,3.136777674186686,4.792693293577636,4.634361321139807,24687.703963709904,23806.8235009375,15.854148026842523,1392.9905870749665,880.8804627724057,0.8863067185077994,0.6208139233215932,16045.749459459643,2610.972636088976
cuttack,2021,lmv,72277836.27495842,2.283896197266193,2.117412769393356,13.987235489063911,0.04086179323529377,0.04054222469754671,0.13136323511227455,0.12970738441742294,1.6338702326402652,1.575228142852519,15.196254905190097,14.986882809185222,3.869837485165537,3.8312822518251286,1.763444447873895,1.746989248711306,0.9538888558375476,0.943164063014143,20124.30525525991,19110.057639072307,15.31548987698755,1392.9905870749665,1014.2476161876039,0.8863067185077994,0.6208139233215932,16045.749459459643,2610.972636088976
cuttack,2022,2w,566108860.710296,46.99064174392692,44.99832988056875,15.141114380918651,0.2812229128684363,0.2798698547051529,0.39366586963211064,0.39065967520632705,6.696011210290562,6.550024803412579,0.02512028740147622,0.02502821906585927,0.744218053001197,0.7415891835403687,0.6569271655622269,0.6544086237885606,13.088875835050702,13.001369731424566,24063.318758022007,23515.410649792153,16.698781353388238,1392.9905870749665,547.9081082298544,0.8863067185077994,0.6726263711929874,18051.915614464728,2861.820962942337
cuttack,2022,3w,21391616.61859101,1.8832550239769472,1.8034086718789146,15.141114380918651,0.010626600560353328,0.010575472405504638,0.23057016790134532,0.2288094393064465,0.49837843602490267,0.48751279156048927,0.0023116372155569304,0.002303164836734783,0.035353180205370247,0.03522829893514268,0.03120653197307902,0.031086891686445146,0.7740205739092754,0.7688458342751894,3118.9059382522087,3047.890220530192,16.698781353388238,1392.9905870749665,71.01571772201669,0.8863067185077994,0.6726263711929874,18051.915614464728,2861.820962942337
cuttack,2022,hdv,735335470.0,42.22577772341157,40.86201607130663,15.185195868362356,0.6299995810798662,0.6299995810798662,0.18081637461096361,0.18081637461096361,167.4111560027906,161.70156323004133,8.932019081415683,8.809442005570297,5.1945911510398535,5.1079803288632775,3.7081317833701437,3.6344388873498104,5.51380978645943,5.324298343941579,28251.361969164234,27233.927861003798,16.501370923383092,1392.9905870749665,1017.4341081604362,0.8863067185077994,0.6726263711929874,18051.915614464728,2861.820962942337
cuttack,2022,lmv,83329434.67111292,2.476445637524384,2.2695352543117218,15.141114380918651,0.04802906015193952,0.0475848162337185,0.15441263176461867,0.15209998346708575,1.8735370233972612,1.7935571480134749,18.642600297768965,18.32711095153968,4.728076007161898,4.670519121267945,2.1437067159234,2.119329123957752,1.112706169466851,1.09826241221406,22924.930410819034,21575.528897799264,16.698781353388238,1392.9905870749665,1349.4015130197695,0.8863067185077994,0.6726263711929874,18051.915614464728,2861.820962942337
cuttack,2023,2w,529373127.07927865,49.78697135388177,47.5600029982283,15.965744136830219,0.29708635975433234,0.29544295607768656,0.40686037012453935,0.4032906187077533,6.939755370295203,6.767912599113636,0.023343860660828067,0.023234944352904848,0.7059133860533882,0.7029688487522665,0.6322535639253334,0.6294540278247364,13.95646835048682,13.852143782239013,24013.439786486255,23452.42102203718,17.835692663138754,1392.9905870749665,561.0187644490761,0.8863067185077994,0.6396018070897467,19355.119404049834,3007.7423582546107
cuttack,2023,3w,20903382.747797783,2.085088505113357,1.9918226166016977,15.965744136830219,0.011731063723158611,0.01166617056121894,0.24901858991687897,0.24683372619105162,0.5397569709686402,0.5263914661768085,0.002244805840172866,0.002234332167130153,0.03504214893257835,0.034895979562961636,0.03138561187243069,0.031246640487389097,0.862455546126964,0.8560086929386729,3252.4614324181407,3176.4751551310196,17.835692663138754,1392.9905870749665,75.98627728712108,0.8863067185077994,0.6396018070897467,19355.119404049834,3007.7423582546107
cuttack,2023,hdv,706623974.0,43.601751602448964,42.16871471333077,14.925903163604275,0.6473042055891219,0.6473042055891219,0.18578298024331077,0.18578298024331077,172.91414634487757,166.91469851850866,9.193205954049565,9.06677965878417,5.3502873412529475,5.259750474495126,3.8213245045049145,3.7441138964485905,5.695111668444133,5.49609544353168,29246.624863816898,28132.033584638324,16.325945623885683,1392.9905870749665,1114.591279178574,0.8863067185077994,0.6396018070897467,19355.119404049834,3007.7423582546107
cuttack,2023,lmv,90670943.17292361,3.016261364996565,2.742179759225726,15.965744136830219,0.058946452615626074,0.05831794694962247,0.18521707155145306,0.18202162752360862,2.2437114848597948,2.134674419477933,20.061637490408152,19.65723325489613,5.202064839468711,5.127908455508992,2.39417047870138,2.362524644590257,1.3776205140507787,1.3574521854173254,26315.729521135847,24631.46860833085,17.835692663138754,1392.9905870749665,1684.2609128049953,0.8863067185077994,0.6396018070897467,19355.119404049834,3007.7423582546107
dehradun,2021,2w,440171425.84919894,49.108585487742964,47.29353684774201,13.34976963598332,0.23631924090620335,0.235559113403005,0.25292210065838555,0.2516107871950695,5.149604115222906,5.081878244702767,0.009187622036234504,0.009178026146312588,0.29879075519252274,0.29845828021770465,0.2844972474108316,0.28412730953607956,12.088993162370672,12.024737321611187,13767.43839995729,13639.409462869051,14.943098962233563,1748.8156356423144,128.0289370882383,0.8879428751426697,0.5304810741749034,22107.330590195168,2478.3716423620026
dehradun,2021,3w,35436970.2833276,4.193206664466208,4.038226145724084,13.34976963598332,0.01902540107235564,0.018964205333240104,0.31561178849789434,0.31397545072289884,0.8165974094551941,0.8058577935192126,0.001801313394260717,0.00179943203638835,0.030240329990887875,0.030206680512858543,0.02879369757494463,0.02875625651221354,1.5231103613958177,1.5150146717443747,3801.814992968579,3766.460388980853,14.943098962233563,1748.8156356423144,35.35460398772602,0.8879428751426697,0.5304810741749034,22107.330590195168,2478.3716423620026
dehradun,2021,hdv,838580831.0,35.82957893918864,34.14798123573025,15.0655694400886,0.5172691285924772,0.5172691285924772,0.14846157257746972,0.14846157257746972,142.30944759275823,135.26957074523955,7.433740005939086,7.2877819897046745,4.3378848278093525,4.232121754263227,3.106865940118349,3.016490662911673,4.6881028779376805,4.45469007915804,24119.797894048963,22780.125807009117,17.055913911082087,1748.8156356423144,1339.6720870398458,0.8879428751426697,0.5304810741749034,22107.330590195168,2478.3716423620026
dehradun,2021,lmv,198486664.8674734,8.347002699686762,7.6691392237439695,13.34976963598332,0.12436432887403723,0.12341809388463304,0.306847931416029,0.3030257547677137,4.533481644699905,4.37705069918874,21.251303186858117,20.95859923058696,5.881080029670804,5.825410280982144,2.8721594896996456,2.847436534010699,3.1746548653659454,3.1372391547998655,42043.39201361195,39999.459335389496,14.943098962233563,1748.8156356423144,2043.9326782224525,0.8879428751426697,0.5304810741749034,22107.330590195168,2478.3716423620026
dehradun,2022,2w,558779158.6634189,60.054072755715936,56.89126489257208,13.315583423997692,0.2992246971482414,0.2977441869577369,0.32235768184877317,0.31976386482902563,6.556562443693717,6.4167602294489035,0.012460291415731125,0.012399851991052445,0.40339757276926624,0.4019133287136389,0.3823260235051817,0.3809437346775863,15.089780025397065,14.973373796797251,17930.03635004578,17562.82898092341,15.120143547800687,1748.8156356423144,367.20736912237044,0.8879428751426697,0.6387253629104828,26217.488005093066,2718.0944044368825
dehradun,2022,3w,44268313.44106969,5.046024410542766,4.7802704832745855,13.315583423997692,0.02370555966037083,0.023588268798408994,0.3958425712985725,0.3926574658818616,1.0231242899358717,1.0013087360676614,0.0024039885572421493,0.002392327860033222,0.04017636951645975,0.04002854627294806,0.03807774918092699,0.03794008016538307,1.870863871561755,1.856431573201831,4872.333937000025,4772.5484769171835,15.120143547800687,1748.8156356423144,99.78546008284138,0.8879428751426697,0.6387253629104828,26217.488005093066,2718.0944044368825
dehradun,2022,hdv,991111725.0,39.49720671429069,36.66293115316665,14.401073659010173,0.5693784797366063,0.5693784797366063,0.1634174935656404,0.16341749356564036,156.88913763917202,145.0231860648195,8.187197293740121,7.93472002632053,4.778447511361634,4.598898708240017,3.422932439575389,3.2699938031333615,5.168431131542555,4.774690168682948,26600.12675979015,24444.084383103942,16.5990499513315,1748.8156356423144,2156.0423766862077,0.8879428751426697,0.6387253629104828,26217.488005093066,2718.0944044368825
dehradun,2022,lmv,226911205.8955113,9.164429778029577,8.231849687345486,13.315583423997692,0.14176408047284791,0.1403543163502743,0.35201377466278844,0.34627358659557633,5.190504364583548,4.955033171323256,25.932045544895935,25.431258326329644,7.146245802481456,7.052026743958601,3.474163022034759,3.43270607741349,3.566936214652223,3.5132597975964295,49182.08439975638,46019.34528541025,15.120143547800687,1748.8156356423144,3162.739114346128,0.8879428751426697,0.6387253629104828,26217.488005093066,2718.0944044368825
dehradun,2023,2w,547463426.0405171,62.01444413044306,59.351031708208765,13.500052973184852,0.30791834936437157,0.30661178764777425,0.3411056341202719,0.3387882081009897,6.740657915504116,6.622193341764109,0.012624581119911589,0.012589655954514407,0.4094024618258372,0.4084546069367242,0.3884832338566519,0.38754193711186274,15.614780982028124,15.51241722170496,18427.65795317956,18202.380860632,15.347685607471675,1748.8156356423144,225.27709254755973,0.8879428751426697,0.5950531758784224,28507.327874491966,2698.9567471029814
dehradun,2023,3w,39515404.89465587,4.7474268870710326,4.543533166471399,13.500052973184852,0.022225262311361675,0.022130955892347346,0.38162069344931293,0.37902801354012056,0.9583254674505763,0.9414832512412945,0.0022191145573204436,0.0022129755066688955,0.037148938388216673,0.037062930593540516,0.03525073995655477,0.03516532724403405,1.76381781650792,1.752254988669953,4562.307642728194,4506.533685794943,15.347685607471675,1748.8156356423144,55.7739569332507,0.8879428751426697,0.5950531758784224,28507.327874491966,2698.9567471029814
dehradun,2023,hdv,874663346.0,39.35678900569505,37.237644698587324,14.519363984113678,0.5674518608972952,0.5674518608972952,0.16286453409670823,0.16286453409670817,156.33002933652534,147.45822680871302,8.160304687309807,7.974058524389531,4.7621312782888845,4.628388787054939,3.411119066332855,3.297009101813354,5.150074546862095,4.8558100213419655,26485.71447330431,24834.818862262946,16.632400556955368,1748.8156356423144,1650.8956110413637,0.8879428751426697,0.5950531758784224,28507.327874491966,2698.9567471029814
dehradun,2023,lmv,225754676.06482705,9.551867259644306,8.670527394957922,13.500052973184852,0.14802725718914383,0.1466463514423084,0.3777759355088256,0.372031721785621,5.3997803643418765,5.172936488879987,26.62003738830826,26.15130406457437,7.353915169382248,7.265298395851969,3.58008768362895,3.5409359358219334,3.7441386940614,3.6918624098073236,51020.44892291773,48138.25487258167,15.347685607471675,1748.8156356423144,2882.19405033606,0.8879428751426697,0.5950531758784224,28507.327874491966,2698.9567471029814
delhi,2021,2w,11210039166.038202,1622.4886500481052,1538.1895714938598,14.818595931205524,7.9484649511871,7.912645149412886,9.151462778551693,9.086505031783677,169.48154514164187,166.1503478516095,0.2813633930430745,0.2800522992312207,9.235506277621065,9.2040820735991,8.851338408522262,8.822288190481007,416.8158678859216,413.81244763671515,432576.528404311,424005.9109566452,16.497558924114248,31473.55599006235,8570.617447665776,0.9570651336823504,0.6847590106386537,700871.6824199236,30919.881791354826
delhi,2021,3w,676141031.9989202,103.79249076611906,98.39978041823815,14.818595931205524,0.4794169953647235,0.47725649999277187,8.555637552552408,8.494909016467414,20.135016679650793,19.739258469268957,0.041328455418204436,0.04113587357034484,0.7002860936550164,0.6979033403527864,0.6711564056582822,0.6689536608275815,39.34421718695923,39.06071737878776,89494.47244397609,87721.32287012521,16.497558924114248,31473.55599006235,1773.149573850882,0.9570651336823504,0.6847590106386537,700871.6824199236,30919.881791354826
delhi,2021,hdv,20660426133.0,442.9827044712214,422.0272361037821,15.349348583704515,6.402514161103714,6.402514161103714,1.8375875695373944,1.8375875695373944,1759.3528824544762,1671.6280235848692,92.00018167531934,90.22943102282774,53.66732065362917,52.358925221261856,38.431561317141515,37.309905506031434,57.95952110255475,55.053281331489565,297808.6662116914,280575.61137151375,17.28767262976319,31473.55599006235,17233.054840177647,0.9570651336823504,0.6847590106386537,700871.6824199236,30919.881791354826
delhi,2021,lmv,5696194808.962875,303.56620334121595,274.01902092878515,14.818595931205524,4.700553655782383,4.6568634506890945,12.454219538478174,12.267104107840744,165.98806853260822,158.9174596940854,727.459395543732,713.8757673203942,203.75555539498487,201.1893584150595,100.22755846927453,99.09299186127271,122.85852981029502,121.12223884138537,1456135.4491592427,1367879.8732861725,16.497558924114248,31473.55599006235,88255.57587307016,0.9570651336823504,0.6847590106386537,700871.6824199236,30919.881791354826
delhi,2022,2w,35321630716.90041,1792.2750856886053,1673.1293837102764,14.650378658187106,8.685609200768962,8.633367690839757,10.060513500003275,9.964450745761882,187.77105541483732,182.77138826282038,0.3201600916054938,0.31766826241541474,10.466698013222437,10.408894299078419,10.004087921950704,9.952127403562022,452.2111476585292,447.9413437243195,491473.32511842344,476840.16875798977,16.50884599884273,31473.55599006235,14633.15636043367,0.9570651336823504,0.8222980349763697,852883.5906173096,34790.9257235016
delhi,2022,3w,2116810802.2850392,113.9200244677373,106.34692288697075,14.650378658187106,0.5205249873080456,0.5173941751031349,9.345297765905586,9.256064244912999,22.165082977813032,21.574906621605912,0.046726140731025705,0.04636246779218614,0.7885615977956656,0.7842066628270314,0.7537085283492388,0.7497938200667315,42.41203041668953,42.01157356092943,101028.60303564317,98020.57132865171,16.50884599884273,31473.55599006235,3008.03170699146,0.9570651336823504,0.8222980349763697,852883.5906173096,34790.9257235016
delhi,2022,hdv,43715345305.0,460.75710842639404,437.32156429548877,14.502430369350238,6.468575836671333,6.468575836671333,1.8565479514735055,1.8565479514735055,1832.7727158223938,1734.6668747499966,93.9679149617605,92.00431337949668,55.026090180179345,53.5661762405862,39.52560502106227,38.272788385497854,60.383737658286975,57.13440187295643,313666.9966462392,294033.7206385596,16.34067883431652,31473.55599006235,19633.276007679582,0.9570651336823504,0.8222980349763697,852883.5906173096,34790.9257235016
delhi,2022,lmv,16906224591.814562,318.8247835748838,281.85840211370174,14.650378658187106,4.841474255339316,4.786291479505984,12.910755363312239,12.672620618397433,173.8391031512776,164.77167403027562,781.2112363759337,762.8682933620754,217.78360972751187,214.33415793877708,106.82031766468357,105.30147038874452,125.67898717537987,123.51388231118182,1569945.2230931923,1452444.0074135284,16.50884599884273,31473.55599006235,117501.21567966393,0.9570651336823504,0.8222980349763697,852883.5906173096,34790.9257235016
delhi,2023,2w,41142636932.01243,2008.4883913523702,1851.6619152268042,14.971798772816022,9.911693117424855,9.839785474957369,11.942453371867726,11.806051706475628,213.0418125911506,206.10941970831362,0.3612638852788713,0.3574042012218192,11.839480403211358,11.751842686430535,11.327575893940388,11.249873585723517,518.3630037633749,512.5922056035806,553748.9291886253,533236.6006658333,16.990914532844343,31473.55599006235,20512.32852279197,0.9570651336823504,0.8274453605104981,939797.2121063053,31568.905074261653
delhi,2023,3w,2073432415.9080744,107.35473176656528,98.97227640817532,14.971798772816022,0.4995116341269568,0.4958877624463461,9.328740518214904,9.222191578640007,21.147645710315878,20.459500097828595,0.04433775801690495,0.04386406068728906,0.7500928675650135,0.744540560871796,0.7176610455422866,0.712738198829267,40.8825767990014,40.427441889205554,95722.43976056123,92176.62679754797,16.990914532844343,31473.55599006235,3545.8129630132607,0.9570651336823504,0.8274453605104981,939797.2121063053,31568.905074261653
delhi,2023,hdv,18137442663.0,459.6812208640551,436.6279555703718,14.998998730012524,6.692157338232979,6.692157338232979,1.920718147385629,1.920718147385629,1824.954327707717,1728.4454088265484,95.86312876211913,93.8860279915316,55.88321507696117,54.43804623527393,39.98972246284451,38.753019638602765,60.11726517659059,56.918598475348176,308705.1973800841,290147.2738396249,16.781926193236472,31473.55599006235,18557.92354045919,0.9570651336823504,0.8274453605104981,939797.2121063053,31568.905074261653
delhi,2023,lmv,19769330456.079514,355.46571796799424,308.5856839666538,14.971798772816022,5.540690053094792,5.46739999572472,15.359089204197145,15.032046466418146,197.04050053941057,185.07885732872265,882.2321586622285,857.3809561285832,246.8101841653197,242.14747176481083,121.21001471315421,119.16046779400894,144.410987342766,141.56472668549216,1760819.4959903716,1608958.4375431566,16.990914532844343,31473.55599006235,151861.058447215,0.9570651336823504,0.8274453605104981,939797.2121063053,31568.905074261653
dewas,2021,2w,337884052.95817876,17.65108384898598,17.067913379537856,14.790562697209609,0.10983804136730224,0.10943688182991766,0.20646868164673357,0.20527272602327618,2.818457918952914,2.770252706459562,0.022136272808053414,0.02209488393919144,0.5450964978596502,0.5434342838278905,0.4288419774680445,0.4273322854080762,4.972895262957387,4.9476730320571365,12513.100832427252,12236.518317263777,16.019064160399104,973.0633125449691,276.58251516347445,0.8692263557088598,0.6058229296377835,6576.109810410501,775.31101468478
dewas,2021,3w,3503955.5931703607,0.19414060607783304,0.18772643517739535,14.790562697209609,0.0011390523347352911,0.0011348921940229195,0.03318767140922741,0.03299543410749838,0.057570747759603066,0.05658609224621372,0.000559045063340851,0.000557999799623007,0.007106388111028761,0.007084717933216822,0.005590785378653525,0.005571103620013724,0.08070616551030733,0.08029682860817354,445.10138121947716,435.2631116195561,16.019064160399104,973.0633125449691,9.838269599921034,0.8692263557088598,0.6058229296377835,6576.109810410501,775.31101468478
dewas,2021,hdv,365949352.0,10.951385466312606,10.603216739558043,15.227874342177625,0.1616248397018092,0.1616248397018092,0.046387995229880075,0.04638799522988006,43.44471660408108,41.98711272307906,2.29971048617475,2.26918232121682,1.3397001849251349,1.3177409558113637,0.9574833752479732,0.9387422546031272,1.4308923521689718,1.3825492833158235,7375.8667846326825,7100.697317966136,16.639018712347664,973.0633125449691,275.1694666665462,0.8692263557088598,0.6058229296377835,6576.109810410501,775.31101468478
dewas,2021,lmv,19629489.44865082,0.3754345072152339,0.35127822717298723,14.790562697209609,0.007416860413670951,0.00736488949121197,0.0320589294484771,0.031695678712920866,0.3142359198461687,0.30393733444703813,6.516996026614646,6.439929293457418,1.3714692494418192,1.3584069317498566,0.553978466117408,0.5488992371586576,0.16729663944479595,0.16564541129045507,4799.167183239825,4562.249455998229,16.019064160399104,973.0633125449691,236.91772724159637,0.8692263557088598,0.6058229296377835,6576.109810410501,775.31101468478
dewas,2022,2w,411766204.6535009,19.617203617690894,18.668318722179986,16.022661946107362,0.1279620335793517,0.1272419873741652,0.24179297539823233,0.23960920781041561,3.242375295829512,3.156062951174718,0.029965855058991124,0.02986317580210183,0.7027367453195752,0.6990074880569707,0.5391485002110852,0.535935546544902,5.756171997927856,5.71261914101676,14627.745951196152,14130.47749344388,17.79878095173046,973.0633125449691,497.2684577522723,0.8692263557088598,0.6484168162616996,7099.54837892382,857.0701379802005
dewas,2022,3w,4276171.438061006,0.21607056787579343,0.20561922617503692,16.022661946107362,0.0013288793178368847,0.0013214016740139933,0.038920623296349564,0.03856910938031371,0.06632344975042355,0.06455791308940945,0.0007578486883474416,0.0007552518880892527,0.009174485191800258,0.009125798374496265,0.007038780829823406,0.006996834544776177,0.0935501900526533,0.09284236234305117,521.0566191277059,503.34336226231324,17.79878095173046,973.0633125449691,17.713256865392623,0.8692263557088598,0.6484168162616996,7099.54837892382,857.0701379802005
dewas,2022,hdv,360830371.0,12.474176312825698,12.061609647574638,15.333796979284479,0.18491835421876376,0.18491835421876376,0.05307347403557095,0.05307347403557095,49.47354901330247,47.746261815476196,2.6266497509020947,2.589365757061451,1.5293506183191905,1.5031088129913148,1.09252286732388,1.0702100512003327,1.6294222368743978,1.5720806817048782,8381.011957091654,8070.79012005025,16.766221608178025,973.0633125449691,310.2218370414039,0.8692263557088598,0.6484168162616996,7099.54837892382,857.0701379802005
dewas,2022,lmv,20418158.908438023,0.34172174267028627,0.309679712831979,16.022661946107362,0.007345562722422567,0.007267688242547309,0.031831772766110975,0.031282342282044594,0.3025634647133806,0.287478715475542,7.44103154531395,7.3035958612229095,1.4975388268034031,1.4750324212022141,0.590475925660511,0.581957018966533,0.16432438029153248,0.16193465115126002,4624.995293748686,4286.895739556056,17.79878095173046,973.0633125449691,338.0995541926304,0.8692263557088598,0.6484168162616996,7099.54837892382,857.0701379802005
dewas,2023,2w,411335977.5593572,20.831426318739368,19.80998672833333,16.470284635880578,0.13742542270259336,0.13660326512265777,0.2608380672452582,0.25834121340438665,3.437882311851007,3.3409251078443556,0.02753761658626761,0.02740502858680851,0.6789443880845655,0.6749653726961112,0.5344722969915742,0.5310552219688109,6.210474585287162,6.161492757436121,15069.98968607866,14554.090935297527,18.231172729392863,973.0633125449691,515.8987507811325,0.8692263557088598,0.644431914614956,7563.899443090031,873.8598995251009
dewas,2023,3w,3733209.7575945943,0.20052051293716938,0.19068827257740587,16.470284635880578,0.001247247887284185,0.0012397861361436518,0.03669343480561393,0.036342189511563275,0.06145767376755643,0.05972440785769263,0.0006086441667180632,0.0006057136693674739,0.007746482258547246,0.007701083294134114,0.0060981138352299525,0.006059126384262667,0.0882098304023037,0.087514122100434,469.13922895261175,453.07894309968543,18.231172729392863,973.0633125449691,16.060285852926313,0.8692263557088598,0.644431914614956,7563.899443090031,873.8598995251009
dewas,2023,hdv,306026866.0,12.368194020859713,11.889423422225672,14.788527564981301,0.1804041454451041,0.1804041454451041,0.05177784957929587,0.05177784957929587,49.09679076925013,47.09238762972268,2.577458768005662,2.534990411458409,1.5040445664915765,1.4737508396062113,1.0763038574249897,1.0504863428572127,1.6170845864583103,1.55058245414821,8365.544739597915,7989.577737249129,16.580840740295614,973.0633125449691,375.9670023487861,0.8692263557088598,0.644431914614956,7563.899443090031,873.8598995251009
dewas,2023,lmv,24038228.68304822,0.4220312565003407,0.38263048920783055,16.470284635880578,0.009283289448773165,0.00918144332640192,0.04036917467295448,0.03964971903710805,0.3754218636043742,0.3561666130544861,8.022469125010886,7.862066259176718,1.7001184163947374,1.673479276942295,0.6880875523114255,0.677812951125964,0.2085083397464146,0.20542046396891536,5548.8894504341815,5146.526375606567,18.231172729392863,973.0633125449691,402.3630748276146,0.8692263557088598,0.644431914614956,7563.899443090031,873.8598995251009
dhanbad,2021,2w,591975582.0493069,63.536160527963446,61.30663330482932,13.407619546373079,0.34195591099644473,0.3407503627792336,0.4928971328215083,0.4903162734651184,8.105171414653103,7.983622920325954,0.021307380172261227,0.021292587307362547,0.6626159355862786,0.6618048186497696,0.6078295627319138,0.6068541019361819,16.59210627762976,16.503769635094287,26215.816881762705,25896.343833491672,14.870751473271168,2415.0857242069064,319.4730482710329,0.9297692274149852,0.5619636034420579,25752.88034159974,4133.24851298666
dhanbad,2021,3w,17491923.650231086,1.9911723426456533,1.92130074658145,13.407619546373079,0.010104245628152991,0.010068623622767009,0.2257468868322502,0.22456485324702358,0.4717320684540029,0.4646577797421371,0.0015332580528359728,0.0015321935728742377,0.024613891859787383,0.024583761668995605,0.022578767462070975,0.02254253246491781,0.767258667766638,0.7631737701934997,2657.053345638205,2624.6737735814504,14.870751473271168,2415.0857242069064,32.37957205675457,0.9297692274149852,0.5619636034420579,25752.88034159974,4133.24851298666
dhanbad,2021,hdv,726571530.0,53.137935943222395,52.022919612487236,11.557953843219954,0.7180630946418859,0.7180630946418859,0.20609151087453723,0.20609151087453723,211.78323290905064,207.1157928284213,10.589476096730031,10.499287122686841,6.230627915611114,6.161812556191556,4.493246225271364,4.433946834154955,6.978586936142633,6.824155876411566,36622.01683205455,35616.177082046495,12.563940263524927,2415.0857242069064,1005.8397500080537,0.9297692274149852,0.5619636034420579,25752.88034159974,4133.24851298666
dhanbad,2021,lmv,134130209.30046225,5.371426467067022,4.961071436705279,13.407619546373079,0.09027026385435097,0.08956765647252946,0.2996382187373679,0.2959563556332378,3.559729705177489,3.4336727680928285,24.633415903411457,24.307622231262766,6.530995232318564,6.469508234314537,3.0742236843731794,3.047296173358937,2.1844019188489496,2.159274725957877,39787.912914031076,37839.03811447749,14.870751473271168,2415.0857242069064,1948.8747995535887,0.9297692274149852,0.5619636034420579,25752.88034159974,4133.24851298666
dhanbad,2022,2w,699568433.055608,75.1099328025137,71.38963798348124,13.706504252673799,0.41604982992231115,0.4139786900824418,0.6049702621810367,0.6003973987485479,9.907764281063265,9.691178140431699,0.028288941528930123,0.028218931106208107,0.8705935329552664,0.8682830379753892,0.7918746618770715,0.7894731677168789,19.975970987019362,19.82794806192745,32918.076451633795,32225.33748232137,15.533191582925934,2415.0857242069064,692.7389693124242,0.9297692274149852,0.600385628842952,29102.249980924138,4224.593967217719
dhanbad,2022,3w,20681793.334589988,2.3551006244166954,2.2384493597383663,13.706504252673799,0.012299949787272028,0.012238719342741946,0.2772194610910906,0.27512400811489396,0.5769432173150039,0.5643310980460128,0.0020366955169208753,0.002031655034442949,0.03235624078070621,0.03227036955715398,0.029430596780175435,0.029341343506013296,0.9242136766193877,0.9173652079310792,3338.0707587339525,3267.8232854256344,15.533191582925934,2415.0857242069064,70.24747330831815,0.9297692274149852,0.600385628842952,29102.249980924138,4224.593967217719
dhanbad,2022,hdv,788776830.0,57.47683492983915,55.83933175415953,12.304853663531047,0.788409103148567,0.788409103148567,0.22628154053253716,0.22628154053253716,228.90277573300094,222.0480823039227,11.562864450021353,11.428632172084493,6.788734775109658,6.687318280739109,4.887911037277616,4.800655353372021,7.542508774888756,7.315621356799079,39316.12624089116,37881.929211941555,13.627229770265899,2415.0857242069064,1434.197028949602,0.9297692274149852,0.600385628842952,29102.249980924138,4224.593967217719
dhanbad,2022,lmv,142153461.6098021,5.6304764633875575,5.067139108046977,13.706504252673799,0.09840886107157071,0.09740141306421506,0.3293303877764902,0.32397305826922623,3.8846109924588124,3.702003903299038,29.258176089542722,28.73241362934472,7.682951581394901,7.58474893972482,3.586670118724403,3.5440649592744418,2.35524393247627,2.3198743207965387,44410.534345747685,41482.96187450144,15.533191582925934,2415.0857242069064,2927.572471246247,0.9297692274149852,0.600385628842952,29102.249980924138,4224.593967217719
dhanbad,2023,2w,678562049.9669118,80.70007706964539,77.84483620736765,14.395383447688992,0.4525164670800095,0.4508652917262795,0.6481058373899181,0.6445078847832851,10.719757908948578,10.548926862335819,0.030827961882967905,0.03078321034299331,0.9481343368090182,0.9464750595444659,0.8621470611370736,0.8603554572934464,21.690268737935092,21.57382633765956,35612.03864714078,35090.06797483274,15.78489632099142,2415.0857242069064,521.970672308038,0.9297692274149852,0.5806922705115847,30829.40240128053,4230.556306698197
dhanbad,2023,3w,21482955.779411737,2.7097705673896244,2.6138964625268595,14.395383447688992,0.014326458799470886,0.014274183363333599,0.3180402591162149,0.3162746620280759,0.6684806824017683,0.6578277128491841,0.00237684411999014,0.0023733937642691585,0.03773627032931695,0.03767023017764695,0.03431392926047791,0.034242622437866965,1.0746719237992275,1.0689026371284251,3867.2691842819827,3810.586074502257,15.78489632099142,2415.0857242069064,56.68310977972578,0.9297692274149852,0.5806922705115847,30829.40240128053,4230.556306698197
dhanbad,2023,hdv,743169474.0,57.83462283067786,56.42062099504816,12.822762725605301,0.8035973542430108,0.8035973542430108,0.2306407251765509,0.2306407251765509,230.17509800153724,224.25592469812247,11.72381032399314,11.606943143989335,6.873024914771008,6.7852602137543165,4.9421026614281045,4.866665661912749,7.583947639946909,7.3879788699822475,39428.837388635584,38199.98353883213,14.021870929757446,2415.0857242069064,1228.853849803454,0.9297692274149852,0.5806922705115847,30829.40240128053,4230.556306698197
dhanbad,2023,lmv,138142449.25367647,5.95603954524129,5.514625559150382,14.395383447688992,0.1070490028770479,0.10622827433743523,0.3524586039075592,0.3481544327267658,4.17556316118088,4.02859362888866,31.781260809760674,31.355769561714084,8.355024791456547,8.275369805825688,3.9008988764168078,3.866290391626089,2.555713842483508,2.527253804058246,47412.47343763751,45101.71132951882,15.78489632099142,2415.0857242069064,2310.7621081186953,0.9297692274149852,0.5806922705115847,30829.40240128053,4230.556306698197
durgapur,2021,2w,552474174.2631931,8.639168043290999,8.464592931159839,12.673738232854665,0.04704096822734836,0.04693677010212999,0.08017512122116953,0.07991813839141701,1.1504795261146339,1.1395134681795835,0.00348333242047227,0.0034802641972424978,0.10608861803848749,0.10597332839028777,0.09569689742602666,0.09557256720000329,2.263164224311132,2.2558797530152543,4000.990256749199,3966.5208903226976,13.495567594523557,2149.571303136613,34.46936642650144,0.8939479035327695,0.5226846026511316,3669.2539155943496,549.7275352980677
durgapur,2021,3w,5911885.807512434,0.09804830301021185,0.09606700187027505,12.673738232854665,0.0005033734523533039,0.0005022584546822007,0.013297970913074561,0.013255347339288105,0.024248918084267965,0.024017783992319002,9.077377503011132e-05,9.069381877799925e-05,0.0014271429600383487,0.0014255920414493837,0.001287349726900194,0.0012856771911459357,0.03789977461015489,0.037777786193537895,146.85361719198912,145.58844261839218,13.495567594523557,2149.571303136613,1.265174573596937,0.8939479035327695,0.5226846026511316,3669.2539155943496,549.7275352980677
durgapur,2021,hdv,750853615.0,6.910871459728,6.743604947738942,12.90860702240384,0.09838552810557472,0.09838552810557472,0.028237660850094843,0.028237660850094843,27.469220191556314,26.769012853221962,1.4185011125575233,1.404533450741267,0.8303669524353224,0.8199565006249262,0.5957366224421028,0.5867993701952294,0.9048218045499049,0.8816327368687427,4731.138153190338,4584.085628183091,14.092555903217981,2149.571303136613,147.0525250072469,0.8939479035327695,0.5226846026511316,3669.2539155943496,549.7275352980677
durgapur,2021,lmv,99049423.9292945,0.5860352042182966,0.5605374926169423,12.673738232854665,0.009832072615794829,0.009786455279536562,0.03860787781906588,0.03832941374495691,0.40160523085878097,0.3931772702570231,3.191841745399348,3.166384792956722,0.8282881884811071,0.8235361978813603,0.3833452071355597,0.3812892453114711,0.23602532372495488,0.23443502585739748,4856.4669387251015,4714.257160987528,13.495567594523557,2149.571303136613,142.20977773757386,0.8939479035327695,0.5226846026511316,3669.2539155943496,549.7275352980677
durgapur,2022,2w,612835880.6697942,10.042037448812197,9.806964558391078,13.969473444377243,0.05701764594830797,0.056875056686923636,0.09711919220358789,0.09676561179367135,1.377324259329287,1.362188614810746,0.00426973694046684,0.0042654586772076985,0.1298035116746235,0.129642053722086,0.11693601102409869,0.11676223122852618,2.734839359893247,2.7249514630685887,4789.962268187238,4741.090124433752,14.870163116842269,2149.571303136613,48.87214375348594,0.8939479035327695,0.5688163348480662,3986.180453129661,616.5907112824013
durgapur,2022,3w,6569852.923132411,0.11417930723674084,0.11150649707095159,13.969473444377243,0.0006112526366671066,0.0006097240210862281,0.01613794467362355,0.016079191496589824,0.029083527228677162,0.02876392352860663,0.00011147154004094331,0.00011135984590126996,0.001749373472703812,0.001747197489515975,0.001575957021888115,0.0015736149761256812,0.04588278669472299,0.04571689605137534,176.13540167192406,174.33828633183887,14.870163116842269,2149.571303136613,1.7971153400851847,0.8939479035327695,0.5688163348480662,3986.180453129661,616.5907112824013
durgapur,2022,hdv,820642634.0,8.719113732382633,8.547183882026388,14.192929834676423,0.12736956939508476,0.12736956939508476,0.0365563795047336,0.0365563795047336,34.608675997731574,33.888895903398954,1.8202514938401662,1.8052033908665968,1.0613929839115723,1.0505546473860659,0.7593466626382841,0.7500946442519858,1.1399626123757745,1.116091618570889,5879.261218866674,5743.724802948022,15.018370022800454,2149.571303136613,135.53641591865198,0.8939479035327695,0.5688163348480662,3986.180453129661,616.5907112824013
durgapur,2022,lmv,108796764.40707318,0.6435242967729637,0.6118443484988128,13.969473444377243,0.011750697723157658,0.011689435359317922,0.04598306402923854,0.04560878201472597,0.46601815206871294,0.4548675666869278,3.826737636010532,3.7919900689904917,0.995479077299676,0.9889981160863525,0.4605881203752507,0.457786820380918,0.280643944384335,0.2785416752948608,5531.840604402323,5349.780424973989,14.870163116842269,2149.571303136613,182.06017942833387,0.8939479035327695,0.5688163348480662,3986.180453129661,616.5907112824013
durgapur,2023,2w,628724198.5779489,10.764256154644857,10.489962694648572,14.99979446563679,0.062366472377124685,0.062190525814030985,0.1095447209597264,0.10909767289296572,1.498734463892227,1.4800767299915574,0.004707533985905955,0.004701776622479088,0.1429978354051318,0.142788543100029,0.12871572309014598,0.12849305449366855,2.9915101510341886,2.9795433266802354,5237.622936446634,5178.170280297467,16.020804370459672,2149.571303136613,59.452656149167524,0.8939479035327695,0.5559279395717844,4207.557918511464,603.5829851186808
durgapur,2023,3w,4571694.32044599,0.083014725612079,0.0808993545180017,14.99979446563679,0.0004534904942383945,0.000452211119426646,0.012346394788965884,0.012296009595836394,0.021465505445233655,0.021198281531799083,8.336080350573316e-05,8.325885236894366e-05,0.0013071670858541494,0.001305253909953424,0.001176611912891358,0.0011745764620781063,0.03404191569453887,0.03390573911307289,130.63343212893824,129.1506021092545,16.020804370459672,2149.571303136613,1.482830019683746,0.8939479035327695,0.5559279395717844,4207.557918511464,603.5829851186808
durgapur,2023,hdv,784886922.0,8.365487718664625,8.172681833887912,14.183737259857413,0.12195823302060878,0.12195823302060878,0.035003270178286056,0.035003270178286056,33.20863207612034,32.40145716606431,1.7437019850362427,1.7268562685631328,1.0172221699046535,1.0050737097971447,0.7279248935324536,0.7175522838530066,1.0938294283297505,1.0670614901052748,5653.975666872931,5500.785094357779,15.19868629414901,2149.571303136613,153.19057251515187,0.8939479035327695,0.5559279395717844,4207.557918511464,603.5829851186808
durgapur,2023,lmv,110263068.10160482,0.6639180931907969,0.6280141004964683,14.99979446563679,0.01266689465452755,0.012592722920018447,0.051033793899107234,0.05056836271537976,0.4950245244559924,0.48169672395053986,4.138640532122223,4.095769654620617,1.0784045548966121,1.0704213406486844,0.498833826575044,0.49538774408170533,0.3022093199122538,0.29970603308002686,5846.246390505213,5633.673946540594,16.020804370459672,2149.571303136613,212.5724439646183,0.8939479035327695,0.5559279395717844,4207.557918511464,603.5829851186808
erode,2021,2w,421108189.5139054,41.49423062075201,40.40936036767125,12.163794629898115,0.21696223419245492,0.21640354180009505,0.33027830642418887,0.3290258139687161,5.35331758220402,5.294948576238012,0.01624187686839613,0.016244957718860184,0.49324200132117285,0.4929531311983765,0.44430658857395156,0.4438689540882398,10.37863056766989,10.337324745070276,18672.005994175408,18495.896610058615,13.325374350398798,1453.2001105798436,176.10938411679308,0.8902221490495829,0.4955214302506875,18528.633074564677,1914.785862871981
erode,2021,3w,10588133.290123746,1.1065410586505922,1.077610446843027,12.163794629898115,0.005455189691761859,0.005441142210221989,0.12871745951326993,0.1282293328522323,0.26512344697127355,0.26223271765802714,0.0009945195982313814,0.0009947082442967688,0.015590871630765822,0.01558174074371562,0.014044073636481315,0.014030240461144153,0.4083873380128397,0.4067620007560698,1610.3481907036569,1595.159815755251,13.325374350398798,1453.2001105798436,15.188374948405908,0.8902221490495829,0.4955214302506875,18528.633074564677,1914.785862871981
erode,2021,hdv,668007845.0,28.799674421441843,27.96958350195958,15.953492933805084,0.4178940621097962,0.4178940621097962,0.11993990401171878,0.11993990401171876,114.35609571991642,110.88086147620922,5.989659260666082,5.915939396852671,3.4946542718000684,3.4421135047226747,2.5018100413280755,2.457039329549246,3.766946751577435,3.6516410395423744,19390.281575554927,18737.21704022514,17.312276387441162,1453.2001105798436,653.0645353297878,0.8902221490495829,0.4955214302506875,18528.633074564677,1914.785862871981
erode,2021,lmv,75614510.19597074,2.912349820119049,2.7389158982200192,12.163794629898115,0.04559812630169625,0.045332081808950736,0.160334559778325,0.1588625968738953,1.9057183501001567,1.8549573744963646,15.080496797272255,14.942181090588022,3.8865509472528603,3.860364629644021,1.7945152573691403,1.7830873542240653,1.0902417682669985,1.0806033871644933,23414.866249306582,22502.430576627667,13.325374350398798,1453.2001105798436,912.4356726789156,0.8902221490495829,0.4955214302506875,18528.633074564677,1914.785862871981
erode,2022,2w,437217325.1182476,49.26333317536281,48.14061451571068,13.444996349945447,0.2635132828520011,0.2628836763094384,0.39173535269192944,0.39036408412931717,6.33447420905225,6.271395677038532,0.01754948831758322,0.017550014062991018,0.5412500685826916,0.5409407646689884,0.49335170340099993,0.4929045609920743,12.721963949966959,12.676487133344502,21127.882206021073,20980.593586176947,14.56302371406975,1453.2001105798436,147.28861984412652,0.8902221490495829,0.5329240720555883,20590.95261259617,2107.9501181772457
erode,2022,3w,11505719.08205911,1.3749734139854006,1.3436375662279652,13.444996349945447,0.0069345600750526405,0.006917991481827304,0.15978678859802328,0.15922745536853675,0.3283419645840469,0.32507234370614285,0.001124688570198054,0.0011247222634796063,0.017906017306494992,0.017895784695816094,0.016321409736574383,0.01630661705537684,0.5239345843206713,0.522061691337558,1907.1087969807231,1893.8137861575467,14.56302371406975,1453.2001105798436,13.295010823176426,0.8902221490495829,0.5329240720555883,20590.95261259617,2107.9501181772457
erode,2022,hdv,668585591.0,31.857092399958187,31.08666556234343,15.86658911784672,0.4651033130707121,0.4651033130707121,0.13348944573081065,0.13348944573081065,126.45404180934358,123.22842293114836,6.6494665838969125,6.578716617104832,3.8771472060266507,3.827919012170363,2.773917627312619,2.732143807200292,4.165291027148415,4.058153717079239,21422.210054390765,20852.15123531657,16.98098803927583,1453.2001105798436,570.0588190741946,0.8902221490495829,0.5329240720555883,20590.95261259617,2107.9501181772457
erode,2022,lmv,90903745.79969314,3.834885853997607,3.6279702315839732,13.444996349945447,0.06387373321859918,0.06352411985080553,0.21875968095268677,0.21687636778585506,2.5605888517679505,2.4969553464720193,18.657143133367942,18.489704987551335,4.9018846579184,4.870178650964413,2.2923404198186508,2.2784483508016256,1.5382432169991362,1.5257991258222587,29559.478039022357,28546.315797558735,14.56302371406975,1453.2001105798436,1013.1622414636222,0.8902221490495829,0.5329240720555883,20590.95261259617,2107.9501181772457
erode,2023,2w,624628600.0722969,55.262056216318435,53.26710554868818,14.200732916884386,0.3103673352943109,0.30905920131514963,0.48329665728996,0.48019225798868664,7.347904015195986,7.211749686015241,0.020744720963782513,0.02064489696263484,0.6417001190389461,0.6392939805789076,0.5848765284267363,0.5826962568372542,14.977603520133762,14.889704046173547,24336.60576788136,23912.552986114246,15.382958528421922,1453.2001105798436,424.05278176711363,0.8902221490495829,0.6537110595488915,21998.327894126338,2097.743130416759
erode,2023,3w,12360084.817778211,1.159793659715564,1.1179253092744217,14.200732916884386,0.006141516076051401,0.006115630858926248,0.14823306036771045,0.14728090271859373,0.28639305143176663,0.2810862790897386,0.0009996744737590974,0.0009948640207291415,0.01596306703632463,0.015903211430260862,0.014549511452844497,0.014495274558526295,0.4638188749570993,0.46109684836140635,1651.819891246631,1623.0377830700743,15.382958528421922,1453.2001105798436,28.782108176556676,0.8902221490495829,0.6537110595488915,21998.327894126338,2097.743130416759
erode,2023,hdv,579650747.0,31.16830590795178,30.501061157268868,15.787791220519185,0.4516623088208973,0.4516623088208973,0.12963173894405958,0.12963173894405958,123.77005773288822,120.97650726648574,6.474497349799606,6.414116597561605,3.779100038619891,3.7366429319418435,2.7059365925182868,2.669842321566298,4.076950029587879,3.9842072706928873,21032.678348410365,20524.773808847287,16.804332924996057,1453.2001105798436,507.9045395630783,0.8902221490495829,0.6537110595488915,21998.327894126338,2097.743130416759
erode,2023,lmv,127316952.1099249,4.148454327214544,3.8543596079441875,14.200732916884386,0.07363025894115877,0.07305961638698653,0.2638637422349917,0.26062535862757474,2.889050867896161,2.786789815015549,21.519837490110202,21.19441320983044,5.679762980147772,5.620022552081491,2.656959357483755,2.6313299844423916,1.7710318780344552,1.7515434717246425,32905.711690090495,31331.010010520822,15.382958528421922,1453.2001105798436,1574.7016795696727,0.8902221490495829,0.6537110595488915,21998.327894126338,2097.743130416759
faridabad,2021,2w,848915843.265723,124.66552227470251,120.19466015980385,12.858903283890097,0.5795581173827609,0.577627900969756,0.3810406041786634,0.3785600167849604,11.304800513733413,11.142321824401117,0.018452911559760643,0.018398161509942928,0.6098781715438016,0.6085408235769815,0.5874888989148598,0.5862257403328243,29.14647956556556,28.988683624084494,27465.31144801695,27149.743751926948,14.286283105512052,3996.3993216339595,315.56769609000185,0.9148664627874814,0.6789622963051056,73636.1997966318,16022.132071171685
faridabad,2021,3w,248623596.65891775,38.72381808072676,37.3350712320202,12.858903283890097,0.16973628747728575,0.16917098132740263,1.7297393335868712,1.7184786712368907,6.521387786965388,6.427658884897055,0.013161155668798896,0.013122106333619897,0.2245460540683996,0.22405366686243405,0.21630273096410746,0.21583765894072157,13.358888190713458,13.286564590381136,27590.866079677824,27273.855800789453,14.286283105512052,3996.3993216339595,317.0102788883705,0.9148664627874814,0.6789622963051056,73636.1997966318,16022.132071171685
faridabad,2021,hdv,2084925206.0,222.64630484901863,215.37890606630825,13.607231726555229,3.2217801496605767,3.2217801496605767,0.924684117180933,0.924684117180933,884.2038220286697,853.7800837817828,46.23545320244783,45.61352566077023,26.98174323041172,26.526429875972273,19.321260395007084,18.93152482514228,29.126889855761608,28.118598783879676,150240.42376897097,144308.9060361146,15.015765596500746,3996.3993216339595,5931.517732856359,0.9148664627874814,0.6789622963051056,73636.1997966318,16022.132071171685
faridabad,2021,lmv,618971903.0753587,34.75090467533743,32.103883012748014,12.858903283890097,0.4933862314166285,0.48967450754969655,0.7481411177194845,0.7381083331905252,16.153880257604012,15.599433252473569,69.0946399323193,68.05145730553612,19.42396624282197,19.22624519167349,9.596115408532004,9.508402541189083,12.388092524062863,12.245127291797305,137001.7004249202,130451.09688648014,14.286283105512052,3996.3993216339595,6550.603538440046,0.9148664627874814,0.6789622963051056,73636.1997966318,16022.132071171685
faridabad,2022,2w,1155594029.890313,137.1620393476778,130.63690439872695,13.218126945824324,0.671955326513533,0.6688260492017294,0.41552342631399913,0.411800650558052,12.893124476179365,12.622980735427504,0.022294557988618468,0.022164607467096416,0.7360696839886918,0.7330583274730421,0.7073166978443866,0.7045882134623441,33.05935780467661,32.82097192143453,31586.671272405718,30955.042065165293,14.825969335479465,3996.3993216339595,631.6292072404249,0.9148664627874814,0.7280420115170926,78982.37408251732,15306.964768858148
faridabad,2022,3w,377258069.40799576,47.49209048432271,45.23277514538645,13.218126945824324,0.21936818869943187,0.2183465971311495,2.102618397144508,2.0837805259266697,8.29069313417903,8.116982032511562,0.017724889428605423,0.0176215745915791,0.30209032171069744,0.3008544310356889,0.29028981012406646,0.28917001298707906,16.890175572729067,16.768383145731306,35370.41930512075,34663.12762146138,14.825969335479465,3996.3993216339595,707.2916836593649,0.9148664627874814,0.7280420115170926,78982.37408251732,15306.964768858148
faridabad,2022,hdv,2212898459.0,216.92092003436557,206.97276695378952,13.138841052866024,3.1585049104526437,3.1585049104526437,0.9065234712062022,0.9065234712062022,861.174498124793,819.5266037961493,45.19714496349561,44.32379215930564,26.364193570270835,25.73654235840283,18.86787830183706,18.33228981504641,28.366430873152233,26.985079105904603,146368.57331179897,138589.06319972556,14.630245568491208,3996.3993216339595,7779.510112073418,0.9148664627874814,0.7280420115170926,78982.37408251732,15306.964768858148
faridabad,2022,lmv,803752641.7016914,35.83678849149642,32.513910996624205,13.218126945824324,0.5445844204881815,0.5394273626823929,0.7756938658176963,0.7626047330478957,17.414997799137183,16.654919433598028,79.14334012342482,77.56660235377116,22.273450548694687,21.976201454545592,10.982648520254642,10.85140378725145,13.366077808577101,13.17695193374395,147929.68954091426,138953.8912737047,14.825969335479465,3996.3993216339595,8975.798267209553,0.9148664627874814,0.7280420115170926,78982.37408251732,15306.964768858148
faridabad,2023,2w,1256389333.936192,139.1325083602907,132.05528459519667,13.463453277856965,0.706929434517069,0.7030861355953211,0.39416324783074586,0.39001640453988773,13.257607814891019,12.92808302385306,0.024308547156734247,0.024121050009121844,0.8013732072568776,0.7971277473309134,0.7681589574537534,0.764364286932529,33.86098526138449,33.58782737421096,32820.52551448563,32044.749240681052,15.140457934232172,3996.3993216339595,775.7762738045749,0.9148664627874814,0.72122421723737,83793.0396841522,14253.55742953141
faridabad,2023,3w,502075278.7622644,58.9694825108944,55.96989436316492,13.463453277856965,0.28250143750299694,0.2809655876470786,2.4414757960759097,2.4157899474320574,10.435401944799498,10.176024559884342,0.023656746724593274,0.023474277056453455,0.40259098683060623,0.40045816795711997,0.3859049315894409,0.3839985786742168,21.176329733257,21.00549945636534,44987.64163978011,43924.272164383954,15.140457934232172,3996.3993216339595,1063.3694753961536,0.9148664627874814,0.72122421723737,83793.0396841522,14253.55742953141
faridabad,2023,hdv,1716073919.0,196.86715939542074,189.5519516932633,12.909155270871146,2.8160574784204475,2.8160574784204475,0.8082375278270649,0.8082375278270647,782.3102440053092,751.6856709263168,40.58562578617444,39.95028130440415,23.721312725967373,23.26114652831903,17.007293654101485,16.614108927073264,25.771260117996377,24.755857927329725,133464.03637231336,127626.97399089315,14.320263411394084,3996.3993216339595,5837.062381420212,0.9148664627874814,0.72122421723737,83793.0396841522,14253.55742953141
faridabad,2023,lmv,867521220.3015435,35.60123131515819,32.10935291443896,13.463453277856965,0.5677730861680053,0.5617454666810471,0.7284017721219531,0.7145460262397755,17.640916269619844,16.777227644997797,85.21505264062039,83.25830943078739,23.990279324906204,23.622746759611204,11.805039948098855,11.643281049341752,13.557928554129779,13.3485971470813,150660.39060447298,140688.02036844162,15.140457934232172,3996.3993216339595,9972.370236031362,0.9148664627874814,0.72122421723737,83793.0396841522,14253.55742953141
firozabad,2021,2w,318264430.1087167,29.824358173714955,28.565904050784,11.723478587351975,0.1639567245312272,0.16317971685747865,0.23008044806201336,0.22835837045448887,4.118772857356347,4.033315400224737,0.01825781995996517,0.018230311982618288,0.5198560271273437,0.5185137407105411,0.4465025622781336,0.44506659901515633,7.546806081800215,7.495274191007567,16020.947264443757,15661.564606019607,13.57900405826565,862.1640886875864,359.3826584241506,0.8415264866093515,0.5229327666577317,12468.032663086877,1759.9489011771147
firozabad,2021,3w,12782230.140200706,1.2704095206017398,1.2168039378864333,11.723478587351975,0.006584878446126546,0.00655367203420309,0.14322866420137018,0.14215664405600628,0.32582603822952816,0.31906570799072154,0.0017857426401476518,0.0017830521673420127,0.026247397266898925,0.026179625570526638,0.022543799670002945,0.022471298253731384,0.47433833237383904,0.4710994057500846,2207.0380417904144,2157.5296584464286,13.57900405826565,862.1640886875864,49.50838334398577,0.8415264866093515,0.5229327666577317,12468.032663086877,1759.9489011771147
firozabad,2021,hdv,355552244.0,20.839500653834506,19.99769099593124,11.056515899836409,0.2812573610536313,0.2812573610536313,0.0807237621828154,0.0807237621828154,83.0614118563854,79.53750177657446,4.144458720067151,4.074901639581569,2.440990187465762,2.388744160636367,1.7608207213136968,1.7159119260862195,2.7367527474854922,2.6200859496674367,14460.835716038564,13710.821758359012,13.079096537338055,862.1640886875864,750.0139576795518,0.8415264866093515,0.5229327666577317,12468.032663086877,1759.9489011771147
firozabad,2021,lmv,36306773.751082584,1.3375368617734869,1.2123864087954108,11.723478587351975,0.02190778413473159,0.021693975936990278,0.07104675153739239,0.0699264577693404,0.9347032509388294,0.8927887412873599,10.794095438878738,10.623058471617506,2.6062083030726773,2.574890134641264,1.1471740036277955,1.1340109460506276,0.5041720067258846,0.49694200214788375,12847.730138470224,11981.293520584082,13.57900405826565,862.1640886875864,866.4366178861419,0.8415264866093515,0.5229327666577317,12468.032663086877,1759.9489011771147
firozabad,2022,2w,375213259.94582117,33.72952375057113,31.96163131312795,11.81496622638604,0.18424364435507498,0.1831994114915495,0.25736463798039794,0.2550567376859942,4.629160358401408,4.513217727979491,0.019809804817987862,0.019756101168410593,0.5678264733627595,0.5658348774556565,0.4899699371593255,0.4879519840741344,8.498839104862485,8.428435019093188,17799.55096564473,17282.200681183942,13.961255402347756,862.1640886875864,517.3502844607865,0.8415264866093515,0.5498019901450212,13806.6590166236,1805.3683197530097
firozabad,2022,3w,15243317.662562184,1.4533346766332156,1.3771598867697719,11.81496622638604,0.007485035040121105,0.00744261230363598,0.16206226147867467,0.1606089789146308,0.37042728157959,0.36114950546443947,0.001959895603260932,0.0019545823986305676,0.029000239926409065,0.028898524416738656,0.025023922625865926,0.024920860992821224,0.5403403908050733,0.5358642299142181,2480.3528546294565,2408.260516042802,13.961255402347756,862.1640886875864,72.09233858665448,0.8415264866093515,0.5498019901450212,13806.6590166236,1805.3683197530097
firozabad,2022,hdv,427665922.0,25.845612020328463,24.479383932649327,12.765360442897679,0.35529440525230194,0.35529440525230194,0.10197315713633076,0.10197315713633076,102.91946559118821,97.20022285084582,5.208491813946813,5.094819831936785,3.056308830832468,2.971359316939123,2.199951360489829,2.1269915806821476,3.3913477658161266,3.2019614215541634,17612.443675151673,16440.65818499152,15.164980182955235,862.1640886875864,1171.7854901601531,0.8415264866093515,0.5498019901450212,13806.6590166236,1805.3683197530097
firozabad,2022,lmv,44547089.3916166,1.5855916459179047,1.4130042169192134,11.81496622638604,0.025645105754070238,0.02535584133351665,0.08283449165852551,0.0813258386734717,1.0978214463213565,1.0409925582836437,12.221956619822281,11.993295229906977,2.967948633526402,2.9262664094235253,1.3121726595542422,1.2946645952661144,0.5916852360604717,0.5818162092723423,14956.693522750345,13778.227603011635,13.961255402347756,862.1640886875864,1178.46591973871,0.8415264866093515,0.5498019901450212,13806.6590166236,1805.3683197530097
firozabad,2023,2w,375199080.40078264,37.20834493104799,34.852266128313914,12.80331097988978,0.21055777596724848,0.2090489646993724,0.288000266369147,0.28469329319508574,5.233075765487111,5.065252121431172,0.023841568392443554,0.02371219474801414,0.6770433178253407,0.6732585299956295,0.5801368917747615,0.57658838192023,9.650329133524538,9.552316836208416,20245.114678786875,19462.820870279094,15.326167986248189,862.1640886875864,782.2938085077803,0.8415264866093515,0.5213488544078932,14665.5905017565,1760.8420659831604
firozabad,2023,3w,16388724.411698055,1.723764149370319,1.614613253764226,12.80331097988978,0.009197179692927885,0.009131274701817377,0.19498804037620693,0.19274908335399232,0.4502355946480812,0.4357966334016449,0.002536119004166434,0.0025223570337761098,0.03717786750176349,0.03697003687002895,0.031856532554761924,0.03166167644182631,0.6596780221718599,0.6529780891905683,3033.2396710861294,2916.0319075313387,15.326167986248189,862.1640886875864,117.20776355479074,0.8415264866093515,0.5213488544078932,14665.5905017565,1760.8420659831604
firozabad,2023,hdv,345178604.0,24.03004528004079,22.906351338498855,12.218862449621296,0.32802285889064964,0.32802285889064964,0.09414594218057408,0.09414594218057408,95.72376660650298,91.01976347351814,4.818709863276725,4.7245966985051595,2.831382146314099,2.761389387858965,2.0396960073125707,1.9796292304780378,3.154158438881679,2.9983603447411893,16459.09526016762,15473.7974463892,14.527557085707082,862.1640886875864,985.2978137784212,0.8415264866093515,0.5213488544078932,14665.5905017565,1760.8420659831604
firozabad,2023,lmv,42065881.18751927,1.615616371418397,1.4113944015865594,12.80331097988978,0.02762050640672755,0.027246595376071214,0.08724243460551624,0.08532503424252466,1.1603244863536752,1.08811834487268,13.812148986747713,13.48475897041835,3.3293359486004275,3.2706804766665805,1.462353854610896,1.4380176465956993,0.6324964124608873,0.6201028539354333,15759.87493684918,14280.799020050858,15.326167986248189,862.1640886875864,1479.0759167983233,0.8415264866093515,0.5213488544078932,14665.5905017565,1760.8420659831604
gangtok,2021,2w,24495941.197851386,6.660475102851148,6.419215767547885,15.8296360413549,0.03262831594430922,0.03254198631811655,0.018158307077408724,0.018056126359377218,0.6147097257232889,0.6072909736566369,0.0010500292797748787,0.0010494697620117618,0.03455973883452926,0.034536281896673134,0.03323417528708749,0.03320591989751485,1.5909861553645195,1.5834213684083915,1487.766501338729,1469.7377547001224,17.330558588215315,200.07766322522923,18.028746638606663,0.8145264176103484,0.5778037794916046,3762.724652575568,757.9884368714021
gangtok,2021,3w,10378286.682796966,2.992890626240658,2.8844805215601244,15.8296360413549,0.013823760194060973,0.01378718459965496,0.11924456311040409,0.1185735481843963,0.5129807090842615,0.5067896947950481,0.0010833888497416516,0.0010828115560247344,0.018407152753601056,0.018394659156924394,0.017701133219738506,0.017686083879392897,1.0548833449492916,1.049867608174209,2162.0682907230303,2135.8683585470217,17.330558588215315,200.07766322522923,26.199932176008588,0.8145264176103484,0.5778037794916046,3762.724652575568,757.9884368714021
gangtok,2021,hdv,52429783.0,11.812243654024531,11.331909284053935,18.124011256303156,0.18166372003165843,0.18166372003165843,0.052139360470941976,0.052139360470941976,46.75131076702144,44.740419790241454,2.548964082501966,2.5071532826051777,1.4759928409853385,1.4457587753160561,1.0501777707390632,1.0243515191100276,1.539695100723402,1.4730165744197752,7781.976166738181,7408.035676928852,19.98234570963343,200.07766322522923,373.94048980932894,0.8145264176103484,0.5778037794916046,3762.724652575568,757.9884368714021
gangtok,2021,lmv,19631681.119351648,1.8952245216692614,1.7504058643883147,15.8296360413549,0.03033160948288578,0.03012679113565754,0.038760633651310675,0.03827863322386157,0.9335382705358163,0.9035321200999024,4.239378146907454,4.1851753481345595,1.1948235081873644,1.184482194788803,0.5902089385372726,0.5855981364856975,0.7360251523724225,0.7281982948322399,7658.874874417132,7296.282540450184,17.330558588215315,200.07766322522923,362.592333966948,0.8145264176103484,0.5778037794916046,3762.724652575568,757.9884368714021
gangtok,2022,2w,33351566.153144475,8.834147197489024,8.539883639143637,16.414573337770864,0.04466681929871475,0.04455576228008684,0.023734656579269937,0.02360914125164058,0.8322782966489835,0.8226808344805043,0.0014756044965523324,0.0014746361927989134,0.04849263403384256,0.04845688762039786,0.046551882229434016,0.04651057916421381,2.1444645851056863,2.135087690774477,2027.6212377317486,2003.7865176569771,17.734483272749763,200.07766322522923,23.83472007477144,0.8145264176103484,0.6214072376184493,4968.118316305022,929.9372223549678
gangtok,2022,3w,15350077.314903961,4.312340749902877,4.168697599579899,16.414573337770864,0.02055792901891871,0.020506814962850894,0.16932028270738742,0.1684248709415869,0.7545053454452446,0.7458047262677627,0.0016539246663641574,0.001652839347455158,0.02805787276847816,0.02803718986806775,0.02693495238503835,0.02691105440193254,1.5446131066948159,1.5378591253119223,3200.989615061048,3163.361930946544,17.734483272749763,200.07766322522923,37.62768411450406,0.8145264176103484,0.6214072376184493,4968.118316305022,929.9372223549678
gangtok,2022,hdv,52693133.0,14.771768899473194,14.14078576740222,19.186045107299197,0.23369345956429438,0.23369345956429438,0.06707243210587582,0.06707243210587582,58.367957121296755,55.726322973884166,3.24284182452484,3.1870919306076315,1.8722064218350374,1.8323254538519427,1.328248227094663,1.2942436116456664,1.921910225894778,1.834276773249223,9664.537270433946,9187.94643921433,20.904709905568218,200.07766322522923,476.5908312196152,0.8145264176103484,0.6214072376184493,4968.118316305022,929.9372223549678
gangtok,2022,lmv,26255811.53195155,2.4125604855689806,2.2454485552989816,16.414573337770864,0.04071465859936491,0.04046168436545962,0.04961706327727827,0.049047965082297876,1.2299791364066204,1.1934109975380127,5.8221622175095336,5.753087527953428,1.64132306807928,1.6281594079753905,0.8097026451727664,0.8038401413491443,0.971857500041702,0.9624716333561714,10069.64503302571,9635.085608656555,17.734483272749763,200.07766322522923,434.55942436915575,0.8145264176103484,0.6214072376184493,4968.118316305022,929.9372223549678
gangtok,2023,2w,27573387.194860816,9.423093898742279,9.082649160489764,16.322103535104528,0.0488047173896391,0.04867481627573974,0.023368898910725473,0.023236467813214715,0.9004098388726292,0.889072864770919,0.0017400171233488365,0.0017391750891459737,0.05680325102332101,0.0567641370698897,0.054234826000317364,0.0541866885683621,2.2600794926329097,2.2494511991513315,2251.7515846155825,2219.7456235148506,17.7892644934739,200.07766322522923,32.00596110073184,0.8145264176103484,0.6059831795177674,5623.627161660761,908.0911263976468
gangtok,2023,3w,15258996.23921688,5.530742891884749,5.330923985652584,16.322103535104528,0.027008324869254603,0.026936438140415204,0.200449877272526,0.19931393170040004,0.9814665332598212,0.9691089820771359,0.002344988884782953,0.0023438540908663737,0.03951788300700387,0.039490671525129264,0.03773103599133486,0.03769754689748907,1.9573390650608808,1.94813444456225,4274.245103178301,4213.491810744991,17.7892644934739,200.07766322522923,60.75329243330998,0.8145264176103484,0.6059831795177674,5623.627161660761,908.0911263976468
gangtok,2023,hdv,55255424.0,14.359866793405097,13.562964130745565,18.697546725476233,0.22432821609037865,0.22432821609037865,0.06438451067996022,0.06438451067996022,56.78268320502977,53.44640615285971,3.1277865682506185,3.057178963645722,1.8083584947888305,1.7579512172426963,1.2846275337523245,1.241662468085223,1.8698476847727719,1.7591605140619588,9429.955506820177,8829.247492214747,20.867125745631018,200.07766322522923,600.7080146054304,0.8145264176103484,0.6059831795177674,5623.627161660761,908.0911263976468
gangtok,2023,lmv,20496002.565922294,2.428936187290956,2.246888632875682,16.322103535104528,0.04199765369426572,0.04172203198727282,0.046114909881998414,0.04555478640656568,1.2556172642977743,1.215739137967342,6.4785071751568895,6.3995859492020335,1.814671806233002,1.7996279811848481,0.8904230205656106,0.8837277571900192,0.9669286321244699,0.9570024116989502,10552.3703627277,10049.936293202194,17.7892644934739,200.07766322522923,502.43406952550504,0.8145264176103484,0.6059831795177674,5623.627161660761,908.0911263976468
gaya,2021,2w,219327802.84232432,11.782437689608127,11.184938762874,12.112308519909275,0.06583202174895929,0.06547720439097458,0.09513535662676971,0.09432461068833167,1.670991840624892,1.6307173873482936,0.008325266211891235,0.008316244476538108,0.23076140963143668,0.2301129276433567,0.1948141779386322,0.1941023523787634,3.011765947949073,2.9880160340630972,6729.855135780787,6545.876888322128,14.040390175097121,698.0364926497252,183.9782474586591,0.8709004510111088,0.5425855390986555,4920.689500788574,600.076018362688
gaya,2021,3w,8131214.092920574,0.4632879071002299,0.43979412469682866,12.112308519909275,0.0024406128911773984,0.00242745862681023,0.05466827328302006,0.05420238886215735,0.12202124563016693,0.11908027438398383,0.0007516423771359717,0.0007508278544007071,0.010754977927801472,0.010724754462450324,0.009079603851871013,0.009046428165359732,0.17473883241185253,0.1733608925938054,855.7965337181149,832.4010900899831,14.040390175097121,698.0364926497252,23.39544362813183,0.8709004510111088,0.5425855390986555,4920.689500788574,600.076018362688
gaya,2021,hdv,305497363.0,8.622209568416157,8.163066013255794,14.0530478633523,0.12258615508133543,0.12258615508133543,0.03518349028313792,0.03518349028313792,34.27404188136322,32.35185872463604,1.7711910321851636,1.7311403877359195,1.0358903716164236,1.0069733240065475,0.7431519853211042,0.7184570929527844,1.1291151179822299,1.0653739082977942,5846.701316046347,5480.38520649984,16.2915015694209,698.0364926497252,366.3161095465066,0.8709004510111088,0.5425855390986555,4920.689500788574,600.076018362688
gaya,2021,lmv,21725390.064755116,0.45302178545942645,0.40460351458413385,12.112308519909275,0.0076283171880692086,0.00754341051436505,0.025454743042139974,0.0249968290662829,0.32726120284543886,0.3104544789513319,4.258361547057101,4.183198116912205,1.0021510506305413,0.9884409080597206,0.4337086902812731,0.4280013267515915,0.17437324884593985,0.1715180442414885,4632.703251061623,4275.20014776155,14.040390175097121,698.0364926497252,357.5031033000723,0.8709004510111088,0.5425855390986555,4920.689500788574,600.076018362688
gaya,2022,2w,261563071.34300813,13.91369479324139,13.058491682795902,13.354453714926576,0.08098411738706296,0.08042408257222725,0.11600433170494963,0.11472491291837635,2.0159050927075737,1.9529995619790057,0.009855339041992386,0.00981727692841309,0.27549621587293377,0.27416688580503557,0.2337821397551746,0.23248239725997075,3.70319755670254,3.667101098938048,7955.049780666803,7677.667785495537,15.546836150897981,698.0364926497252,277.38199517126577,0.8709004510111088,0.6055388764741612,5398.135324310174,662.7416180674621
gaya,2022,3w,9841138.377621636,0.555220492795533,0.5210939506025517,13.354453714926576,0.003046974106488083,0.0030259031652394375,0.06765109256508937,0.06690496457583352,0.14939580713462214,0.14473396934750488,0.0009030086268737995,0.000899521134787256,0.013030743023450678,0.01296786681132834,0.011057701743631836,0.010996224999212694,0.21804809368211642,0.21592269699892333,1026.6322695321319,990.8349690649364,15.546836150897981,698.0364926497252,35.79730046719544,0.8709004510111088,0.6055388764741612,5398.135324310174,662.7416180674621
gaya,2022,hdv,316580286.0,9.794292707763034,9.276618795877527,14.359604329625821,0.14038733737490455,0.14038733737490455,0.04029261311873549,0.04029261311873549,38.91639925898491,36.74917586349433,2.023151732457849,1.9779196765638338,1.1816244704783587,1.1490060456978346,0.8469309370956096,0.8190808059975727,1.282063796030229,1.2101931434933184,6605.298627525483,6198.443541144555,16.50464338654906,698.0364926497252,406.8550863809287,0.8709004510111088,0.6055388764741612,5398.135324310174,662.7416180674621
gaya,2022,lmv,27059304.279370267,0.5397871194140227,0.4731291858655687,13.354453714926576,0.009768094267270738,0.009636406647057436,0.032238487274954736,0.03153400321521003,0.40577024847804216,0.3806231232844774,5.214734617605831,5.094570697307412,1.2417150061027589,1.2201195002462155,0.5405870601254812,0.5316462346879427,0.22281733594812314,0.21852310928008184,5550.780772003234,5053.327937242146,15.546836150897981,698.0364926497252,497.4528347610885,0.8709004510111088,0.6055388764741612,5398.135324310174,662.7416180674621
gaya,2023,2w,261690443.07179442,14.79911911577817,13.883262197621553,13.917544014129344,0.08818676265337205,0.08753631194315095,0.11803239807745958,0.11662302878494753,2.173364182588317,2.100786290653744,0.011598592715453711,0.011542151782141056,0.3186470553514192,0.31682676019784606,0.26736770020123785,0.2656483107559558,3.993570028862746,3.9531804689624384,8674.039244871852,8351.197760798026,16.154267661868907,698.0364926497252,322.841484073826,0.8709004510111088,0.5950725035935608,5664.072371382565,637.2242730506292
gaya,2023,3w,12378285.798033578,0.7424421393318614,0.6964954336990152,13.917544014129344,0.004171344352179167,0.004140577218713609,0.0865377446155077,0.08550443815142732,0.20249045933436635,0.1957284399760416,0.0013360704582160265,0.0013295688881132409,0.018948166176348778,0.018839923358846926,0.015898868445572447,0.01579662592870646,0.2956245182195099,0.2926346760230965,1407.3338223228072,1354.9538725716466,16.154267661868907,698.0364926497252,52.379949751160666,0.8709004510111088,0.5950725035935608,5664.072371382565,637.2242730506292
gaya,2023,hdv,271570279.0,8.80428505951479,8.374257967985606,12.598717717471041,0.12234207274765786,0.12234207274765786,0.03511343613705974,0.03511343613705974,35.03988426361847,33.239661348975865,1.784546486682596,1.7479200643229427,1.0462770848166831,1.0193699703580734,0.7523412780933372,0.7292963626040484,1.1545016212300692,1.0948478785517104,6004.249086609153,5649.543979471665,14.715200240977762,698.0364926497252,354.7051071374881,0.8709004510111088,0.5950725035935608,5664.072371382565,637.2242730506292
gaya,2023,lmv,25093604.130172055,0.5207282129739235,0.4557285174379205,13.917544014129344,0.00983910360048896,0.009700247616847452,0.03030104011757993,0.029602796064168324,0.4014323940007606,0.3754176849428475,5.654737135479926,5.515088881313204,1.326043648893974,1.301269520468949,0.5711075098471153,0.5609668648046928,0.22204888516134033,0.21765625552660242,5507.556730119194,4999.305665322623,16.154267661868907,698.0364926497252,508.251064796571,0.8709004510111088,0.5950725035935608,5664.072371382565,637.2242730506292
ghaziabad,2021,2w,1200643109.8643205,88.04218457867188,83.8397403351593,13.97654618589622,0.4459970371835058,0.44408828516343557,0.4784110884032655,0.475073537047332,9.450154313353957,9.272341419329143,0.016661800535847524,0.016586342822747905,0.5457807450197759,0.5439811728056229,0.5213246402842863,0.5196642860423377,22.913825823999257,22.76009587152919,24570.207985930545,24119.492794685022,15.492228389288847,4100.649745299709,450.7151912455229,0.9006275195285984,0.6646233565635657,38444.21451878837,5426.666333596805
ghaziabad,2021,3w,94297679.50787365,7.333849396986156,6.9837888739693454,13.97654618589622,0.0350282988577214,0.03487838679411997,0.5823981783659373,0.5783351792486175,1.4619259992453382,1.4344185867569943,0.003186841203070606,0.0031724086842874174,0.053887733130322336,0.05371005213276074,0.051473056435662565,0.051309121142766395,2.816379555206302,2.79748433017993,6619.100950096059,6497.680351934894,15.492228389288847,4100.649745299709,121.42059816116489,0.9006275195285984,0.6646233565635657,38444.21451878837,5426.666333596805
ghaziabad,2021,hdv,2336938912.0,78.34272575375954,74.83050882556105,14.403590411911095,1.1486357345980107,1.1486357345980107,0.3296702974351405,0.3296702974351405,310.90359278414087,296.20043326246497,16.405630300379812,16.107003482897163,9.556755945496622,9.337096902096427,6.833896171316422,6.64572747348922,10.241226483053497,9.754035110920531,52551.99883204706,49676.552495148826,16.070153148220882,4100.649745299709,2875.4463368982324,0.9006275195285984,0.6646233565635657,38444.21451878837,5426.666333596805
ghaziabad,2021,lmv,567089302.627806,15.306891563008053,13.915003099476925,13.97654618589622,0.24520432861731595,0.24306341102460025,0.6053485117931395,0.5966644747066728,8.608453081545893,8.26191449059453,40.067089985695816,39.36499967274832,11.196764216659451,11.064393606957442,5.488944572662363,5.430540459177542,6.278972125383742,6.1962238862153125,76923.42030603166,72553.60188776685,15.492228389288847,4100.649745299709,4369.818418264811,0.9006275195285984,0.6646233565635657,38444.21451878837,5426.666333596805
ghaziabad,2022,2w,2019271895.5834222,97.36667669993282,91.5389972006005,14.024304836502717,0.5023933879959955,0.4995861994853948,0.5346487331271915,0.5297360984824347,10.512723215482234,10.246917284420933,0.018465606060753897,0.018315364241202642,0.6069368736245778,0.6035336309549368,0.5805138694015893,0.5774909821764431,25.83494045693362,25.616051151974734,27020.782428016682,26283.47000209253,15.648694461053797,4100.649745299709,737.3124259241522,0.9006275195285984,0.7617629210913577,42571.765359125035,5566.713598328469
ghaziabad,2022,3w,161624717.9382114,8.2656579760854,7.770934245458587,14.024304836502717,0.04021211299304226,0.039987422572590414,0.6633049212386685,0.657210125657549,1.6574011131944286,1.6154950307261033,0.003599382204660464,0.003570096529989978,0.061071858251748816,0.06072941348862975,0.058413094155155325,0.05810892192877098,3.2361373570410863,3.208718836065006,7418.4640921950495,7216.037468502017,15.648694461053797,4100.649745299709,202.42662369303252,0.9006275195285984,0.7617629210913577,42571.765359125035,5566.713598328469
ghaziabad,2022,hdv,2946439255.0,81.56338504154797,77.09527829197712,13.921529194785748,1.205380037483806,1.205380037483806,0.345956497356177,0.345956497356177,323.54277839303035,304.83752298965993,17.153423634416313,16.767263814792933,9.986766186563301,9.706077850485064,7.135992740180465,6.89601769524342,10.656670536010122,10.03656368372208,54698.77956011237,51139.57540333749,15.556288896063652,4100.649745299709,3559.204156774882,0.9006275195285984,0.7617629210913577,42571.765359125035,5566.713598328469
ghaziabad,2022,lmv,971982015.4783666,17.206789913384448,15.398351505346778,14.024304836502717,0.2813852563626587,0.27846416255157075,0.6890187037527781,0.6772259794180311,9.743727469390976,9.274483937511288,45.20555519692838,44.20466633693593,12.68037040044354,12.492644292064853,6.2250805026406795,6.142589307234464,7.210930385317907,7.099863914671583,85990.05885359952,80149.83228935815,15.648694461053797,4100.649745299709,5840.2265642413695,0.9006275195285984,0.7617629210913577,42571.765359125035,5566.713598328469
ghaziabad,2023,2w,2635797842.0946093,101.04783231151912,93.5779368485334,13.667470940111466,0.5136314862724304,0.5099864885464911,0.5610498470329895,0.5545402778083354,10.712876325885667,10.366170383127638,0.018293266412789094,0.018072898252784797,0.6036456443516894,0.5987395262336648,0.578707611818328,0.5744150876653663,26.65591679752082,26.372963574561755,27143.88978668911,26142.968582403715,15.508071886896222,4100.649745299709,1000.9212042853942,0.9006275195285984,0.774576358452598,45220.21416926917,5429.420338204598
ghaziabad,2023,3w,192059920.6589546,7.809185746341315,7.231896755159687,13.667470940111466,0.037426247539162766,0.03716065130759075,0.6336621892934252,0.6263101368722988,1.537553212607933,1.4877926422530057,0.003246140596452364,0.0032070362607796847,0.0552956987518522,0.0548462840463313,0.05301130235583475,0.0526180946442109,3.0396583579126797,3.0073923084798615,6784.218540734295,6534.052914315601,15.508071886896222,4100.649745299709,250.16562641869405,0.9006275195285984,0.774576358452598,45220.21416926917,5429.420338204598
ghaziabad,2023,hdv,2215718305.0,78.47039739239762,74.43695117428945,14.396690624414205,1.1529251178094349,1.1529251178094349,0.33090139463726453,0.33090139463726453,311.37377776791277,294.48807208298496,16.44516457744221,16.09507861813714,9.580596016836566,9.326916041168161,6.849850419236046,6.633078676503522,10.256203490244157,9.696344581833165,52707.35942582793,49512.49114458496,16.157934172821154,4100.649745299709,3194.868281242976,0.9006275195285984,0.774576358452598,45220.21416926917,5429.420338204598
ghaziabad,2023,lmv,1313621417.2464366,18.90164302788041,16.565089043239183,13.667470940111466,0.2983941728584587,0.2946882122162929,0.7508848350622811,0.7355747084716312,10.377677954404477,9.780412693311497,46.61006062894713,45.329125714385256,13.102142358370601,12.862451152078732,6.444328767384366,6.339185017103334,7.7244950965748655,7.582772311923865,91075.53341042367,83608.4421178388,15.508071886896222,4100.649745299709,7467.091292584868,0.9006275195285984,0.774576358452598,45220.21416926917,5429.420338204598
guntur,2021,2w,486949090.9101654,47.74258839178494,46.37323685637744,12.947484521061288,0.2589232193413878,0.25817081172154904,0.29098601356686243,0.28961191481424164,6.3053719228645555,6.225257714931026,0.02444622203689031,0.024455486889716493,0.7148569148460912,0.7143147649660835,0.6264224984391694,0.6256138611093205,11.864055318023986,11.811874620012714,23135.00040387105,22840.27923171053,14.358509395803393,1344.169289564807,294.7211721605199,0.8532980338388554,0.5130871727725744,20792.44355001671,2716.8933555933863
guntur,2021,3w,36719984.28092985,3.8183786454291937,3.7088600198788164,12.947484521061288,0.01952494977742453,0.019468212027033235,0.34011261480065286,0.3385065296351858,0.9365458689609752,0.9246463915941998,0.004489335876006657,0.0044910372855788885,0.06776768996509942,0.06771629472191165,0.05938419952268121,0.059307541547182444,1.4000985084027877,1.3939405703710928,5983.999351869617,5907.768045519792,14.358509395803393,1344.169289564807,76.23130634982499,0.8532980338388554,0.5130871727725744,20792.44355001671,2716.8933555933863
guntur,2021,hdv,622224475.0,39.756728744103455,38.75618643308236,14.805851545496232,0.5642884217959252,0.5642884217959252,0.1619565944618408,0.1619565944618408,158.05144353679302,153.8629130522587,8.169642246524031,8.08497657488391,4.774750272477253,4.712255724034241,3.425490463388986,3.3719244349029864,5.207386688280103,5.06861890479792,26808.856871317115,25982.39092677366,16.124593989104735,1344.169289564807,826.4659445434554,0.8532980338388554,0.5130871727725744,20792.44355001671,2716.8933555933863
guntur,2021,lmv,69931689.80890457,2.6528006380740297,2.4828288210631775,12.947484521061288,0.043486559873099996,0.0432044103708902,0.1128261025794736,0.11162657783088026,1.7876438546174795,1.7343796397601425,18.11478591771563,17.934323142169397,4.4985838313566475,4.464629666738516,2.0209628614588375,2.006353684355299,0.9954406011437491,0.9857892465075462,23018.34958491027,22002.067977310548,14.358509395803393,1344.169289564807,1016.2816075997216,0.8532980338388554,0.5130871727725744,20792.44355001671,2716.8933555933863
guntur,2022,2w,506223993.4686823,51.814783982856746,50.18475111279228,13.81755357546134,0.2850940473412897,0.28416918667599894,0.31076958958573186,0.3091205460020236,6.800855002049293,6.7044366881822,0.02412979404812861,0.0241270549264423,0.7182083968527039,0.7174529613942564,0.6374343119042444,0.6364462825377193,13.130314072684378,13.066698400886256,24028.18629975268,23704.076831055456,15.336467155593866,1344.169289564807,324.10946869722466,0.8532980338388554,0.5567439211810584,21835.38935180886,2724.3751080114403
guntur,2022,3w,40836052.39541842,4.433113220619262,4.293652632137071,13.81755357546134,0.022997952694968522,0.02292334607996498,0.38857176429383605,0.38650987730041075,1.0805975017366425,1.0652774590280352,0.004740302553297106,0.004739764452329582,0.0728343313031798,0.07275772173317219,0.0646429393762293,0.06454274219316364,1.657611091028948,1.6495800536484182,6648.522097386604,6558.842046727605,15.336467155593866,1344.169289564807,89.68005065899979,0.8532980338388554,0.5567439211810584,21835.38935180886,2724.3751080114403
guntur,2022,hdv,633429590.0,40.25546816886133,39.21968337719814,14.917131121248465,0.5742633419448429,0.5742633419448429,0.1648194993788085,0.1648194993788085,159.99127615161376,155.6551919653601,8.29844897640239,8.210537784439538,4.846739241010482,4.781990975274877,3.475276519619304,3.4197987190118697,5.271223779169926,5.127554628246233,27085.48502402223,26237.421583070245,16.243112991508077,1344.169289564807,848.0634409519844,0.8532980338388554,0.5567439211810584,21835.38935180886,2724.3751080114403
guntur,2022,lmv,83102667.13589928,3.2049539141801335,2.982321107470656,13.81755357546134,0.054605795519029936,0.05421688657979069,0.13720577610204962,0.13559916303085257,2.178415253174477,2.1072256843241997,20.303926378324594,20.072310690897588,5.143901481221442,5.1004122909110405,2.3417809030297017,2.322998111775426,1.2548762565874547,1.2416757638153741,26717.608774685676,25461.304162079985,15.336467155593866,1344.169289564807,1256.3046126056906,0.8532980338388554,0.5567439211810584,21835.38935180886,2724.3751080114403
guntur,2023,2w,511216527.8202995,52.44931091989551,50.77021835029365,13.693689373373317,0.28827521748590423,0.2873143985478184,0.28807558055629984,0.2864779329456195,6.733397999338302,6.635469410773289,0.022371835232920807,0.022359958825439404,0.6746693219492915,0.6738333267844195,0.6044294523070394,0.6034161793028543,13.270971872638107,13.205148375374051,22993.503367171874,22684.59928498002,15.211869404575994,1344.169289564807,308.9040821918534,0.8532980338388554,0.5630361916600738,22609.77087206102,2648.78446739484
guntur,2023,3w,50643880.32612306,5.510816865273635,5.334395640883298,13.693689373373317,0.02855810565748207,0.028462921725297866,0.442344092386916,0.4398908820837871,1.3138802666508316,1.294771572931971,0.005397282118534886,0.005394416894423207,0.08402290300591435,0.08391878868150945,0.07527527277863895,0.07514908038100158,2.057459613096782,2.0472546945336734,7813.225046907827,7708.25900178052,15.211869404575994,1344.169289564807,104.96604512730755,0.8532980338388554,0.5630361916600738,22609.77087206102,2648.78446739484
guntur,2023,hdv,603978506.0,38.710220420035995,37.58224838684616,14.76817590518286,0.5506695041528297,0.5506695041528297,0.1580478246970596,0.1580478246970596,153.87276164170265,149.1505833610649,7.965270954575764,7.867205961414766,4.65411181155722,4.583136790795327,3.3381753886439416,3.277538798846695,5.069651163075436,4.913075714991417,26085.216886318787,25191.228123055556,16.30321284404862,1344.169289564807,893.9887632632308,0.8532980338388554,0.5630361916600738,22609.77087206102,2648.78446739484
guntur,2023,lmv,94462439.85357736,3.645827215311658,3.3896083089354168,13.693689373373317,0.062139164319145186,0.061689121612056856,0.1431202276684181,0.14140286297706814,2.425747078616808,2.3452381193575187,21.179001559827828,20.926814161759268,5.437215367367432,5.389905960070595,2.498711967964432,2.4782223657728477,1.427251411413706,1.4120117192993604,28736.214678134118,27379.49722606363,15.211869404575994,1344.169289564807,1356.7174520704866,0.8532980338388554,0.5630361916600738,22609.77087206102,2648.78446739484
gurgaon,2021,2w,1266218775.706046,75.37708680068458,72.22679029015468,14.095506987765557,0.3648869253865431,0.36346116967397035,0.21253597292747556,0.2109058427073749,6.793184415309322,6.671416802941269,0.010956596468593495,0.010893125025119322,0.3638883404752732,0.3624551394995781,0.35163569789268095,0.3503604059424761,18.204864225585876,18.093840582140086,15973.517217083512,15683.408621795441,15.348557178844153,5439.5604224464805,290.10859528807123,0.9090351295935356,0.7284101728693614,44565.97698995779,9696.887824004234
gurgaon,2021,3w,501543307.2535196,31.665995342384925,30.342552385596818,14.095506987765557,0.14452999658758833,0.143965261449286,1.304859753047623,1.2948516057813635,5.299959022051839,5.2049574268781,0.010568826707640543,0.010507601610149256,0.18119760911554958,0.1804839490135555,0.1750964256085064,0.17446139604971458,11.284794045947951,11.215972936655874,21702.17912672787,21308.027443314546,15.348557178844153,5439.5604224464805,394.1516834133254,0.9090351295935356,0.7284101728693614,44565.97698995779,9696.887824004234
gurgaon,2021,hdv,3419105454.0,142.38349847579224,136.5824075452892,14.58605202418006,2.1224712537622756,2.1224712537622756,0.6091711309767193,0.6091711309767193,564.5325656261912,540.2470350354265,30.126210993330407,29.626491353551085,17.51309782783908,17.148998420854998,12.501631530618726,12.190220088853053,18.594552301452612,17.78953133775127,94969.58190699987,90353.88036380452,15.965719428880698,5439.5604224464805,4615.701543195348,0.9090351295935356,0.7284101728693614,44565.97698995779,9696.887824004234
gurgaon,2021,lmv,1099177340.0404348,23.631706080294418,21.7675792322126,14.095506987765557,0.3681404697175788,0.36528933582058803,0.49302040729935365,0.48611504325440985,11.283836428580868,10.8736447910983,48.217954767466814,47.39857591646205,13.681737771006972,13.527197881894349,6.787698131727186,6.7193984802476034,9.147128523510029,9.040619091601783,90541.27673898038,85937.31256830334,15.348557178844153,5439.5604224464805,4603.964170677034,0.9090351295935356,0.7284101728693614,44565.97698995779,9696.887824004234
gurgaon,2022,2w,2592753008.8647037,81.48961448602537,75.50062798921938,14.857526268456244,0.4252687305646533,0.4224153751432281,0.2325491590240731,0.22954758156053795,7.7515812216110165,7.5010560072696775,0.013424709301061375,0.013268103056458947,0.4455467543403696,0.44207986105593045,0.4293480967028081,0.4263123080456687,20.652455892227906,20.44155130499899,18392.457778096847,17685.94064094811,16.497313352272506,5439.5604224464805,706.5171371487377,0.9090351295935356,0.8265794175387324,47801.579599368604,9264.05547215963
gurgaon,2022,3w,1131847320.062381,37.729675296642924,34.956775739985694,14.857526268456244,0.1856479469313967,0.184402335538455,1.5735232756940696,1.5532133677911886,6.66524961814474,6.449833815679958,0.014271939957556462,0.014105450324908144,0.24451449888088547,0.24261187998430472,0.2356247322824162,0.23395870209595993,14.109281747683267,13.965196595843702,27540.35707837048,26482.437877259898,16.497313352272506,5439.5604224464805,1057.9192011105843,0.9090351295935356,0.8265794175387324,47801.579599368604,9264.05547215963
gurgaon,2022,hdv,4579161703.0,134.86601514600838,127.0182865754342,13.719246463265904,2.012173451732703,2.012173451732703,0.5775145247034892,0.5775145247034892,534.7000900160168,501.8459167498412,28.544996415674827,27.860145707660624,16.594487396595415,16.10017430778608,11.845094584377168,11.422978386600917,17.611560411886256,16.52207371214496,90049.11068779256,83953.20950581439,15.127585835989924,5439.5604224464805,6095.901181978174,0.9090351295935356,0.8265794175387324,47801.579599368604,9264.05547215963
gurgaon,2022,lmv,2111142676.0729141,23.226674798453505,20.345188942150084,14.857526268456244,0.40130531547345216,0.39644895195133867,0.5035887075362813,0.49260087310776934,11.905147591802784,11.21285753276457,54.95177415790549,53.43476108482111,15.627284732959454,15.342560418924393,7.736734075072589,7.611452399004174,9.692708493578557,9.51928554153579,95253.56442876122,87350.61773254024,16.497313352272506,5439.5604224464805,7902.946696220984,0.9090351295935356,0.8265794175387324,47801.579599368604,9264.05547215963
gurgaon,2023,2w,3777523122.1665735,84.36784149096187,76.78620787293416,15.032866277956925,0.45469582695023675,0.450819157628055,0.23882828613222912,0.23496345104882194,8.205350836916502,7.864337090958757,0.014868261363125244,0.014625784394969626,0.49302686526744716,0.4877190276270828,0.4741146790250961,0.4695110017586974,21.71002479809354,21.436030498830753,19663.631242957606,18666.982769723938,16.80266581577125,5439.5604224464805,996.6484732336685,0.9090351295935356,0.8381055093700083,50713.08254358556,8626.514054010084
gurgaon,2023,3w,1753209030.943025,41.52958681528626,37.79757108539105,15.032866277956925,0.2110316216103124,0.20923239723872716,1.718082554501618,1.6902797098705955,7.5010686381110965,7.189324805847405,0.01680498674557408,0.01653092496145262,0.28766152913371773,0.2845646173839037,0.2766270220977063,0.27394095986583966,15.768609198906317,15.569599337425986,31303.53531780461,29716.919890784746,16.80266581577125,5439.5604224464805,1586.615427019864,0.9090351295935356,0.8381055093700083,50713.08254358556,8626.514054010084
gurgaon,2023,hdv,3528749565.0,128.8220489736334,122.1119877024442,14.391358435295203,1.918678893610853,1.918678893610853,0.5506806226610943,0.5506806226610943,510.78775237218457,482.6964067626553,27.247308131727028,26.662186059702435,15.83928583083136,15.416721297564546,11.307562515647508,10.946682009982661,16.824612212496756,15.89308884635498,85842.28418895231,80623.8737770514,15.833109292460284,5439.5604224464805,5218.4104119009135,0.9090351295935356,0.8381055093700083,50713.08254358556,8626.514054010084
gurgaon,2023,lmv,2941537134.890401,22.868522898277718,19.54705611813966,15.032866277956925,0.41014408381782186,0.40418391607747073,0.4942094912861433,0.4813105299849476,12.022204438875727,11.178898282114435,58.120640842439066,56.1400620117392,16.522373800752515,16.152122942853513,8.16383802809227,8.00149325759095,9.737333718925631,9.531469813509812,96946.0611725763,87292.11907693236,16.80266581577125,5439.5604224464805,9653.942095643943,0.9090351295935356,0.8381055093700083,50713.08254358556,8626.514054010084
guwahati,2021,2w,839699516.0065339,38.7615440825119,36.74107967518237,12.12909855257112,0.18647929837497917,0.18558369292286384,0.21927976042177597,0.217625230273419,4.127864667116746,4.042862638420967,0.007425814197521159,0.007389222998767056,0.24108154861069053,0.24019338503344406,0.22922626819368055,0.22840512970065824,9.578406947455342,9.505640026362942,11160.372050852391,10930.024191544682,13.656461725882377,3193.281506250138,230.34785930770886,0.918475181368002,0.6631912644012474,17417.002165808884,2011.2306052160015
guwahati,2021,3w,48998632.26581619,2.398917032936851,2.27387231152772,12.12909855257112,0.010881547972920251,0.01082928708510629,0.19833086260165086,0.19683439803559655,0.47444395956992985,0.4646740900809503,0.0010552504664006288,0.0010500506487746615,0.017685146396708984,0.017619992912428068,0.016815472334313488,0.016755235644509734,0.8747014405385313,0.8680563552908237,2233.787346704142,2187.682420173252,13.656461725882377,3193.281506250138,46.10492653088977,0.918475181368002,0.6631912644012474,17417.002165808884,2011.2306052160015
guwahati,2021,hdv,1496767520.0,27.48962486752009,26.276096318212996,13.1541172885003,0.38652694208078586,0.38652694208078586,0.11093721719102147,0.11093721719102147,109.33777296534637,104.25745969929204,5.61215050944596,5.507208248824041,3.2855420788615604,3.209295347346642,2.359619975758626,2.2944373594607455,3.60231822786446,3.4338953088767123,18684.945918241032,17715.599842310894,14.669895527303199,3193.281506250138,969.3460759301379,0.918475181368002,0.6631912644012474,17417.002165808884,2011.2306052160015
guwahati,2021,lmv,357858084.7276496,6.281395533436901,5.668314130817015,12.12909855257112,0.09281362733447583,0.09192434321724717,0.2517222894923944,0.24783691495253357,3.4468991737923016,3.2974103958978604,16.266179720495828,15.962106022087962,4.490642264529118,4.433375972220805,2.1896626142424664,2.1644339010374445,2.3798116942400647,2.345033883850964,32443.421971867236,30434.11325871936,13.656461725882377,3193.281506250138,2009.308713147875,0.918475181368002,0.6631912644012474,17417.002165808884,2011.2306052160015
guwahati,2022,2w,917145212.7811662,47.219601903871684,44.995887585797135,13.144144142441588,0.23044459062950365,0.2294395895497285,0.2662554453620168,0.26443408747266306,5.025322217179679,4.9333772576347945,0.008843219182300537,0.00881294143453391,0.2880556585308785,0.28727957513491725,0.27457576151514057,0.2738294908181027,11.89473033688728,11.812783382667696,13377.108391850677,13177.102627487513,14.834486452697552,3193.281506250138,200.00576436316442,0.918475181368002,0.6670662913999592,20585.58375871012,2398.5887025286356
guwahati,2022,3w,56282065.35687529,3.0733240071776247,2.9285918552048917,13.144144142441588,0.014141596478073485,0.014079922998598936,0.2532573856507718,0.2515249428202975,0.6074286231169594,0.5963149078634454,0.001321580833795,0.0013170559554318197,0.022222502598357344,0.022162630435556423,0.02118257493998187,0.021125002724290694,1.1423337970908312,1.1344638603438513,2815.7705858456497,2773.671028019202,14.834486452697552,3193.281506250138,42.099557826447835,0.918475181368002,0.6670662913999592,20585.58375871012,2398.5887025286356
guwahati,2022,hdv,1926437944.0,34.43537889797662,32.635647591534415,13.195277171910538,0.49050944945632785,0.49050944945632785,0.14078126879241412,0.14078126879241412,136.87044269306062,129.33596354205514,7.08863624558237,6.931813844788745,4.1422844901483025,4.028969827457073,2.970788509296973,2.874006321095697,4.509314921784274,4.259473379174326,23252.750753771434,21843.33260583463,14.680829616358912,3193.281506250138,1409.4181479368053,0.918475181368002,0.6670662913999592,20585.58375871012,2398.5887025286356
guwahati,2022,lmv,414319161.8619584,7.888236372505021,7.130809671800303,13.144144142441588,0.12126863005030775,0.12012974817754161,0.32261944772352164,0.31772586766060906,4.3921347534295005,4.205294161511299,20.383522948121524,20.014860177427614,5.660307246435614,5.590599604044333,2.7685644667948233,2.7377432262012507,3.120730907510275,3.0763674866591204,40248.88232848513,37886.628024364705,14.834486452697552,3193.281506250138,2362.2543041204262,0.918475181368002,0.6670662913999592,20585.58375871012,2398.5887025286356
guwahati,2023,2w,942606276.5948826,53.63711395646659,51.04001637379034,13.57327770536165,0.2666640951063896,0.2654195873744781,0.3079573957641701,0.3057040371628633,5.840410632490322,5.727701705597969,0.010681102754619334,0.01065140352671621,0.3467803172109965,0.3459545819427523,0.32959111408985714,0.3287596346807175,13.637067500162177,13.53800494373147,15826.908091325584,15616.174604532172,15.487414305024668,3193.281506250138,210.73348679341143,0.918475181368002,0.6314244177483107,22705.97359560463,2316.068926244044
guwahati,2023,3w,58558107.83283581,3.5340786797422163,3.3629593461480267,13.57327770536165,0.016566137128637838,0.016488823811536518,0.29653710565183783,0.2943673105866177,0.714660053382574,0.7008684601576923,0.00161593623924831,0.0016114430647373172,0.027082938244307308,0.027018449759332534,0.025740491445876645,0.025675554353511487,1.3258188844159209,1.3161878542803898,3372.530510405612,3327.6256490344617,15.487414305024668,3193.281506250138,44.90486137115022,0.918475181368002,0.6314244177483107,22705.97359560463,2316.068926244044
guwahati,2023,hdv,1667625924.0,32.48164385512373,31.084831051465404,12.91274581056115,0.4586015710547191,0.4586015710547191,0.13162337874395233,0.13162337874395233,129.1653820183811,123.31784114708076,6.65024419835,6.530440112639363,3.8904108278677043,3.802845042082831,2.7927227130679984,2.7177890890463874,4.255613030206208,4.061803145660369,22004.707393522807,20876.617752611866,14.442880181453921,3193.281506250138,1128.089640910941,0.918475181368002,0.6314244177483107,22705.97359560463,2316.068926244044
guwahati,2023,lmv,400047481.57228136,8.34069200090844,7.476825578161081,13.57327770536165,0.13173134132419081,0.1303591217836885,0.3501051245293963,0.34420998102000727,4.776556996941597,4.55229864810584,23.077560524371382,22.623637032415978,6.39234339472752,6.306416251055564,3.1181011961351506,3.0800888271754103,3.3573147296193397,3.3050212146188764,44398.55804075246,41610.293861272025,15.487414305024668,3193.281506250138,2788.2641794804367,0.918475181368002,0.6314244177483107,22705.97359560463,2316.068926244044
gwalior,2021,2w,838660025.0653111,62.93019415555555,61.24415922806277,14.2874145071685,0.3088892828229666,0.30790070048950385,0.39799447138727057,0.3961238883019652,6.883270842818349,6.797880052761771,0.012833854453896728,0.012820987738213722,0.41616388013528427,0.41569963551707495,0.3946980037757335,0.39417192940724743,15.837391971748412,15.76299784398336,18958.317667257368,18851.788406484426,16.150320617531257,3490.6770333130808,106.52926077294251,0.9080630286734714,0.6092999871906594,28978.676646629156,3416.531633877583
gwalior,2021,3w,33617174.00050816,2.6753982299862122,2.6037185709411594,14.2874145071685,0.01238163791906403,0.012342011201056026,0.24727715574588796,0.24611494747875187,0.5434624402813347,0.536720487479911,0.0012528058964302725,0.0012515498827102127,0.020971247968239713,0.020947853845224466,0.019889543770736116,0.019863033935169257,0.993494409250657,0.9888275960438174,2606.622588865284,2591.975636409926,16.150320617531257,3490.6770333130808,14.646952455357678,0.9080630286734714,0.6092999871906594,28978.676646629156,3416.531633877583
gwalior,2021,hdv,1246893217.0,43.97866879113474,42.814034189068984,14.046299356333916,0.6275032390718551,0.6275032390718551,0.18009989871917975,0.18009989871917972,174.7851862889047,169.90957702688365,9.044207973801337,8.943689508296892,5.290976255092498,5.217840520087033,3.7948256807506797,3.732287887038854,5.757516168528955,5.595889157586164,30000.218245502347,29048.60424630199,15.25816966319064,3490.6770333130808,951.6139992003555,0.9080630286734714,0.6092999871906594,28978.676646629156,3416.531633877583
gwalior,2021,lmv,328118260.9341806,9.477834441281832,8.840252143772238,14.2874145071685,0.14103733727649073,0.13996469949478635,0.41898053806610236,0.41396699113019475,5.274614982164192,5.1010815245823835,25.73491167260581,25.372466384172302,7.103397548933306,7.0346577979631615,3.45578225563297,3.425337103394558,3.6109849879476212,3.571343076018384,50836.01420205417,48678.420039940866,16.150320617531257,3490.6770333130808,2157.5941621133024,0.9080630286734714,0.6092999871906594,28978.676646629156,3416.531633877583
gwalior,2022,2w,1054720967.4755431,74.75566256285022,71.78430172356887,15.448818063104227,0.3984981697826123,0.3969395441825964,0.5288295048921028,0.5256837346417418,9.006434635992798,8.853295560886185,0.019627198266116558,0.019573700141498188,0.6267382868342524,0.6252843618601932,0.5867915248519645,0.5853584482935205,19.833378766432194,19.71627016081716,26466.601737940713,26050.284019698476,16.93872933877649,3490.6770333130808,416.3177182422369,0.9080630286734714,0.6449142439220825,31285.292177487365,3776.8162497365106
gwalior,2022,3w,40195826.05332843,3.0216320471094145,2.901529317393791,15.448818063104227,0.015186920151488361,0.015127520324015067,0.3123854189051729,0.3105271777360478,0.6760762762947243,0.6645807511687724,0.0018216003780837382,0.0018166352168462424,0.030027158520264722,0.02995750067968001,0.028113301046402354,0.028044642057640966,1.1828960648081126,1.1759115106195115,3459.749537073118,3405.3279287674636,16.93872933877649,3490.6770333130808,54.421608305654445,0.9080630286734714,0.6449142439220825,31285.292177487365,3776.8162497365106
gwalior,2022,hdv,1187433371.0,50.00797515434838,48.480219906147184,13.738698028530273,0.7032793053227527,0.7032793053227527,0.20184841092974673,0.20184841092974673,198.90003208482298,192.50443761537613,10.199627203662468,10.070167556554178,5.97527330683563,5.8798125630746325,4.2917824661743555,4.209973827806576,6.552563026923298,6.34066543169081,34158.03591239658,32876.456284463435,15.129964927101973,3490.6770333130808,1281.579627933148,0.9080630286734714,0.6449142439220825,31285.292177487365,3776.8162497365106
gwalior,2022,lmv,326381353.4711285,8.49338857422328,7.819200425134085,15.448818063104227,0.14329700868925227,0.14213205579463487,0.4371960135826979,0.4315410922921919,5.34296336802731,5.145013854656617,30.74541314796578,30.276791931179552,8.392913080069277,8.304800924269394,4.034904310826812,3.996233288025377,3.55371559694047,3.5112932854320946,53932.56138773499,51177.017932710834,16.93872933877649,3490.6770333130808,2755.5434550241553,0.9080630286734714,0.6449142439220825,31285.292177487365,3776.8162497365106
gwalior,2023,2w,909798849.1415949,76.80363525730557,73.84394567730202,16.666800033332912,0.39421871413592324,0.3927047989350067,0.4778736527758913,0.4750485839009508,8.377800481727318,8.23940593100447,0.014427990696564712,0.014377903501627503,0.47269320448586927,0.4714608359005646,0.45210971575641756,0.4509450093811254,20.57835761658655,20.45948035239104,21841.97483830719,21549.991052285506,18.186131574107634,3490.6770333130808,291.98378602168304,0.9080630286734714,0.6471561725133702,33331.52919708342,3850.803011638424
gwalior,2023,3w,44268975.55076027,3.96360136861519,3.8108608162874624,16.666800033332912,0.019181886890933263,0.01910822283312695,0.3604116938609561,0.35828103055157146,0.8029407861703125,0.7896768477891747,0.0017096663428929912,0.0017037311857948873,0.028914659323215627,0.028839275295126077,0.027655566620703287,0.02758432149229112,1.5670083176472152,1.5579560081653663,3645.4327457338554,3596.700556329445,18.186131574107634,3490.6770333130808,48.73218940441029,0.9080630286734714,0.6471561725133702,33331.52919708342,3850.803011638424
gwalior,2023,hdv,1033007937.0,47.34475136436974,46.034855984359695,13.263064512368446,0.6617546561745732,0.6617546561745732,0.18993040853505289,0.18993040853505289,188.36701272881268,182.88346503583222,9.610146725864915,9.499509396908419,5.638208002885451,5.556432032209728,4.052759159778079,3.9826508275059225,6.205215744037976,6.023553534530228,32583.931355393837,31458.05842601777,14.654314916094357,3490.6770333130808,1125.8729293760662,0.9080630286734714,0.6471561725133702,33331.52919708342,3850.803011638424
gwalior,2023,lmv,435692401.3076451,12.91266868800307,11.903812810213408,16.666800033332912,0.21842464513469784,0.21662850656411503,0.6069603101176335,0.59895625013769,7.524888977489886,7.243918095900588,34.526234481932974,33.94759266360052,9.713752996212127,9.604479476573534,4.775704596166205,4.727409541818266,5.670467273409693,5.603089596695813,66213.67900322391,62981.6069220699,18.186131574107634,3490.6770333130808,3232.0720811540086,0.9080630286734714,0.6471561725133702,33331.52919708342,3850.803011638424
haldia,2021,2w,329935437.17308676,9.197705886777694,8.99604620685947,10.539859102202142,0.053335213034500076,0.053199035765173576,0.10582767089951131,0.10539930377421626,1.4231678831859174,1.4065060475556277,0.013379679332065696,0.013365429667471288,0.3073185263517151,0.30663366804174474,0.2331934205923477,0.23259023559463052,2.4131317574084377,2.4045423522214486,6732.217593640177,6629.015034682882,11.280732422903812,1856.2165144286228,103.20255895729497,0.9038956818646816,0.6642719934162392,4084.245780490317,611.9016067321662
haldia,2021,3w,2329703.525561521,0.06888193132282369,0.06737169514070374,10.539859102202142,0.000376604692444311,0.00037564313260954584,0.011582508540729555,0.011535625094792158,0.019793711866285188,0.019561975626642775,0.00023007467515173777,0.00022982964035895903,0.002728004403323824,0.0027219250546186525,0.0020700108312832898,0.0020646564800525795,0.026666083252755622,0.026571166846676778,163.05455536375692,160.5549856262783,11.280732422903812,1856.2165144286228,2.499569737478623,0.9038956818646816,0.6642719934162392,4084.245780490317,611.9016067321662
haldia,2021,hdv,355821460.0,7.155484444250322,7.02876872568052,11.385784975963835,0.09898140290391085,0.09898140290391085,0.02840868306025646,0.02840868306025646,28.48425630652356,27.953761303380823,1.4425492925555095,1.4314212768027978,0.8477217640229082,0.8397262718012416,0.610038319053368,0.6032158600408086,0.9383356296748792,0.9207403223726534,4955.6194986745695,4852.489203640802,12.141518771823003,1856.2165144286228,103.13029503376765,0.9038956818646816,0.6642719934162392,4084.245780490317,611.9016067321662
haldia,2021,lmv,15037177.30135173,0.16886048645607282,0.16166642233656528,10.539859102202142,0.0028466677670261967,0.002832618987051092,0.013053751301345598,0.012949946498855511,0.12947032277710177,0.12656204965679352,3.15512906340536,3.129794225053474,0.6150504562333862,0.610892082202693,0.23921660157677296,0.23765141818869265,0.0644346453646751,0.06398227172163289,2195.854866122725,2120.968418729019,11.280732422903812,1856.2165144286228,74.88644739370602,0.9038956818646816,0.6642719934162392,4084.245780490317,611.9016067321662
haldia,2022,2w,401484364.6665303,11.262546493429834,11.00806015172843,12.397377536528365,0.06856693516596668,0.06838520817075981,0.13511180668117662,0.13454161206955215,1.7922866767348304,1.7702648816194144,0.01619506437828283,0.016169216050847646,0.3792966977827215,0.3783526925925824,0.2907167284353885,0.2899051343286196,3.0991842821723057,3.0879427582353585,8259.01247080431,8126.577310355425,13.131191935244837,1856.2165144286228,132.43516044888474,0.9038956818646816,0.7031430161264824,4437.016644385228,686.326994199515
haldia,2022,3w,2860316.0695154313,0.08510127963515621,0.08317834743318098,12.397377536528365,0.0004884950044207461,0.0004872003172787286,0.014920053781826786,0.014857088638509458,0.02515082771756557,0.024841799936369112,0.000280982639358046,0.0002805341736344104,0.003397105879475149,0.0033886510587492528,0.002603754562596738,0.0025964856590498073,0.034554076680201835,0.034428740319161884,201.82576634705802,198.58944386378565,13.131191935244837,1856.2165144286228,3.2363224832723745,0.9038956818646816,0.7031430161264824,4437.016644385228,686.326994199515
haldia,2022,hdv,367720522.0,8.437753508763608,8.30133579896605,11.844277548294214,0.11683966812924725,0.11683966812924725,0.033534189285755085,0.03353418928575508,33.58691790676887,33.015800773800684,1.702768197466392,1.6907237699002122,1.0002608540830387,0.9916403601055981,0.7197001889200927,0.7123492552685978,1.1064557174034089,1.0875099241877735,5827.044173905461,5717.452781284256,12.548316021880728,1856.2165144286228,109.59139262120516,0.9038956818646816,0.7031430161264824,4437.016644385228,686.326994199515
haldia,2022,lmv,19588831.263954192,0.20937692118040171,0.20045666251866043,12.397377536528365,0.003899275627712142,0.003879938028065863,0.017701446186569474,0.017559560748778336,0.17040065139678787,0.16651938243661704,4.033717171912483,3.9995001059822175,0.8054863299123006,0.7998914660065204,0.3167962470318512,0.31468128356209907,0.08795348379825033,0.0873451744590308,2749.155856467083,2655.87029192862,13.131191935244837,1856.2165144286228,93.28556453846295,0.9038956818646816,0.7031430161264824,4437.016644385228,686.326994199515
haldia,2023,2w,396453571.1476509,11.701405902868322,11.442583952348642,12.435400088454816,0.07167563970347599,0.07148099198642474,0.1404723514952342,0.1398596173108642,1.8780932803909627,1.8544856253820403,0.019634795930041943,0.01959801729157449,0.4362630597804715,0.4350370980427369,0.32603159406995896,0.32502796177776433,3.22534543638847,3.21356941656406,8858.065605107762,8712.520699117897,13.138835552927006,1856.2165144286228,145.54490598986558,0.9038956818646816,0.6871071330166147,4683.431855673436,671.8480968759582
haldia,2023,3w,3259334.291946289,0.10203019596422239,0.09977340267369213,12.435400088454816,0.0005892616119119814,0.000587661369096164,0.017900251068712476,0.01782217096524828,0.030412571805035333,0.030030285413510698,0.0003931102640702121,0.00039237391517554603,0.004508890047699059,0.004496219420300733,0.003369619720902396,0.0033592469250573785,0.04149724922379982,0.04134573911762492,249.7920219046172,245.68774474458326,13.138835552927006,1856.2165144286228,4.104277160033945,0.9038956818646816,0.6871071330166147,4683.431855673436,671.8480968759582
haldia,2023,hdv,346967339.0,7.616594584423345,7.487731407709876,11.025391304268382,0.10344329169907578,0.10344329169907578,0.02968929114332237,0.02968929114332237,30.34827034545704,29.80882392904789,1.518931684423756,1.5081403643672673,0.8945160583319884,0.88648969628811,0.6449204011206667,0.6380321859537402,0.9998315632528286,0.98196499337786,5301.855906468907,5188.028464073893,11.848326046906767,1856.2165144286228,113.82744239501426,0.9038956818646816,0.6871071330166147,4683.431855673436,671.8480968759582
haldia,2023,lmv,16550645.560402647,0.18594146236277337,0.17824504196418295,12.435400088454816,0.0034866990013341795,0.0034692871136614515,0.01574044294176265,0.01561293036026292,0.15264617816934323,0.14916474531740426,4.181140218510869,4.14480202859558,0.79233159949042,0.786617571155994,0.3038612843168997,0.30176055324357287,0.0782927974487841,0.0777543039458289,2521.3986733858887,2436.5296369599105,13.138835552927006,1856.2165144286228,84.86903642597827,0.9038956818646816,0.6871071330166147,4683.431855673436,671.8480968759582
hubli dharwad,2021,2w,880587307.2106814,81.9452375359296,80.20735813227763,13.988208113830856,0.4253382889719635,0.42435276707014125,0.580364497900707,0.5783429221398815,10.004758485285342,9.908863790310646,0.02467963972597222,0.024665095727909453,0.7744181417211925,0.7737626443524975,0.7150606945911381,0.7142947878419866,20.76789790192601,20.696458281964112,31543.008596839558,31328.868152943814,15.10648086518798,3121.400643835379,214.14044389574337,0.9294864485450878,0.5505526125798983,35658.2384585007,5180.969956384446
hubli dharwad,2021,3w,32512370.642757323,3.2088841564973154,3.1408307362868157,13.988208113830856,0.01570401479373601,0.01566762810829752,0.332130494491141,0.33097358885765865,0.7275824954373469,0.7206086837684784,0.0022190467472672556,0.002217739037270197,0.03594482441426198,0.03591439932921763,0.033189732688199615,0.03315418292233959,1.199983456743352,1.19585562625636,3994.6839947087087,3967.564723532535,15.10648086518798,3121.400643835379,27.119271176173697,0.9294864485450878,0.5505526125798983,35658.2384585007,5180.969956384446
hubli dharwad,2021,hdv,1224643254.0,69.34780446277448,68.02270710751212,14.45196811146721,0.9832108559878167,0.9832108559878167,0.282191651862895,0.282191651862895,275.7024767155757,270.15474626548865,14.197212966918011,14.077955095608354,8.315479953703452,8.231293579152412,5.9684438355901985,5.89682541326518,9.081597843249344,8.897451283177418,47428.54286435309,46380.92176327804,15.406015954828021,3121.400643835379,1047.6211010750485,0.9294864485450878,0.5505526125798983,35658.2384585007,5180.969956384446
hubli dharwad,2021,lmv,218858048.14656106,7.8660316303230715,7.48388765662404,13.988208113830856,0.12350236164345932,0.12286576425534057,0.3887975547247897,0.385623883301282,4.891716438961238,4.779512257435524,31.540508832033755,31.260132061326065,8.415212127082015,8.36228423310222,3.9846988121801408,3.961475304865062,3.012094417552289,2.9893043804690675,54059.65487812439,52366.49588684656,15.10648086518798,3121.400643835379,1693.158991277829,0.9294864485450878,0.5505526125798983,35658.2384585007,5180.969956384446
hubli dharwad,2022,2w,1083548715.048369,100.17287209283293,97.81004260169551,14.570905163752032,0.5411055236688167,0.5395998042045647,0.7450765870377907,0.7419061238069269,12.769856318164946,12.620142615899159,0.034731135086213366,0.03468860561882716,1.0775617728328482,1.0760948605692937,0.9856407206854192,0.9840718256577429,26.072143441730756,25.968909768646412,41629.96697133807,41257.22953199376,15.808370456058771,3121.400643835379,372.7374393443097,0.9294864485450878,0.580495075898538,40574.44932746328,6457.781081967601
hubli dharwad,2022,3w,39915673.49341853,3.913805599610751,3.8214886369427674,14.570905163752032,0.01993319830321203,0.01987773074031146,0.425429532722194,0.423619237358892,0.9265747210813817,0.9157115658145789,0.0031157701832561138,0.003111954815688574,0.04990244541650656,0.04983451194762489,0.04564553374511744,0.045572877401456484,1.5030667218717744,1.4971152703182624,5260.223359090112,5213.125503197114,15.808370456058771,3121.400643835379,47.09785589299827,0.9294864485450878,0.580495075898538,40574.44932746328,6457.781081967601
hubli dharwad,2022,hdv,1218463640.0,86.8629727806255,84.97529451705739,14.202110652889976,1.2235173185216104,1.2235173185216104,0.3511620839963056,0.3511620839963056,345.45575892015984,337.55253138277635,17.714406255168573,17.542318939068238,10.383085100351016,10.262718988045751,7.457426153330919,7.355192934884903,11.379681066856813,11.117240934016118,59473.57491122044,57999.6313140505,15.315689616671847,3121.400643835379,1473.9435971699422,0.9294864485450878,0.580495075898538,40574.44932746328,6457.781081967601
hubli dharwad,2022,lmv,237048756.45821217,8.277065902169278,7.834640292127579,14.570905163752032,0.13801333197569027,0.13719605377727914,0.4378608237438881,0.4337319530639215,5.441310672464497,5.297774100651155,38.84151310349175,38.43479694902707,10.267051980865205,10.190859919603199,4.8183035978341575,4.785130063646936,3.31819589829812,3.290086359475664,61634.411258432876,59447.568310166535,15.808370456058771,3121.400643835379,2186.8429482663414,0.9294864485450878,0.580495075898538,40574.44932746328,6457.781081967601
hubli dharwad,2023,2w,1125643173.2723017,112.78607480972548,110.03687259816358,15.105933901440117,0.629353972888002,0.6274497303337138,0.8817656361874826,0.8776381072363362,14.942806884663026,14.749245681155298,0.04529749550103389,0.04521968386805417,1.3853148859750697,1.3828685541520416,1.252679219996762,1.250181029688601,29.951754483835018,29.826474425435972,50674.16635942896,50139.97106765099,16.330970129371014,3121.400643835379,534.1952917779636,0.9294864485450878,0.5786767055791892,44694.26345030359,6605.259398747906
hubli dharwad,2023,3w,40086170.92399398,4.259939381317449,4.156101786224303,15.105933901440117,0.022412422984401822,0.02234460949401301,0.4867194481512301,0.48444112324165856,1.0481548125463291,1.0345775704294466,0.003928433830449076,0.003921685601920788,0.062019315009997814,0.06190979491064178,0.05608133424248478,0.055969492484884864,1.6692546778733044,1.6622726386862607,6189.898734880816,6124.646260132598,16.330970129371014,3121.400643835379,65.25247474821754,0.9294864485450878,0.5786767055791892,44694.26345030359,6605.259398747906
hubli dharwad,2023,hdv,1197854447.0,87.88477913730209,85.86254279924135,14.503250300059175,1.2413220227660073,1.2413220227660073,0.3562722176680996,0.3562722176680996,349.4690415203993,341.0026168803656,17.954696289295338,17.772545724939,10.519649433701238,10.39114226469327,7.553264255021043,7.443952794878479,11.511837624809274,11.230803105428853,60120.95804158452,58527.800122826404,15.699563699262457,3121.400643835379,1593.1579187581156,0.9294864485450878,0.5786767055791892,44694.26345030359,6605.259398747906
hubli dharwad,2023,lmv,213646075.80370444,7.940924738803923,7.506733272550717,15.105933901440117,0.13903208913910328,0.1381678177094298,0.44832752594219777,0.44387011742948923,5.47950539261125,5.327011339117038,43.739109084160475,43.25087444260901,11.415371180242836,11.324650346962274,5.298162326276318,5.2590028248689915,3.298954419548421,3.2701223593024205,64120.89526923779,61735.886551372714,16.330970129371014,3121.400643835379,2385.0087178650792,0.9294864485450878,0.5786767055791892,44694.26345030359,6605.259398747906
hyderabad,2021,2w,3916408055.52749,439.9047761417346,425.6600168589129,8.390280399264242,2.0005268499885838,1.994705470652663,1.8782160142350142,1.8689444155289527,44.37719490813064,43.846725371260206,0.08444879230651448,0.08437922538518276,2.72762046666362,2.7250014513686915,2.5816296195069763,2.5786385294426184,99.71216064322417,99.22478639405728,121723.70994673605,120503.5134610702,9.601702685904108,13789.11734616961,1220.1964856658597,0.9532998966099072,0.5450843122995218,242303.681405162,34011.06519295837
hyderabad,2021,3w,464313899.80009675,55.314186737538805,53.52303256569264,8.390280399264242,0.2371745768580019,0.23648441707297568,3.451445238344664,3.4344075733671793,10.362940711966683,10.239065726820076,0.02438195990213806,0.024361874619209807,0.4065297401976154,0.4061393971786976,0.3847709867745575,0.3843251890246021,18.50028332500064,18.409857426727744,49499.63875295042,49003.43891419667,9.601702685904108,13789.11734616961,496.1998387537533,0.9532998966099072,0.5450843122995218,242303.681405162,34011.06519295837
hyderabad,2021,hdv,6075212663.0,371.6974038904533,364.63980431964643,8.13028582327244,4.721689562100221,4.721689562100221,1.3551735815347437,1.3551735815347437,1485.8755299994064,1456.3339467186008,71.36516003984606,70.81337141691338,42.331548210491725,41.899773689352,30.72428818688884,30.350757549613924,48.97114700196077,47.99463882128937,262253.7592187036,255531.98076341284,8.990742638266022,13789.11734616961,6721.778455290769,0.9532998966099072,0.5450843122995218,242303.681405162,34011.06519295837
hyderabad,2021,lmv,1606684384.6724136,76.91532372866762,71.83128042831203,8.390280399264242,0.967363978507073,0.960849548705483,2.1076346567410345,2.084053870931605,37.39175916537894,36.28615150219862,182.65517027757565,180.5291879488584,49.73806140432521,49.33372532309564,24.092111153484726,23.91276257375375,24.196614337317186,23.940358573308867,374787.2451714906,358734.45399397035,9.601702685904108,13789.11734616961,16052.791177520237,0.9532998966099072,0.5450843122995218,242303.681405162,34011.06519295837
hyderabad,2022,2w,6462024985.030062,556.4522997813391,534.5571549679873,9.355341608842016,2.70958459652505,2.6989898681405977,2.550396405714501,2.5335468791319298,59.70580558850969,58.68931822132615,0.12224193013543487,0.12176252176358342,3.9323113882950986,3.9205991599340946,3.70417127704867,3.6932904393137203,133.07618127213985,132.2726695699646,166814.59431809385,163858.9723066458,10.407732530587568,13789.11734616961,2955.622011448053,0.9532998966099072,0.6866918697170915,271837.09979584126,34455.41961168321
hyderabad,2022,3w,751485928.979177,68.63320288162612,65.93264091667814,9.355341608842016,0.315104739208591,0.3138726503013651,4.597181031972028,4.566809155729748,13.676286797398896,13.443448924724578,0.03461974292370097,0.03448397122432922,0.5748899988763774,0.5731777125682945,0.5415367225594225,0.5399459826165383,24.219158697079646,24.072923831877564,66541.00609663429,65362.032140026524,10.407732530587568,13789.11734616961,1178.9739566077624,0.9532998966099072,0.6866918697170915,271837.09979584126,34455.41961168321
hyderabad,2022,hdv,6460681232.0,426.89053310958377,416.4215548012233,9.347823111999373,5.5381319530399775,5.5381319530399775,1.5895009646663185,1.5895009646663185,1704.8083624715257,1660.9861564692974,83.06234670544765,82.2258891090906,49.10917733912561,48.465122780673376,35.56280530596479,35.00701952706854,56.186246293199055,54.73681033104179,297501.39722006,287936.9354854107,10.35473385885283,13789.11734616961,9564.461734649318,0.9532998966099072,0.6866918697170915,271837.09979584126,34455.41961168321
hyderabad,2022,lmv,2403150844.990762,84.74310203686274,78.89559571833956,9.355341608842016,1.183135530114942,1.1740683270277532,2.5778562646055034,2.5450526253772146,44.76783170072464,43.25589845795438,237.14487085810006,233.66875812424604,64.54265197717744,63.89069261386511,31.141453343403015,30.85557646364562,29.098957141828343,28.764570830551982,449313.95798242424,428109.56515121524,10.407732530587568,13789.11734616961,21204.392831209,0.9532998966099072,0.6866918697170915,271837.09979584126,34455.41961168321
hyderabad,2023,2w,8097513621.438081,601.6878200883381,575.7065335713684,9.313906162740041,3.000227941457418,2.9866647929576464,2.8268716927715714,2.8052964064928387,65.61088608646662,64.28810570684972,0.13595722976589117,0.13511285491594938,4.37730824890893,4.357949124219471,4.122480577158256,4.105240205566632,147.04409711175123,146.0555853394901,182904.53948565645,178765.75142676596,10.177700903834497,13789.11734616961,4138.788058890495,0.9532998966099072,0.790042691251805,294866.52554904256,33066.959881825445
hyderabad,2023,3w,935008954.0867765,73.68675088428064,70.50490720503191,9.313906162740041,0.34643226559535295,0.3448661471686644,5.059433334680829,5.0208186628925695,14.92242491874831,14.621574067979239,0.038231189388583546,0.03799375107906027,0.6354126335219403,0.63260245162427,0.5984216991865029,0.5959190767315589,26.571629018678255,26.392999827782187,72442.20586959993,70802.97407439178,10.177700903834497,13789.11734616961,1639.2317952081503,0.9532998966099072,0.790042691251805,294866.52554904256,33066.959881825445
hyderabad,2023,hdv,7580156077.0,421.8594441622808,412.3364299048329,9.785787827408113,5.562007702632183,5.562007702632183,1.5963535509410303,1.5963535509410303,1683.395594262439,1643.530913553471,82.8841043094316,82.09359158929409,48.90068592582734,48.30892412060369,35.352527442437705,34.8441484389186,55.47776383260423,54.15777796232993,292280.52896652365,284130.2707113269,10.623779240054258,13789.11734616961,8150.258255196735,0.9532998966099072,0.790042691251805,294866.52554904256,33066.959881825445
hyderabad,2023,lmv,2981518798.4751434,90.0124884035037,83.87337577291508,9.313906162740041,1.295475011866648,1.2849549178374398,2.823373831432692,2.7853255781887785,48.45076785313217,46.72191754631054,260.22505136919096,255.91807452204017,70.96914084175789,70.16726238950231,34.244801062825545,33.895186144079496,31.778795299919807,31.401919566464496,483596.99691181444,460061.9186383625,10.177700903834497,13789.11734616961,23535.078273451945,0.9532998966099072,0.790042691251805,294866.52554904256,33066.959881825445
imphal,2021,2w,145286428.19963604,11.782394055444385,11.253500672372956,14.48168660828164,0.05900678536649805,0.05877323022206502,0.09065710714279193,0.09019662879506526,1.3339220798482092,1.3125953843193454,0.002452187502938399,0.002450638131487334,0.079418171731305,0.07933815625590185,0.07533091757279425,0.07523074457261328,3.063772979573763,3.044177453496527,3712.3079757546443,3674.9624612348107,16.497098641493285,663.0755708728676,37.345514519833614,0.8424176559079701,0.4701262651647691,5042.262073666608,472.59853738565647
imphal,2021,3w,1441291.8655575654,0.12396941060684034,0.11840461616314021,14.48168660828164,0.0005853678200731474,0.0005830508718626241,0.01393992520041398,0.01386911956888628,0.02606494222686285,0.025648216920904205,5.924230983160496e-05,5.9204878622352714e-05,0.000990447376013867,0.0009894494794880986,0.0009394740273689872,0.0009382247404235215,0.04756527072490816,0.0472610489339743,126.32054367238075,125.04976933774029,16.497098641493285,663.0755708728676,1.270774334640464,0.8424176559079701,0.4701262651647691,5042.262073666608,472.59853738565647
imphal,2021,hdv,253383397.0,6.977886913910799,6.6592467343484225,15.563007505621918,0.10151368690973168,0.10151368690973168,0.029135474675947733,0.029135474675947733,27.703567893816654,26.36963661334167,1.4543428456513048,1.4271019299800114,0.8479594009645143,0.8280016148490849,0.6068498636020055,0.589764468692467,0.9125978685036915,0.868390610881891,4688.706603750702,4427.879410303628,17.697107225660975,663.0755708728676,260.827193447074,0.8424176559079701,0.4701262651647691,5042.262073666608,472.59853738565647
imphal,2021,lmv,55631761.934806354,1.6375545878772366,1.4722526096509985,14.48168660828164,0.026276982830667022,0.026026919842636782,0.09285482171942415,0.09152495238491296,0.9800857947667183,0.9377588332499233,4.768134373786463,4.687117348009559,1.3186555762856427,1.3032328169798255,0.6420733502825823,0.6352236377068838,0.6796830534196412,0.6698467907170116,9319.43906362467,8767.15785252857,16.497098641493285,663.0755708728676,552.2812110961004,0.8424176559079701,0.4701262651647691,5042.262073666608,472.59853738565647
imphal,2022,2w,206558627.6405773,16.538837884286078,15.383385917671472,17.325098720430592,0.09589457921752206,0.09527083189611661,0.15666946683878816,0.15524570060355342,2.1963558289844736,2.132899671600075,0.005237876499660292,0.005222266933397946,0.1654383810692176,0.16493092030559467,0.15360165929429848,0.15306374562675795,4.753346363074278,4.706949007698168,6779.417355940326,6599.261998108338,20.060592966494035,663.0755708728676,180.1553578319881,0.8424176559079701,0.492526938625021,6258.732984214253,570.9199138729869
imphal,2022,3w,1864444.0629041314,0.1583306932584866,0.1472692443114121,17.325098720430592,0.0008655657763078426,0.0008599356944108508,0.021919067916205324,0.021719873845806002,0.039048839941994616,0.03792065784129052,0.00011513641234128747,0.00011479329057089701,0.001877270788707786,0.00187151250419238,0.0017429565390245758,0.0017368526977732644,0.06714473786111202,0.06648933890083872,209.89470784742096,204.31699309496375,20.060592966494035,663.0755708728676,5.5777147524572115,0.8424176559079701,0.492526938625021,6258.732984214253,570.9199138729869
imphal,2022,hdv,283292358.0,8.563842010048665,8.181959651597232,15.165560613999409,0.12264187713223647,0.12264187713223647,0.035199483086200654,0.035199483086200654,34.029065787634565,32.43039874690412,1.769335144673046,1.7369108541766942,1.0329905864116484,1.0091161475104449,0.7404028752198905,0.7199476477542947,1.121123416810501,1.0681535590631748,5757.797598928273,5445.089577035076,17.119467439668362,663.0755708728676,312.70802189319693,0.8424176559079701,0.492526938625021,6258.732984214253,570.9199138729869
imphal,2022,lmv,54654068.29651852,1.4502138903943034,1.2430287681248007,17.325098720430592,0.029261758109409168,0.02885460967352192,0.10934091771965675,0.10699393723044935,1.069144774759433,0.9992023510142507,6.865025373210443,6.689922819156456,1.8676922935555205,1.8347198461349465,0.8919823901197045,0.8775207047153458,0.7198163114164533,0.7053009824977271,10903.842810793105,9935.015319803271,20.060592966494035,663.0755708728676,968.8274909898337,0.8424176559079701,0.492526938625021,6258.732984214253,570.9199138729869
imphal,2023,2w,189741057.81257117,15.362861148079425,14.48993144086953,18.890991331182335,0.09275785712103107,0.09220670291508125,0.15113823386116756,0.14987871150191998,2.087991872727264,2.033032620820495,0.005045253010230808,0.0050302040189491104,0.15957106935904186,0.15909961947819554,0.1482043389660542,0.14771013114356338,4.591461143758794,4.552633071346401,6458.426169460467,6322.7007338568765,21.47854612668529,663.0755708728676,135.72543560359009,0.8424176559079701,0.4707433401362036,5855.382618920543,434.7643286605655
imphal,2023,3w,1703735.8947913207,0.14630769413037767,0.13799437727040254,18.890991331182335,0.0008328977002812664,0.0008279487387066478,0.02103521701963139,0.020859918384130673,0.036929138516237456,0.03595710512237041,0.00011032535302973866,0.00010999627433486885,0.0018012738470213618,0.0017959520155392459,0.001672963657302931,0.0016673849290959836,0.06452059621853097,0.06397497243916628,198.91647490309842,194.73619560647697,21.47854612668529,663.0755708728676,4.18027929662145,0.8424176559079701,0.4707433401362036,5855.382618920543,434.7643286605655
imphal,2023,hdv,249381470.0,6.090310610563322,5.828110150707695,13.935921987885033,0.08630300023322049,0.08630300023322049,0.024769850788586168,0.024769850788586168,24.21383787514017,23.116255567151555,1.2496059298119317,1.2281886612843185,0.7307323317998073,0.7145085043958949,0.524360210594811,0.5103958883821678,0.7977565585890157,0.7614307774603155,4122.4462867648435,3891.204884454812,16.250180802721207,663.0755708728676,231.2414023100314,0.8424176559079701,0.4707433401362036,5855.382618920543,434.7643286605655
imphal,2023,lmv,50510758.29263746,1.2857047620059088,1.127363708615402,18.890991331182335,0.028338780269032447,0.027977153608428697,0.10525986608752691,0.10317974037706121,0.99754006981047,0.937540053752366,6.555065332775215,6.396613587528154,1.7951742263229375,1.7653861908105635,0.8586966307145246,0.8456452581534316,0.6947311809152803,0.6823569034231418,10011.411405509702,9242.236965172342,21.47854612668529,663.0755708728676,769.1744403373596,0.8424176559079701,0.4707433401362036,5855.382618920543,434.7643286605655
indore,2021,2w,1737146484.9347003,138.63012142836428,131.5286624999206,15.158255374505378,0.7203730586556314,0.7170058333286132,0.9240378367045907,0.9174785245571584,15.633846085375605,15.312415639840482,0.02803632583640634,0.027898589433504782,0.9133784441067941,0.910077957396492,0.8700654133205479,0.8670176566482197,37.29783036535471,37.0296311699438,41778.645928324084,40936.59501472157,16.63587029119102,5306.878428380152,842.0509136025139,0.9075328039428716,0.6228193508928078,54853.99032405131,6467.182593320251
indore,2021,3w,67272867.76287176,5.6939704343741795,5.402291420009506,15.158255374505378,0.02789722221767464,0.027766822791882535,0.5546575800613893,0.5507203254836576,1.1925284491776205,1.1680101733394674,0.0026440886874951612,0.0026310988518478897,0.04446710846309383,0.04430642687325015,0.0423584477537634,0.0422100701262948,2.2604430600904526,2.2441887899613375,5549.5907668893715,5437.7384588132245,16.63587029119102,5306.878428380152,111.85230807614698,0.9075328039428716,0.6228193508928078,54853.99032405131,6467.182593320251
indore,2021,hdv,2361219951.0,91.99362622857684,88.59285145511645,14.322384297477399,1.329088277560686,1.329088277560686,0.3814620376009227,0.3814620376009227,365.36921851381794,351.1325656454334,19.089488639943163,18.80003276864526,11.140606850898896,10.92785691725505,7.9787409855975975,7.796513954168943,12.03605566326815,11.564307199936632,62018.077531393865,59231.776781913664,15.80335801112502,5306.878428380152,2786.3007494802005,0.9075328039428716,0.6228193508928078,54853.99032405131,6467.182593320251
indore,2021,lmv,753248326.3024272,20.94903048974888,18.92346913291863,15.158255374505378,0.36180396964839495,0.3583952063077946,1.0645781873887703,1.0486229756821777,12.753650642889582,12.198466547949426,61.006709953212095,59.84518542942234,17.040946781882763,16.82222029711193,8.340990743502907,8.244602594657088,9.314936864036662,9.185004379290444,114694.81062601168,107805.49339140629,16.63587029119102,5306.878428380152,6889.317234605391,0.9075328039428716,0.6228193508928078,54853.99032405131,6467.182593320251
indore,2022,2w,2482054920.1839733,155.01871791863482,142.92735964252165,15.59070881447368,0.8277974551728481,0.8217047470530955,1.0650964918037087,1.0528854383918198,17.92023949222627,17.318642353237305,0.032954902198766456,0.03258752770251146,1.0724902593197092,1.0642060776522784,1.0201433189815245,1.012831921242792,42.6178012750407,42.15095332148365,48121.10545456556,46285.94999879073,17.315676483201393,5306.878428380152,1835.155455774824,0.9075328039428716,0.7252765573963654,59220.20302430312,7149.168491890572
indore,2022,3w,95748022.688062,6.342444453166261,5.847737947660054,15.59070881447368,0.03193320537530047,0.031698172398979964,0.6368528248951416,0.6295514734024363,1.3616379697404284,1.3159266662006555,0.003095921028198257,0.003061408335023821,0.052011145134718016,0.051609398105984715,0.04947254463216918,0.04911797342220026,2.5728589025337407,2.5446750479588123,6367.326528574882,6124.500976101937,17.315676483201393,5306.878428380152,242.82555247294476,0.9075328039428716,0.7252765573963654,59220.20302430312,7149.168491890572
indore,2022,hdv,2428651846.0,106.04743439953586,100.99589807398756,14.406410923532318,1.5293806334341917,1.5293806334341917,0.43894800860626687,0.43894800860626687,421.22819704087163,400.0811407522251,21.994330632608325,21.566726687475345,12.833763633478439,12.51821257093524,9.19246128387926,8.922003535909313,13.876905607425693,13.176287673382879,71288.47665840572,67135.82068304245,16.12418337612457,5306.878428380152,4152.6559753632755,0.9075328039428716,0.7252765573963654,59220.20302430312,7149.168491890572
indore,2022,lmv,1039180277.1279643,22.336621781991298,19.390784779326413,15.59070881447368,0.40101215273155316,0.3957507590147368,1.1827310186812416,1.1578565136496843,14.039150123075519,13.179238735623832,69.02688780574253,67.07268001413384,19.28151728912359,18.916412226520645,9.42630531592136,9.266455917685587,10.260799621958043,10.064749049932901,126287.30692706077,115482.48342646871,17.315676483201393,5306.878428380152,10804.823500592058,0.9075328039428716,0.7252765573963654,59220.20302430312,7149.168491890572
indore,2023,2w,2493533126.396953,165.79849094326886,153.10360186425268,15.567173653679708,0.8997578207998772,0.8931459772882908,1.1711927070430392,1.1578186367935437,19.66919779773027,19.013225244722207,0.038185728295512394,0.037793173800880354,1.2364032329486385,1.2274424067402148,1.1708075126081825,1.1628342493804447,45.780751005445964,45.282657293938954,54202.781150132236,52214.80434165417,17.4236517774401,5306.878428380152,1987.9768084780662,0.9075328039428716,0.6807883080302232,63093.54296464488,7289.218680205418
indore,2023,3w,94714187.4161004,6.679355723415657,6.167929596762505,15.567173653679708,0.034176337970484715,0.033925194170190735,0.6895407756586479,0.6816667795877249,1.4715870588203788,1.4225092708050793,0.0035322578040896755,0.003495945712135747,0.059039770363904495,0.05861187992531796,0.055907494288793054,0.05552676119341451,2.721380765713944,2.691772194070876,7061.948814958556,6802.94014106946,17.4236517774401,5306.878428380152,259.0086738890959,0.9075328039428716,0.6807883080302232,63093.54296464488,7289.218680205418
indore,2023,hdv,1843794015.0,102.77129295234397,98.73546177062951,13.828519690713293,1.4695832240897246,1.4695832240897246,0.42178553565626736,0.42178553565626736,408.4009333550152,391.5062184235859,21.200201144190977,20.863072097437886,12.38477402853499,12.133566151848685,8.87889190192251,8.663241616724292,13.454623562481226,12.895108395158609,69394.73118828992,65973.08902928489,15.550199519182929,5306.878428380152,3421.6421590050304,0.9075328039428716,0.6807883080302232,63093.54296464488,7289.218680205418
indore,2023,lmv,950420442.1869466,21.83107125876176,18.936105663637658,15.567173653679708,0.3969143500586219,0.3916137746167333,1.184521836303715,1.1591829077214781,14.049166681856782,13.175895645966888,72.86879636990484,70.81385372516414,20.246101474650036,19.862471810347508,9.853115139567569,9.685349697785794,10.038668099656483,9.84416989812244,129878.86345576539,118700.85861772421,17.4236517774401,5306.878428380152,11178.004838041175,0.9075328039428716,0.6807883080302232,63093.54296464488,7289.218680205418
itanagar,2021,2w,73385337.47916007,7.225687253013807,6.936696897587247,13.65367978602506,0.030920755599464594,0.030813926844447358,0.04096832719713098,0.040782323104510125,0.6362082019537086,0.6274788545499084,0.00082317523263048,0.0008203870163138853,0.027531341636137335,0.027464742472437766,0.02682125720786381,0.026759507151200138,1.7820723028375736,1.771915846197192,1437.0565185806502,1424.009274481664,15.410120528618998,419.18519054366413,13.047244098986084,0.8299703962842145,0.575433737913461,3586.723548142216,660.8342154291479
itanagar,2021,3w,1132015.2991452927,0.11821600135208896,0.11348796884091195,13.65367978602506,0.0004769722345375392,0.0004753243333460717,0.009795417024566305,0.009750943945479372,0.019330437395972247,0.019065206449595463,3.092336277799228e-05,3.0818620772591976e-05,0.0005338939608302796,0.0005326024548889609,0.0005201238441049384,0.0005189263731364189,0.04302043760162597,0.04277525382964576,76.03612023750901,75.34577729813837,15.410120528618998,419.18519054366413,0.6903429393706375,0.8299703962842145,0.575433737913461,3586.723548142216,660.8342154291479
itanagar,2021,hdv,116449606.0,9.765207887014155,9.368044483429648,14.365819054636056,0.14303420821092847,0.14303420821092847,0.04105229233600257,0.04105229233600257,38.755382364804156,37.09271737778515,2.043904985961992,2.009816209575574,1.1906907119478922,1.1657878286574839,0.8515217074838458,0.8302131215712855,1.2766264527822406,1.22151818925558,6544.628735087012,6222.611623416846,16.10418909224537,419.18519054366413,322.01711167016583,0.8299703962842145,0.575433737913461,3586.723548142216,660.8342154291479
itanagar,2021,lmv,57928437.221694626,2.1617352606156914,1.9738785900346552,13.65367978602506,0.028483576118357865,0.028249766703381748,0.08699732342484158,0.08591682947925917,0.9809824144133028,0.945050384519212,3.330755068305076,3.2734703673943444,0.9482465122829682,0.9373542054456454,0.4738523564026398,0.46900201356136123,0.8194142512473549,0.8090474347747231,7703.129341945013,7309.183090993531,15.410120528618998,419.18519054366413,393.9462509514824,0.8299703962842145,0.575433737913461,3586.723548142216,660.8342154291479
itanagar,2022,2w,70094513.02583869,8.091273117820737,7.791011037653737,13.613884838270037,0.032289323502536944,0.032183214473314015,0.04034423638217635,0.04016145109075938,0.6375957556547182,0.6290507527466369,0.0007379994757376633,0.0007344877744694459,0.024872144835081128,0.02479154986894561,0.024401433103903584,0.024329431974848076,1.9602857319624052,1.949886607366325,1341.4093395524021,1327.0829875093868,15.142120077279797,419.18519054366413,14.326352043015277,0.8299703962842145,0.6414232322347165,4174.911776194856,763.4207962274073
itanagar,2022,3w,1297156.8551731498,0.1588105820994148,0.15291722081506037,13.613884838270037,0.0005975405994300816,0.0005955769642079985,0.011572352930733816,0.011519922742620039,0.023240919500156172,0.02292944671672871,3.325951755753544e-05,3.3101255263554354e-05,0.0005786371891525721,0.0005767621902341546,0.0005676863316838768,0.0005660112638033728,0.056772020884773976,0.05647085085168853,85.14769526994868,84.23831151800928,15.142120077279797,419.18519054366413,0.9093837519394015,0.8299703962842145,0.6414232322347165,4174.911776194856,763.4207962274073
itanagar,2022,hdv,124625695.0,11.519183292327146,11.15473442620512,14.267203463359074,0.16842755184970287,0.16842755184970287,0.048340443747378635,0.048340443747378635,45.72092448925277,44.19521792227135,2.409594992255217,2.3783670169142153,1.4035684169615732,1.3807273315018382,1.0038886236522198,0.9843402570519656,1.5061460314698338,1.4555797729536588,7702.620423910688,7407.83983512766,15.565651862075365,419.18519054366413,294.7805887830282,0.8299703962842145,0.6414232322347165,4174.911776194856,763.4207962274073
itanagar,2022,lmv,76115883.11898816,3.2862861238757755,3.0305773505195948,13.613884838270037,0.04087069560160268,0.040566791945026895,0.11762770685098345,0.11628503440771262,1.3443600859248466,1.2994622030470553,4.093755045775294,4.024463539218428,1.175863399271896,1.1626921318689214,0.591904551082797,0.5860379139126007,1.237844279904283,1.223825448456913,9781.837543458345,9321.380298232623,15.142120077279797,419.18519054366413,460.45724522572164,0.8299703962842145,0.6414232322347165,4174.911776194856,763.4207962274073
itanagar,2023,2w,66263904.80815449,9.304132420365358,8.945176599799264,14.270805694662554,0.03658363634956285,0.03646155319319092,0.04489425381768904,0.044688728341458255,0.7117659092261148,0.7020874012959031,0.0007994483750869114,0.0007956394376089035,0.027003122938110687,0.026915778933946893,0.02654297369486925,0.02646485399569844,2.2591373387323905,2.246883779687292,1468.72712479776,1453.4180667727833,15.961705315994891,419.18519054366413,15.309058024976821,0.8299703962842145,0.6218620194335895,4855.596366718462,785.8339753448872
itanagar,2023,3w,1298050.6914162978,0.193305680163665,0.1858478973303774,14.270805694662554,0.0007166407502781005,0.0007142492503205043,0.013631293980478337,0.01356889004347658,0.027463205607256225,0.027089764213374546,3.813787335579417e-05,3.795616709472309e-05,0.0006649871514620338,0.0006628361913431136,0.0006536553756814376,0.0006517315761141165,0.06925701424976866,0.06888136426211763,98.6867491666403,97.65810256252968,15.961705315994891,419.18519054366413,1.0286466041106195,0.8299703962842145,0.6218620194335895,4855.596366718462,785.8339753448872
itanagar,2023,hdv,115656949.0,11.85433183537144,11.447457423609336,14.766304925286493,0.17454437776281714,0.17454437776281714,0.050096035844503395,0.050096035844503395,47.03309800534676,45.3297803221741,2.4900316491564958,2.4551226299822675,1.4493390521474836,1.4238299116304904,1.0358898613710619,1.0140615197145353,1.5493046759026405,1.492849644625495,7914.922989048814,7586.260169405055,16.204757138888993,419.18519054366413,328.66281964375867,0.8299703962842145,0.6218620194335895,4855.596366718462,785.8339753448872
itanagar,2023,lmv,79972586.50042918,4.11256258450019,3.770732305520631,14.270805694662554,0.0513691909039118,0.0509632777053195,0.14502512224235048,0.14326164220804935,1.6522681859967185,1.5933873281368784,4.902411824308506,4.812911140144088,1.4138653942135635,1.3968389478154652,0.7133883455153746,0.7057980014933642,1.581053090313068,1.5620947449715403,11694.329790491674,11109.409902926767,15.961705315994891,419.18519054366413,584.9198875649072,0.8299703962842145,0.6218620194335895,4855.596366718462,785.8339753448872
jabalpur,2021,2w,608228639.4696739,61.691502592127485,59.43632870198598,14.030536616261456,0.3363974685961333,0.33526881069622055,0.500504741093563,0.49807359358766695,7.856333081545121,7.742717425422278,0.0190091665610735,0.018992173388517896,0.5979232564841451,0.5971910755297999,0.5534527915148378,0.5526059596039059,16.54360496050113,16.457568724466814,24386.415699604186,24082.81541145155,15.331468999081697,1812.3965770085458,303.6002881526365,0.9021455361481856,0.5377720890872147,23644.157437352034,2787.601822752376
jabalpur,2021,3w,13981359.634562617,1.504049030138643,1.4490675179409798,14.030536616261456,0.007732772979417602,0.007706828505614413,0.17832918924547903,0.17746297454646268,0.3557147268916825,0.35057049972248416,0.0010641357580308192,0.0010631844778944332,0.01727876186084793,0.017257603325514202,0.015993656179285904,0.01596918446528837,0.5951400745530921,0.5920450047632864,1922.7977843764568,1898.8597867392964,15.331468999081697,1812.3965770085458,23.93799763716038,0.9021455361481856,0.5377720890872147,23644.157437352034,2787.601822752376
jabalpur,2021,hdv,757423221.0,37.64397658960227,36.58867239478764,11.805136481532738,0.5125761299061717,0.5125761299061717,0.1471146335730703,0.1471146335730703,149.97419006371163,145.55675125464882,7.540604704176932,7.455883389249721,4.430820175005781,4.3658171054743455,3.1925799284313383,3.136516725026263,4.941952392067747,4.795824226160461,25791.644660890306,24833.275596375865,13.119128445026817,1812.3965770085458,958.3690645144416,0.9021455361481856,0.5377720890872147,23644.157437352034,2787.601822752376
jabalpur,2021,lmv,155295779.89576346,5.705740159829484,5.267078730019383,14.030536616261456,0.09986906299659468,0.09912975849408395,0.3417158022842389,0.3377594155855635,3.8457709628853176,3.714432498934479,24.63316199781466,24.317830870804027,6.617501005485629,6.557904398819523,3.144473988784968,3.11828593973508,2.446428748383493,2.419328564527856,40774.58205323692,38826.472584799034,15.331468999081697,1812.3965770085458,1948.109468437884,0.9021455361481856,0.5377720890872147,23644.157437352034,2787.601822752376
jabalpur,2022,2w,744605705.0158663,68.56964210857977,65.30898885513204,14.06327431862731,0.37200777421647724,0.3704435188276801,0.548282512242122,0.5448726311546404,8.637097432490805,8.475818737220925,0.02011228296213846,0.020052449033583258,0.635649108906314,0.634013115884421,0.5906403155645551,0.5890385780300403,18.39482287705055,18.274054321933445,26263.452150283687,25733.400656983697,15.487086547446886,1812.3965770085458,530.0514932999904,0.9021455361481856,0.5688513915872688,25526.16127845555,3081.563699738753
jabalpur,2022,3w,17456319.17719315,1.7049525701892494,1.6238779287880512,14.06327431862731,0.008721241859114767,0.00868456991158932,0.19923351951473653,0.19799444550632517,0.39883526373994244,0.3913878971371731,0.0011482570088816371,0.001144840950746329,0.01873390826929942,0.018685692134372257,0.01740740502409368,0.017360198470001715,0.6748829055553645,0.6704520592285513,2111.93829142991,2069.314951637248,15.487086547446886,1812.3965770085458,42.62333979266168,0.9021455361481856,0.5688513915872688,25526.16127845555,3081.563699738753
jabalpur,2022,hdv,817172202.0,40.583581367065975,39.0383554995441,11.251323870621308,0.5415872700038398,0.5415872700038398,0.15544112986501962,0.15544112986501962,161.8490174073348,155.3810327866176,8.03286999359572,7.912007339070452,4.731536040528451,4.636990963071198,3.4163044995814573,3.3345169771929184,5.333710604374331,5.119906427740875,27972.585840805696,26513.329313186983,13.049186053819223,1812.3965770085458,1459.2565276187124,0.9021455361481856,0.5688513915872688,25526.16127845555,3081.563699738753
jabalpur,2022,lmv,201388721.8069402,6.733292349166084,6.123373949589033,14.06327431862731,0.11702394141651895,0.1160308560884117,0.39672531709735037,0.39143908648971404,4.484746735517704,4.307564952891768,27.63336559332575,27.20511996467601,7.456577196147258,7.376254281797552,3.5565613843058066,3.5214284572555514,2.8826389971350403,2.8457199592154843,46622.08972922564,43930.759427985184,15.487086547446886,1812.3965770085458,2691.3303012404576,0.9021455361481856,0.5688513915872688,25526.16127845555,3081.563699738753
jabalpur,2023,2w,707291544.1835128,69.6969244130184,66.82430497455222,13.564598368211428,0.37436102611180916,0.37288721760996313,0.5716909050443685,0.5684451309470041,8.720198915784506,8.572126907731159,0.02015363853122934,0.02010669949055566,0.6378801958147595,0.6365167794491202,0.5930383342867727,0.5916584741387604,18.57009512985603,18.458626281169767,26566.383710512728,26165.149533174183,15.000535339485438,1812.3965770085458,401.2341773385451,0.9021455361481856,0.5534386023745584,27195.718202515265,3141.9306608674697
jabalpur,2023,3w,12923305.088442327,1.3506500826904182,1.2949818632563663,13.564598368211428,0.006840152117540347,0.006813223367906722,0.16190792702876883,0.16098869506081026,0.31383468458279973,0.3085056625740417,0.0008967678206064817,0.0008946791942206772,0.01465206653344261,0.0146207489483644,0.013622051896050917,0.013590356598363083,0.5310015176046203,0.527814128019153,1664.9863266549742,1639.8399075437062,15.000535339485438,1812.3965770085458,25.14641911126796,0.9021455361481856,0.5534386023745584,27195.718202515265,3141.9306608674697
jabalpur,2023,hdv,707203669.0,40.66960907123161,39.467629674013544,12.32382224603411,0.5634811718158874,0.5634811718158874,0.1617249053954052,0.1617249053954052,161.88411884271991,156.85255196182408,8.228295718167272,8.129711622891973,4.826156789242707,4.751703233970727,3.4713952990393127,3.407341789616181,5.333834225040246,5.167288912051542,27798.63973325957,26737.307381161772,13.787830190703813,1812.3965770085458,1061.3323520977974,0.9021455361481856,0.5534386023745584,27195.718202515265,3141.9306608674697
jabalpur,2023,lmv,190642332.7280447,6.921863048014191,6.344356711722623,13.564598368211428,0.11750769989320152,0.11653950383647411,0.4131053855963539,0.40781426554362804,4.541382426100906,4.37014633107443,27.69451815674195,27.281970105177,7.474646924188904,7.397097285664222,3.566088692710929,3.532108625653276,2.9056126446307045,2.8699614699021487,47573.97275884174,45076.951873879414,15.000535339485438,1812.3965770085458,2497.020884962323,0.9021455361481856,0.5534386023745584,27195.718202515265,3141.9306608674697
jaipur,2021,2w,3325107830.4156346,171.89879203041207,165.8817696848736,14.247004938452942,0.8555351426095227,0.8527083102223433,1.1518809051169643,1.1463378513685725,18.96802906077597,18.70639354812876,0.033986521890664145,0.0339002607391339,1.1049306148968103,1.1027057202513526,1.051153553651493,1.0490050587628335,44.379727578034874,44.15153164740062,51340.2332938371,50793.892012136756,15.558349882733713,8419.065812784658,546.3412817003409,0.936324790257502,0.5852025272847682,72829.6523237971,10679.53808912881
jaipur,2021,3w,101386821.16448674,5.559077161708133,5.364491201519111,14.247004938452942,0.026086368601418546,0.026000174840398446,0.5443961561351481,0.5417764259699285,1.1391932317645952,1.1234797696941843,0.002523677842796098,0.0025172724990097793,0.04235409554960058,0.04226881109903779,0.04029271833762642,0.0402103624352962,2.117712049262107,2.10682299477102,5369.535399821816,5312.3950507376185,15.558349882733713,8419.065812784658,57.140349084197624,0.936324790257502,0.5852025272847682,72829.6523237971,10679.53808912881
jaipur,2021,hdv,5086560513.0,148.26397961340507,143.60069812800916,15.442776016450834,2.1444616537037064,2.1444616537037064,0.6154826024650644,0.6154826024650643,588.821098912857,569.2985129520433,30.782750338480977,30.37631794276495,17.964053590057745,17.670426170915597,12.86431071213493,12.613529957538498,19.39673160528567,18.74936288671094,100041.34105990932,96361.15528652976,16.8341446081988,8419.065812784658,3680.1857733795623,0.936324790257502,0.5852025272847682,72829.6523237971,10679.53808912881
jaipur,2021,lmv,1384749276.4198787,26.26878017979892,24.371798384618476,14.247004938452942,0.41462437804541746,0.4116786787201681,1.284549786932644,1.2702733875828622,15.213728120430456,14.724507394724965,72.00869059574202,71.02562421039923,19.977236241204146,19.79147779850817,9.754362711984728,9.672293840251337,10.71857886622448,10.6042818486904,141339.28803510164,135163.8270641133,15.558349882733713,8419.065812784658,6175.4609709883225,0.936324790257502,0.5852025272847682,72829.6523237971,10679.53808912881
jaipur,2022,2w,4125012283.798658,198.4085792694241,186.65446650285648,14.218471692653535,1.0445463522963119,1.0383632439211798,1.4194555945967748,1.4066472560223797,23.017546573198143,22.413940989746862,0.04364305361313632,0.043275795976886744,1.41706841060259,1.4086829646773489,1.3438331581709182,1.3363828418180823,53.51409024307481,53.04731994982044,62860.96712610945,61195.78976544104,15.877213402509293,8419.065812784658,1665.1773606684073,0.936324790257502,0.7150070689325495,78377.10612822488,11796.31248975846
jaipur,2022,3w,123779356.65369116,6.314479050196003,5.940396946027786,14.218471692653535,0.0313437310211191,0.03115819431864675,0.6602014654138262,0.6542441928309285,1.3604463577570096,1.3247704000733054,0.0031892570508135288,0.003162419354802233,0.053456241940370304,0.05313991675606468,0.05069357971230838,0.05041253053323587,2.513029717538202,2.4911101144414425,6470.04248638411,6298.652055033034,15.877213402509293,8419.065812784658,171.39043135107568,0.936324790257502,0.7150070689325495,78377.10612822488,11796.31248975846
jaipur,2022,hdv,4344947888.0,171.85672888120294,164.2679602998298,14.167141466056918,2.4753344476715795,2.4753344476715795,0.7104465053935747,0.7104465053935747,682.6739925481195,650.9042761307884,35.61691014878415,34.95914174645215,20.78530915739329,20.30820052250577,14.889821343145844,14.482059787520027,22.49013669151363,21.43683079005296,115609.45030881037,109605.9273954942,15.708235693277727,8419.065812784658,6003.522913316163,0.936324790257502,0.7150070689325495,78377.10612822488,11796.31248975846
jaipur,2022,lmv,1582172666.5476503,27.638900993926406,24.720054512728545,14.218471692653535,0.4658647064262478,0.46084453034817846,1.4559477159089402,1.431093627487483,16.932237096129295,16.09424226919842,84.9664517276017,83.04183320992895,23.561220791078323,23.201836770337685,11.470112935952322,11.312899476631939,11.889234989870161,11.702172793628634,158073.7157587585,147348.97431616642,15.877213402509293,8419.065812784658,10724.741442592087,0.936324790257502,0.7150070689325495,78377.10612822488,11796.31248975846
jaipur,2023,2w,5398110653.875237,204.89249759426858,189.37087335427438,14.02163669285141,1.0787751480068075,1.0704418781313576,1.4907990640317528,1.4730343984124916,23.82178820715986,22.992518037268,0.04548876482784016,0.044891839591766534,1.4772059547955294,1.4639134131348739,1.4001544224233622,1.3885836141826065,55.22733046595111,54.60716338095428,65184.342906840895,62652.21041035353,15.816608933889665,8419.065812784658,2532.132496487364,0.936324790257502,0.7276069346737701,82825.60929980999,12093.369272065744
jaipur,2023,3w,147643235.14053184,5.94363225657852,5.493372595583006,14.02163669285141,0.029505481279193547,0.029277558770263994,0.6320080058569664,0.624476869593451,1.2833512737367385,1.238675999170963,0.003029893296549869,0.0029901335937272933,0.050792250025717904,0.050335199268974354,0.04814291011180347,0.04774505943752464,2.3639175446941554,2.337372284575716,6115.305548030101,5877.752123180107,15.816608933889665,8419.065812784658,237.55342484999346,0.936324790257502,0.7276069346737701,82825.60929980999,12093.369272065744
jaipur,2023,hdv,4040081850.0,172.67149436847086,165.34282381888855,14.267563913989118,2.4808319476889524,2.4808319476889524,0.7120243445738188,0.7120243445738188,686.0028197868743,655.3219908225087,35.727992983631914,35.09290093444805,20.85759280283986,20.39686290828864,14.945633469807534,14.55186009050543,22.59991200320617,21.58271395207253,116317.26166498354,110495.12496191546,15.90149628791689,8419.065812784658,5822.136703068085,0.936324790257502,0.7276069346737701,82825.60929980999,12093.369272065744
jaipur,2023,lmv,2030475006.9842288,28.432089449917985,24.864352264034995,14.02163669285141,0.47237492174288076,0.466235978567531,1.5024511578387503,1.471444776368441,17.289874402852373,16.254907926558754,87.12911145953578,84.64731200311456,24.1375312765201,23.676584418591826,11.741655629627733,11.540898155727609,12.054183697542568,11.826827975244024,162709.76913287825,149113.03455101914,15.816608933889665,8419.065812784658,13596.734581859113,0.936324790257502,0.7276069346737701,82825.60929980999,12093.369272065744
jalandhar,2021,2w,1129494530.0973766,95.47059518057047,92.55004365534515,14.211484861007115,0.498080804606991,0.4965772567669608,0.7657521638298093,0.7625707917446143,11.370118440579384,11.22765746429802,0.02311533755311341,0.023077902054158946,0.7426554102383846,0.7415601212809855,0.698853305826427,0.6977258783911918,25.306477382109197,25.190386609870327,32859.59944758879,32578.98541562241,15.489497139795535,4259.926542324073,280.61403196638275,0.9087274787364844,0.5658669307790762,38342.02673538287,6250.2407405746935
jalandhar,2021,3w,15119464.85703933,1.3554266561679036,1.3139626495749315,14.211484861007115,0.006667332174306353,0.006647205614927391,0.15888109294609978,0.1582210100918302,0.29978969015386464,0.2960334995599318,0.0007535358992308889,0.0007523155410032406,0.012497532338038448,0.012479100628020743,0.011760423028908314,0.011741450487085551,0.5301398939198474,0.5277079335663571,1508.751282064033,1495.8668651018081,15.489497139795535,4259.926542324073,12.884416962224805,0.9087274787364844,0.5658669307790762,38342.02673538287,6250.2407405746935
jalandhar,2021,hdv,1851695329.0,84.69978712031538,81.94857249824173,13.65261943268504,1.2098888934942178,1.2098888934942178,0.3472505855142168,0.3472505855142168,336.6044391380593,325.08657994531364,17.44141632145745,17.201065694608623,10.197829606958546,10.024484316836967,7.312769581906192,7.164761729189069,11.088406330763926,10.706446629116131,57552.25291731554,55370.11324743311,15.03878875328824,4259.926542324073,2182.139669882432,0.9087274787364844,0.5658669307790762,38342.02673538287,6250.2407405746935
jalandhar,2021,lmv,369447649.0455837,11.409395039224135,10.645982024707763,14.211484861007115,0.1895700938539063,0.18831230656148737,0.6705724265313524,0.6637607575233131,7.156763179679888,6.941280307885795,38.455718220380355,37.986593948185714,10.544169221978738,10.455562764426228,5.092757591746739,5.053695816953998,4.799378583904779,4.752073715957274,70871.70642799657,68008.8590249864,15.489497139795535,4259.926542324073,2862.8474030101643,0.9087274787364844,0.5658669307790762,38342.02673538287,6250.2407405746935
jalandhar,2022,2w,1374464485.3132136,110.15407728917988,106.23582476943952,14.810880279916152,0.5913787222333159,0.589250763627592,0.9083815930640693,0.9037829145743375,13.368977004642062,13.164204394882859,0.02745120748755752,0.027373805691438297,0.8829190190423306,0.8809146252815102,0.8309040941652327,0.8289655564544263,29.994727849515233,29.834595652946465,38503.10790164968,38054.642067040884,16.20423521031839,4259.926542324073,448.4658346087963,0.9087274787364844,0.5996090040430136,42550.84224027153,6660.834429044711
jalandhar,2022,3w,18365525.17761346,1.561077666910883,1.5055491140655228,14.810880279916152,0.007901972680076808,0.007873539004439531,0.1881351104715556,0.1871826771634669,0.3518579939310729,0.3464685853280896,0.0008932699026955255,0.0008907512267895854,0.014831167285887228,0.01479749772103205,0.013957426845850215,0.013924863522987213,0.6272219636339234,0.6238734274752766,1764.6911789334015,1744.1368978502046,16.20423521031839,4259.926542324073,20.554281083196884,0.9087274787364844,0.5996090040430136,42550.84224027153,6660.834429044711
jalandhar,2022,hdv,1951190457.0,93.40287671248659,90.16093927558171,13.979585688936352,1.3528653269335906,1.3528653269335906,0.38828629589516644,0.38828629589516644,370.9145372926505,357.3420436977976,19.397130661399153,19.110652220253414,11.322378823508972,11.117465799507748,8.107502585308975,7.932785954948895,12.217867880390807,11.767612622822314,63167.776437039436,60650.84297753751,15.39611835276715,4259.926542324073,2516.9334595019245,0.9087274787364844,0.5996090040430136,42550.84224027153,6660.834429044711
jalandhar,2022,lmv,448575573.5091726,12.85895507035655,11.899910655524236,14.810880279916152,0.22413323921929768,0.2224449836582401,0.791090927554375,0.7819168644126577,8.31463581502347,8.028737140130609,45.30617516412553,44.65356754919976,12.460602190278676,12.337869049643079,6.0216581339344675,5.967726668228321,5.659292563191708,5.596948279898691,81386.53882975172,77666.33706641821,16.20423521031839,4259.926542324073,3720.2017633335054,0.9087274787364844,0.5996090040430136,42550.84224027153,6660.834429044711
jalandhar,2023,2w,1421989602.7712474,114.85609375057693,110.63470287928739,15.238961230969599,0.623842626168158,0.6212777103744824,0.9661773682431614,0.9605261825136199,14.066573756332629,13.820749465588262,0.02932558501415737,0.029209528614142867,0.9430057665667727,0.9401546361708253,0.8866715535668225,0.8839970799260656,31.56975641517681,31.38493823862235,40807.830863007395,40301.25540117966,16.735487969311304,4259.926542324073,506.5754618277351,0.9087274787364844,0.6031917089905988,44570.84406237831,6590.384727671865
jalandhar,2023,3w,17735457.905960593,1.5193370595407334,1.4634957420788555,15.238961230969599,0.007780742288682643,0.00774875193094556,0.18678179444279425,0.18568930496209715,0.34556816701330983,0.3395290951660074,0.0008907259175912177,0.0008872008577042502,0.014785804702266403,0.014741100567138302,0.013902515648260215,0.013860581392568903,0.6162028726420523,0.6125954488212413,1745.7923840531425,1724.120671430732,16.735487969311304,4259.926542324073,21.671712622410496,0.9087274787364844,0.6031917089905988,44570.84406237831,6590.384727671865
jalandhar,2023,hdv,1630956682.0,87.48958125472177,84.79870263146604,13.434674655289696,1.2443392776522273,1.2443392776522273,0.35713820092616505,0.35713820092616505,347.7711136702983,336.50592808173496,17.96428551092984,17.730274423300227,10.510671017231958,10.341340136885703,7.540687494496957,7.3960269843115825,11.45627599885545,11.08274770276906,59604.89238894031,57440.12966412011,14.782917873048813,4259.926542324073,2164.762724820197,0.9087274787364844,0.6031917089905988,44570.84406237831,6590.384727671865
jalandhar,2023,lmv,454618904.3227919,13.037654945496095,12.020387702925955,15.238961230969599,0.23142607923857728,0.22949526663701283,0.8231553558543737,0.8125576636761594,8.537790754616688,8.214716388410867,47.299747503323154,46.52125708390255,13.016714660303414,12.870874067069979,6.286111207389731,6.222220143332611,5.82823258949204,5.758763453991818,83944.18496125206,79872.97409643917,16.735487969311304,4259.926542324073,4071.2108648128924,0.9087274787364844,0.6031917089905988,44570.84406237831,6590.384727671865
jalgaon,2021,2w,389972962.9270631,49.92614235701235,47.88487748201885,14.398567921148889,0.27724744868288864,0.2760565792973891,0.4446603075993892,0.44177643233473723,6.83581500087884,6.706706650120212,0.02305579664561283,0.02300386489379253,0.6899595556038083,0.6882193855388676,0.6144498282107402,0.6126739360632389,13.139164313259917,13.056507408471843,24390.920900945937,23920.23730322893,16.068711780066952,1011.1254701734272,470.6835977170085,0.8324147772968978,0.5692780904138375,18862.647820666258,2514.1055403878977
jalgaon,2021,3w,7681427.566663267,1.0430126042890502,1.0003683122849492,14.398567921148889,0.005461035501320409,0.005437578549696349,0.135758647840217,0.13487817571401653,0.2652144356465268,0.2602053184630892,0.0011059589161171444,0.001103467812259921,0.01708502849331554,0.017041937771690975,0.01521522926587523,0.015171253981099933,0.4050248669152728,0.4024769041176974,1647.9299182886757,1616.129004092955,16.068711780066952,1011.1254701734272,31.80091419572068,0.8324147772968978,0.5692780904138375,18862.647820666258,2514.1055403878977
jalgaon,2021,hdv,412234568.0,35.26553623950395,34.178568104067395,14.890370879664804,0.5023079746567111,0.5023079746567111,0.14416756715920445,0.14416756715920445,140.16995307051488,135.61940878104437,7.252371618624894,7.157519959701014,4.240657428486162,4.172192465652767,3.0416885874634985,2.9832228827706118,4.617683284228587,4.466781628630155,23898.448748256433,23029.295785605944,16.33237361041683,1011.1254701734272,869.1529626504889,0.8324147772968978,0.5692780904138375,18862.647820666258,2514.1055403878977
jalgaon,2021,lmv,61498258.50627359,2.9729696942231283,2.7258597705129763,14.398567921148889,0.05101697888855526,0.05057729951485096,0.18861841845283775,0.18604784924243103,2.104997943552687,2.0219488185634873,18.638214251718143,18.361517909734488,4.747467334416827,4.69630212428717,2.168666682505921,2.146750301377906,1.2065492506305304,1.191334532899,26092.823264387283,24614.024916115945,16.068711780066952,1011.1254701734272,1478.798348271339,0.8324147772968978,0.5692780904138375,18862.647820666258,2514.1055403878977
jalgaon,2022,2w,412686496.9394,56.202615368450935,54.17705781627449,14.761977515135303,0.3195787282440395,0.3182338489988329,0.5214044730542865,0.5180773304969323,7.941891064854775,7.79681628573161,0.03056710244344192,0.030523520513649375,0.8944831448447856,0.8925150501329504,0.7835899568013028,0.7814605434134915,14.977257596163504,14.888784483797595,29607.73157083631,29104.433650267478,16.612742866033173,1011.1254701734272,503.2979205688316,0.8324147772968978,0.5665530413922475,20991.46369602094,2741.1262252496876
jalgaon,2022,3w,7962421.823301355,1.150099865293789,1.1086499531743854,14.761977515135303,0.006165989580237927,0.006140041321859826,0.1559306082945876,0.15493559695567058,0.3018201738016105,0.2963068149942917,0.0014362518944636194,0.0014342041168129657,0.021696102094789792,0.021648365047930624,0.01900633656564099,0.018954686659736958,0.4522345351136687,0.449563111684916,1959.4453542271176,1926.1370013095252,16.612742866033173,1011.1254701734272,33.3083529175924,0.8324147772968978,0.5665530413922475,20991.46369602094,2741.1262252496876
jalgaon,2022,hdv,438254394.0,39.91584923709064,38.635374825409606,15.336921678438893,0.5745796302592552,0.5745796302592552,0.16491027738574912,0.16491027738574912,158.56413294055088,153.20328594566595,8.262784902115751,8.148385606741268,4.824894818931879,4.743711263341018,3.4569082140926106,3.387781539169524,5.22345624342607,5.045554047829311,26919.71767145643,25919.982709111264,17.044081193156195,1011.1254701734272,999.7349623451664,0.8324147772968978,0.5665530413922475,20991.46369602094,2741.1262252496876
jalgaon,2022,lmv,55251439.23729852,2.8061790864565834,2.5822500892153784,14.761977515135303,0.04986908388697664,0.049433984195083526,0.18742002931095444,0.1848254004558712,2.0647315388462224,1.9827775882257177,20.91159731769606,20.60455354848431,5.214273763470499,5.157590182009002,2.3436454425860025,2.3195284343468416,1.1656502571782803,1.1511279785308601,26611.129342850196,25132.45520759952,16.612742866033173,1011.1254701734272,1478.674135250676,0.8324147772968978,0.5665530413922475,20991.46369602094,2741.1262252496876
jalgaon,2023,2w,431929492.9157344,58.032314602720376,56.18697669628446,14.407219034864907,0.3310447575452244,0.3297728009953927,0.549336563753211,0.5461170971099342,8.282474678336659,8.144139842358772,0.03405800599241762,0.03400398743508664,0.9842149187684868,0.9820140367848438,0.8544466986926205,0.8521488854297399,15.447618460123527,15.365415243764094,31617.041416836437,31116.310481347697,16.09017862819714,1011.1254701734272,500.7309354887402,0.8324147772968978,0.56615580574495,22398.440768844597,2767.5935518653837
jalgaon,2023,3w,7840387.797392972,1.1172456739301562,1.0817189883754115,14.407219034864907,0.006009127230297412,0.005986038664279854,0.15455921002659376,0.15365339334894154,0.2961312352388207,0.2911852175996916,0.0015055504808618116,0.0015031625646407848,0.022459457433962007,0.022409234038353803,0.019498189768235325,0.019445754433041026,0.43882637429289295,0.4364911962534208,1968.5616121712771,1937.3847640710992,16.09017862819714,1011.1254701734272,31.17684810017795,0.8324147772968978,0.56615580574495,22398.440768844597,2767.5935518653837
jalgaon,2023,hdv,404400981.0,39.80137320133549,38.63035658225011,15.499842993449285,0.5745326701046658,0.5745326701046658,0.16489679933725665,0.16489679933725665,158.0854352693997,153.18269831293566,8.2504218450734,8.14381667707949,4.81710047327803,4.742461283531369,3.4504554939611096,3.38704948906931,5.207488102429722,5.044691630876111,26857.14984162,25968.42712515039,17.127819651615532,1011.1254701734272,888.7227164696124,0.8324147772968978,0.56615580574495,22398.440768844597,2767.5935518653837
jalgaon,2023,lmv,53061721.2868726,2.673225087805691,2.4843567780224425,14.407219034864907,0.047418898965812854,0.04704754788184628,0.18130210815825465,0.17904501874529205,1.9798871793937434,1.9093876925389635,21.401453039279158,21.117291314099617,5.268131713849806,5.216064348801478,2.3463768076864255,2.3243944873350646,1.103839727863907,1.0915668517769679,26189.253098268302,24879.98191586526,16.09017862819714,1011.1254701734272,1309.2711824030412,0.8324147772968978,0.56615580574495,22398.440768844597,2767.5935518653837
jalpaiguri,2021,2w,70479756.06772424,13.635312805105187,13.013451502710753,12.96198171189288,0.08091153885323456,0.08054989866398364,0.14671490096685033,0.1457050619803036,2.0929407331703334,2.0497213347466885,0.01351686622950257,0.013537465320384813,0.35044405204593754,0.3498820002349356,0.28412871044088434,0.283359419874808,3.6908921191658295,3.6664478237802722,9055.586325082257,8818.41147270021,14.738784260007519,265.0383710594566,237.17485238204608,0.8071030702761156,0.4687571021448368,5219.802195235374,782.0306420700202
jalpaiguri,2021,3w,909566.6732763817,0.18663339529278675,0.17812166637787594,12.96198171189288,0.0010441925927452433,0.0010395254956635804,0.029347835087511712,0.029145833873955293,0.053201820574241006,0.05210319859999217,0.00042481278884561643,0.00042546018426233446,0.005685562950844517,0.0056764442885803654,0.004609670673315251,0.004597189793941261,0.07454319465791014,0.07404950483702942,400.8573223653322,390.35846863623397,14.738784260007519,265.0383710594566,10.498853729098244,0.8071030702761156,0.4687571021448368,5219.802195235374,782.0306420700202
jalpaiguri,2021,hdv,95447500.0,10.669848951817778,10.195795581008612,14.052688189879737,0.1510548109057298,0.1510548109057298,0.043354287996036266,0.043354287996036266,42.42309463072041,40.438459315450594,2.1856252843491664,2.1438298611334567,1.2791419895674017,1.2491974342306849,0.918091661302674,0.8925526808672859,1.3975752762614362,1.3317414214947416,7259.787206706817,6884.974499561496,16.352536795741397,265.0383710594566,374.81270714532184,0.8071030702761156,0.4687571021448368,5219.802195235374,782.0306420700202
jalpaiguri,2021,lmv,5060922.258999385,0.35786215170482805,0.3223277571376627,12.96198171189288,0.006760424141669204,0.006693751051442057,0.028205005016247786,0.027758510811861738,0.28922254925441415,0.2756896503700382,4.935187128731626,4.863796828912514,1.0922033497558157,1.0791083363647616,0.4545254843121078,0.4491772836438608,0.15367084053362537,0.1514499561618713,4294.059653622489,3982.163001352953,14.738784260007519,265.0383710594566,311.8966522695364,0.8071030702761156,0.4687571021448368,5219.802195235374,782.0306420700202
jalpaiguri,2022,2w,83858047.0442767,16.112559238970725,15.46958123470138,14.600862877577644,0.10045395846111599,0.1000389792971807,0.1800697698995612,0.17892069179459344,2.5329767173514623,2.484581244869797,0.015207114624517409,0.015211901190640585,0.4043802666753863,0.403615921575219,0.3327360109542988,0.3318222333767373,4.588371211484829,4.561349979643589,10569.417187208308,10335.814629327451,16.080927171317732,265.0383710594566,233.6025578808567,0.8071030702761156,0.5102920277046984,5670.655113678659,877.1487671199462
jalpaiguri,2022,3w,1094044.547745356,0.2229507274470339,0.21405379110947356,14.600862877577644,0.0013105612332683482,0.00130514725443467,0.03641352895995246,0.03618116353361893,0.0650909899692436,0.06384735073944656,0.00048315725073619473,0.0004833093285093715,0.00663231047803264,0.006619774322254441,0.005457260686863537,0.005442273663258061,0.09368181821177848,0.09313011957787691,472.98176945517304,462.52804724715355,16.080927171317732,265.0383710594566,10.453722208019485,0.8071030702761156,0.5102920277046984,5670.655113678659,877.1487671199462
jalpaiguri,2022,hdv,90927466.0,12.505734220509051,11.983421120886762,13.889857804149731,0.1777325127867141,0.1777325127867141,0.05101106346373321,0.05101106346373321,49.71254348257941,47.52602187179511,2.570337558828984,2.5263682766398983,1.502581268058526,1.4700028010945434,1.0779054309081308,1.0499640710379952,1.6378164889973892,1.565387268543477,8456.623658415452,8018.503939894107,15.862238320631771,265.0383710594566,438.119718521345,0.8071030702761156,0.5102920277046984,5670.655113678659,877.1487671199462
jalpaiguri,2022,lmv,6704529.407977962,0.4501604657171522,0.411379953489431,14.600862877577644,0.009309046149262432,0.009226882799105341,0.03829508693954556,0.03775171639719171,0.3821208441609663,0.366092246763307,6.113484532635808,6.0290503688664145,1.3930022432320337,1.37762967390109,0.5888652290676164,0.5825554895706405,0.2114775909849673,0.2088142492452307,5376.003431350316,5044.216604658193,16.080927171317732,265.0383710594566,331.7868266921223,0.8071030702761156,0.5102920277046984,5670.655113678659,877.1487671199462
jalpaiguri,2023,2w,80203705.79936142,16.38084100969922,15.742675331356505,13.962019852533519,0.09905387929997427,0.0986600013379279,0.18904323090596445,0.18789336144344396,2.5516917974563933,2.504976621448112,0.01637929459455052,0.016394429095033174,0.4260159957809589,0.4253182488477104,0.3459746021176195,0.3450886149623828,4.527699295038043,4.501620896264562,10998.371039690786,10757.956626679701,15.495655530534743,265.0383710594566,240.41441301108534,0.8071030702761156,0.4941505596200404,5985.581964302023,858.6442539011026
jalpaiguri,2023,3w,633492.392007413,0.13722627288268954,0.131880204419613,13.962019852533519,0.0007823812916117633,0.0007792702297244241,0.02314407337991022,0.023003297838303387,0.03969854618695983,0.03897176383250567,0.00031506022741011297,0.0003153513436811024,0.004230166936794843,0.004223238591294888,0.0034353881951446636,0.003426590700196999,0.055966873533133586,0.05564451854641847,297.9740434972896,291.4606012337565,15.495655530534743,265.0383710594566,6.513442263533079,0.8071030702761156,0.4941505596200404,5985.581964302023,858.6442539011026
jalpaiguri,2023,hdv,89674371.0,11.59373601975703,11.159259192343207,13.470166422347793,0.16445031141692107,0.16445031141692107,0.04719893474069156,0.04719893474069156,46.09185236974309,44.273037996729194,2.3788278572428667,2.342314812223451,1.3914352822656575,1.3643478192707224,0.9984338085261752,0.9751971743711851,1.518482428479268,1.4582366534946771,7870.4629357389485,7503.510651262889,15.255955474088125,265.0383710594566,366.9522844760595,0.8071030702761156,0.4941505596200404,5985.581964302023,858.6442539011026
jalpaiguri,2023,lmv,5790655.808631163,0.4256618468060064,0.38916935529990243,13.962019852533519,0.00831094507516397,0.008238967689525492,0.03646354637216615,0.03595802883949992,0.3522356572287544,0.3377603904993576,5.991348076732026,5.913233731990011,1.331820624754682,1.3175792532909332,0.5553280462617304,0.5495214527056136,0.18917733872622305,0.1868072497277133,5177.511510603393,4855.851354084366,15.495655530534743,265.0383710594566,321.6601565190267,0.8071030702761156,0.4941505596200404,5985.581964302023,858.6442539011026
jammu,2021,2w,749250897.241125,33.942064124709425,32.730332444574145,12.182233640534482,0.15467388490788417,0.15419091306114055,0.1588941212959186,0.15808041235928566,3.3169744924120628,3.274919624151387,0.005432680697446516,0.005422921660140873,0.1781471407111683,0.1778785430555151,0.170755637225453,0.17048559339271788,8.06583589435102,8.023760380889655,8499.648758095835,8420.047291352495,13.706261386589071,3051.0421845774545,79.60146674333919,0.9161993421097354,0.5368100325999463,17229.88053589156,1997.351348790711
jammu,2021,3w,68381574.596642,3.285520484765116,3.1682274043414944,12.182233640534482,0.01411655806876805,0.01407247887515241,0.22477673213310026,0.22362563331212376,0.5962842988186565,0.5887241991886796,0.0012074729915564867,0.0012053039382609937,0.020439737480626906,0.020408919890473345,0.019591672278838977,0.019560688761352626,1.1520404008989964,1.1460307706472812,2660.8224954665075,2635.9031865149404,13.706261386589071,3051.0421845774545,24.919308951567018,0.9161993421097354,0.5368100325999463,17229.88053589156,1997.351348790711
jammu,2021,hdv,1211149817.0,28.308215864081838,27.278020722382802,14.358134705081739,0.40198837741810156,0.40198837741810156,0.11537480852907166,0.11537480852907166,112.53508645374524,108.22248491675823,5.814507125789109,5.728188220049987,3.3997418444011283,3.335565661772039,2.4391181994900766,2.3840459048431675,3.707523316377039,3.5646867833591696,19162.825598587162,18291.125586146467,16.11214612789448,3051.0421845774545,871.700012440695,0.9161993421097354,0.5368100325999463,17229.88053589156,1997.351348790711
jammu,2021,lmv,396171169.1622333,7.030969512736806,6.489841467225857,12.182233640534482,0.09577087830089191,0.09507874604875559,0.22732113106753593,0.2246164117315888,3.482933644478759,3.3697405867180334,14.877781437118808,14.676737937477311,4.137804324123091,4.099605461468995,2.0326554578341,2.0156883859021466,2.4965595542192207,2.468247661875023,31454.099387566497,29990.73720440045,13.706261386589071,3051.0421845774545,1463.3621831660457,0.9161993421097354,0.5368100325999463,17229.88053589156,1997.351348790711
jammu,2022,2w,784554621.8665597,39.66819690972427,38.10592040096748,13.162373567305037,0.18530119393937663,0.18464967297680024,0.19053853217697234,0.18943721411439188,3.945470525146614,3.8881626714644106,0.006482226124947714,0.006465985897226883,0.21263629810600973,0.21221391537026313,0.203862051832958,0.20345089408398745,9.66149217433519,9.606048956896085,10081.141828487498,9968.60608931673,14.811003821318902,3051.0421845774545,112.53573917076756,0.9161993421097354,0.5859065633493227,19254.63081242199,2359.4498318396304
jammu,2022,3w,71079525.76117,3.811692882411003,3.6615746841390187,13.162373567305037,0.016788022938229126,0.01672899607158062,0.2675690334336188,0.26602247691226427,0.7040760255265718,0.693849340117352,0.001430200524284025,0.001426617375261896,0.024218284199191753,0.024170176772443548,0.02321893840655325,0.023172109453528943,1.369846944930877,1.3619859726653452,3132.8107491264946,3097.839197358537,14.811003821318902,3051.0421845774545,34.97155176795741,0.9161993421097354,0.5859065633493227,19254.63081242199,2359.4498318396304
jammu,2022,hdv,1260546869.0,34.242297153416466,32.887878764654666,14.350601385537555,0.48773584135768694,0.48773584135768694,0.13998521467420627,0.13998521467420627,136.10347168840354,130.4335692375517,7.050392040924609,6.936394068266467,4.1193025735296995,4.034826712131073,2.9542389907625597,2.8817856553437404,4.484130679466608,4.296314316392733,23090.423218183947,21961.27264319807,16.144469332475136,3051.0421845774545,1129.150574985877,0.9161993421097354,0.5859065633493227,19254.63081242199,2359.4498318396304
jammu,2022,lmv,418182416.3722702,8.030904430883595,7.364880678261472,13.162373567305037,0.11533149244681792,0.11441900338506983,0.2734992900607201,0.26993086002262706,4.117948599537616,3.97074530354684,17.751361641949675,17.481574285129646,4.952320818152762,4.901152133911517,2.4349573234926125,2.412260180030836,3.0016385217644217,2.9649790908766933,36615.60043880223,34779.061662934255,14.811003821318902,3051.0421845774545,1836.5387758679717,0.9161993421097354,0.5859065633493227,19254.63081242199,2359.4498318396304
jammu,2023,2w,892935064.4265423,46.782082923772826,44.085158127251205,16.22902418865784,0.22748917412352027,0.226314330257802,0.2436036092464952,0.24155817977684926,4.775266832532254,4.668004285414493,0.0076492349724036545,0.007604100820009734,0.2514021753457618,0.25033703993106393,0.24159014308968949,0.24061734245652205,12.003293357443557,11.905712242546018,12022.282485407035,11758.950540249374,18.244644901651146,3051.0421845774545,263.3319451576608,0.9161993421097354,0.6117707798392052,20607.13592769831,2491.786931577385
jammu,2023,3w,69741092.89802842,3.8752750319341835,3.6518705857492204,16.22902418865784,0.017767634241167556,0.01767587516657868,0.2949064614030095,0.29243026505760816,0.734625386518634,0.7181241536244773,0.0014549172499811818,0.0014463325409066015,0.02468439769085304,0.024579815357248107,0.023720984760828644,0.02362546849224428,1.4671543118349712,1.4552270391097082,3220.763966912903,3150.2174595146307,18.244644901651146,3051.0421845774545,70.5465073982723,0.9161993421097354,0.6117707798392052,20607.13592769831,2491.786931577385
jammu,2023,hdv,977300311.0,37.97270449804701,36.26667651731759,17.160206807478346,0.5674541549229196,0.5674541549229196,0.16286519250571224,0.16286519250571224,150.53618453870547,143.39402253614338,8.047619999506285,7.899410351317222,4.676569497256997,4.569243772270571,3.337443886351111,3.245743185668762,4.958337465260387,4.721526918906011,25268.316482366674,23922.69792156389,19.13938825555243,3051.0421845774545,1345.6185608027845,0.9161993421097354,0.6117707798392052,20607.13592769831,2491.786931577385
jammu,2023,lmv,505934267.6754289,9.288908054791468,8.267625170943752,16.22902418865784,0.14941540276805576,0.14783825166982095,0.3672116514499715,0.3608415708152028,5.1078274662632746,4.859403313446822,21.801762156175286,21.324714698248215,6.1386211382265,6.048524892879371,3.030516541052824,2.990675508430831,3.9213785000670507,3.859268814264291,43367.07880995403,40430.46786915076,18.244644901651146,3051.0421845774545,2936.6109408032717,0.9161993421097354,0.6117707798392052,20607.13592769831,2491.786931577385
jamshedpur,2021,2w,736688701.0145665,58.81606601109896,57.090971710971054,14.002831083139771,0.31940054081293495,0.3185464170412668,0.38719344740656103,0.38555727576021565,7.416835555365466,7.329784538660459,0.019425822524983708,0.01941090842487111,0.6050336710601291,0.6043975828042336,0.5559600920496992,0.5552364053386215,15.339510440852793,15.275469698397414,23488.519379577658,23215.138593474097,15.073371254077745,2230.4737046563982,273.38078610356024,0.9009039548959924,0.58426350346228,23399.690698873437,3755.569687839371
jamshedpur,2021,3w,42571259.43850425,3.6048115593047156,3.4990812666187288,14.002831083139771,0.018457298542817146,0.018407941026370646,0.3468104594733947,0.34534493508436614,0.8442101249759553,0.8343016742433979,0.0027337785158874565,0.002731679668004999,0.043953824153458144,0.04390761430980314,0.04038878047807744,0.0403362068776939,1.3872364510311253,1.3814448938215416,4655.766921473712,4601.578864732506,15.073371254077745,2230.4737046563982,54.1880567412054,0.9009039548959924,0.58426350346228,23399.690698873437,3755.569687839371
jamshedpur,2021,hdv,897688713.0,53.86417440498147,52.78055653005464,13.838079969604363,0.7623023230795408,0.7623023230795408,0.2187886255106641,0.2187886255106641,214.16798612530425,209.63185352716332,11.048617879130754,10.959268614480807,6.459813243207414,6.392597083251175,4.63580084533909,4.578009926696914,7.0563496668240635,6.906180188639971,36375.26894473938,35439.08598473924,14.816049873827161,2230.4737046563982,936.1829600001365,0.9009039548959924,0.58426350346228,23399.690698873437,3755.569687839371
jamshedpur,2021,lmv,177372266.54692894,5.2136568514251485,4.901274128952969,14.002831083139771,0.08951494834644119,0.08899802550583186,0.24974267436718373,0.24740415841499055,3.4441640042073955,3.352085046273192,23.808051064720924,23.573140310841396,6.326838429098957,6.282544146656999,2.9837867584364934,2.964391437548712,2.1427792219094592,2.1241624904092933,37502.86262155096,36055.871532476005,15.073371254077745,2230.4737046563982,1446.9910890749525,0.9009039548959924,0.58426350346228,23399.690698873437,3755.569687839371
jamshedpur,2022,2w,978933441.9908292,68.53685330288336,65.83143165497978,14.154002013500756,0.38207488711939214,0.38065780599215465,0.46024170988694196,0.4575006798817856,8.836370461264403,8.687677289638016,0.024011294534855912,0.023933419913149706,0.7454145653428855,0.743386016475289,0.6828478323747117,0.6809334273955201,18.245796055342776,18.143336379371032,28164.142539702596,27614.634066220584,15.257707742416894,2230.4737046563982,549.508473482012,0.9009039548959924,0.7024206089173275,26443.00906003504,3838.568379535311
jamshedpur,2022,3w,57848433.25776699,4.295529458072915,4.125967859822692,14.154002013500756,0.022578075953811443,0.02249433591644678,0.42155680945141666,0.41904617245619946,1.0285176957775641,1.011210413457359,0.003455456507333616,0.0034442495993536972,0.05537591852081951,0.055225220155064016,0.05072791394987887,0.05058569519125452,1.6873600211568935,1.677884613205878,5708.711149137634,5597.328913918144,15.257707742416894,2230.4737046563982,111.3822352194893,0.9009039548959924,0.7024206089173275,26443.00906003504,3838.568379535311
jamshedpur,2022,hdv,913972175.0,58.1763505613047,56.97402091168516,14.676963666184362,0.8338032180848629,0.8338032180848629,0.23931011949982042,0.23931011949982042,231.15849230683924,226.12535426784578,12.029363316024428,11.929333453674055,7.0208977174993885,6.946140208849757,5.031668982450123,4.967462290256603,7.615926700410559,7.449260219099752,39036.457493271606,38019.88210770359,15.609527744866655,2230.4737046563982,1016.5753855680159,0.9009039548959924,0.7024206089173275,26443.00906003504,3838.568379535311
jamshedpur,2022,lmv,226188024.751404,5.747950176293473,5.336039473877247,14.154002013500756,0.10264512287429618,0.10191962509299875,0.2843516130883658,0.2810763779397639,3.914996334268949,3.786001851395024,28.152631408837994,27.783098638630726,7.46493266485526,7.396363746647975,3.51057893177441,3.4809103356764757,2.4417200478007355,2.4161530917308314,42666.99265219353,40620.14631732403,15.257707742416894,2230.4737046563982,2046.8463348694931,0.9009039548959924,0.7024206089173275,26443.00906003504,3838.568379535311
jamshedpur,2023,2w,1034204582.9607843,74.3107717712459,71.12558441935431,14.441012277281605,0.42537573110363774,0.42363063933117545,0.5088638367781242,0.5054845673814966,9.89213230995504,9.705722982944195,0.029686307583847733,0.029567979714986335,0.9096356437086076,0.9066329142962312,0.8246738445822304,0.8218973004956359,20.050295923732484,19.927692939106556,32565.895859280183,31826.47889344081,15.581982915028169,2230.4737046563982,739.416965839373,0.9009039548959924,0.6751356800368161,28012.341573139078,3843.9859055686807
jamshedpur,2023,3w,63276446.75806445,4.822158731429454,4.615466234042339,14.441012277281605,0.026026054462352646,0.025919283318183047,0.48257954768834466,0.4793748273307988,1.1921336834117304,1.1696688769707462,0.004423267744231532,0.004405636860225499,0.06996610983866787,0.06973515000619514,0.06343113442199298,0.06321757200293196,1.9198306249264732,1.9080912987096639,6834.421422027693,6679.244141691857,15.581982915028169,2230.4737046563982,155.17728033583535,0.9009039548959924,0.6751356800368161,28012.341573139078,3843.9859055686807
jamshedpur,2023,hdv,824990185.0,56.19060994914903,54.95879614827287,14.174358330046967,0.7987690599724901,0.7987690599724901,0.2292549549446817,0.2292549549446817,223.36556580897795,218.2090893863318,11.55742366583744,11.456112995570562,6.753489653859506,6.67713238667783,4.8443036189336,4.778633690137162,7.3592682523826145,7.188574775058115,37878.425731312105,36810.129334460114,15.236848732538288,2230.4737046563982,1068.2963968519907,0.9009039548959924,0.6751356800368161,28012.341573139078,3843.9859055686807
jamshedpur,2023,lmv,210232203.28115124,5.438095474411896,5.024052088087439,14.441012277281605,0.10046976603866452,0.09970874420950537,0.2762754657955522,0.27285198892193346,3.842300887197179,3.705888371290042,30.560235310818,30.125570055198306,8.003835587323653,7.9238562972193956,3.7257362576814828,3.691414946567427,2.3581737630203,2.331947526394193,43118.36822399766,40877.57492851926,15.581982915028169,2230.4737046563982,2240.7932954784046,0.9009039548959924,0.6751356800368161,28012.341573139078,3843.9859055686807
jhansi,2021,2w,431627436.945961,26.703108705387766,25.845910929876798,13.9443873933111,0.14626421670533046,0.1457426142687494,0.17900159490271958,0.17798280933820307,3.460600479446049,3.407207707273875,0.010776576402798754,0.010761996923817789,0.328339965818648,0.3277780789652551,0.29606267571112593,0.2954507158274628,6.882753025505854,6.847191029822666,11755.36794066274,11588.263600102784,15.447238977476548,1741.9223144930138,167.10434055995574,0.8844290325468771,0.5821983627241518,11509.501563515929,1624.6456178910153
jhansi,2021,3w,24960466.80590714,1.6377951775431,1.5852202358604013,13.9443873933111,0.008458273996197528,0.00842811038936965,0.16044724285950301,0.1595340591809969,0.394179959180209,0.3880982514302537,0.0015176649062887215,0.001515611678735336,0.023869979200960425,0.023829130602251652,0.021523453271322424,0.0214789644146021,0.6228914196806326,0.6196730473380988,2331.7553719877997,2298.6091152521553,15.447238977476548,1741.9223144930138,33.14625673564433,0.8844290325468771,0.5821983627241518,11509.501563515929,1624.6456178910153
jhansi,2021,hdv,601469328.0,24.152616663545796,23.15666739731584,17.101617566914708,0.37270639835451086,0.37270639835451086,0.10697057866174828,0.10697057866174828,95.5734112553219,91.40366666916576,5.211623356983657,5.12138296637096,3.020895720605241,2.9575002206591257,2.149156384208155,2.0952701573061843,3.1469852936708804,3.008548847786774,16063.5189771816,15325.953369414598,18.924335522593115,1741.9223144930138,737.5656077670028,0.8844290325468771,0.5821983627241518,11509.501563515929,1624.6456178910153
jhansi,2021,lmv,81196699.24813177,1.9224897468019289,1.7878041262671736,13.9443873933111,0.03210830066176392,0.03186667692100225,0.09059610987915766,0.08948936040306776,1.2742246089910731,1.2308541777154531,10.390910813960351,10.256750448730674,2.6947766630681977,2.6697239139075375,1.2464090842265816,1.2355691606805805,0.7542921922084935,0.7460561197679791,15127.522351100568,14402.800420004218,15.447238977476548,1741.9223144930138,724.7219310963501,0.8844290325468771,0.5821983627241518,11509.501563515929,1624.6456178910153
jhansi,2022,2w,595816705.019439,30.949804965609303,29.46517956123574,14.552484886458716,0.1742383014791496,0.1733528587383519,0.21323732782011345,0.21149574899023268,4.1085960630382,4.015440915976224,0.01334402698991587,0.013304197752056853,0.404437387717721,0.40319247861536245,0.36316395764370746,0.36190883219861664,8.158686229766568,8.098364792380817,14042.425932075532,13711.196354086318,16.455317970585185,1741.9223144930138,331.2295779892138,0.8844290325468771,0.6187564645307568,12745.215531013671,1666.573232554789
jhansi,2022,3w,34529684.63137918,1.902356722633301,1.8111029288940341,14.552484886458716,0.010097725609398476,0.01004641107198904,0.19154678460367752,0.18998235951728315,0.4689999526065569,0.45836620840615555,0.0018832946290773516,0.0018776733732303113,0.02946563909283137,0.02937494015295225,0.026458627299122243,0.02636718403867104,0.7399573191327236,0.734486427393886,2791.419945930491,2725.5765613790177,16.455317970585185,1741.9223144930138,65.84338455147326,0.8844290325468771,0.6187564645307568,12745.215531013671,1666.573232554789
jhansi,2022,hdv,568778664.0,25.573362201081732,24.364069636679453,17.215281241584556,0.39348610965100694,0.39348610965100694,0.11293457002767048,0.11293457002767048,101.21259675256984,96.14963870164381,5.511319563498293,5.40163711264609,3.194521632139527,3.11752389367674,2.273220359837257,2.207780518172648,3.332871488690283,3.1647747125720898,16967.11581470873,16077.105774694326,19.100284808197532,1741.9223144930138,890.0100400144038,0.8844290325468771,0.6187564645307568,12745.215531013671,1666.573232554789
jhansi,2022,lmv,107030676.34918189,2.0966777638071465,1.897219720484246,14.552484886458716,0.03647556830690157,0.0361043858500502,0.10282633279765814,0.10112286843530195,1.4348601568215762,1.36814230917248,12.238111453753811,12.017995208859679,3.1615829377676956,3.120811106173894,1.456716147622623,1.4391907381316138,0.852084010685627,0.8395306506575192,17039.84843222005,15917.88748377673,16.455317970585185,1741.9223144930138,1121.9609484433186,0.8844290325468771,0.6187564645307568,12745.215531013671,1666.573232554789
jhansi,2023,2w,563297203.0181069,33.62743498251321,32.06052780206011,15.866879659989872,0.19908818241993753,0.19806173637874494,0.23398989956044727,0.2320228264657553,4.636139488015167,4.527898630619853,0.016648562548484746,0.016594951406803685,0.49796426928551735,0.4963067225173324,0.4426603762809777,0.4410104724789175,9.201956436605201,9.135041105431554,16191.519754828121,15802.389012752836,17.689817413654595,1741.9223144930138,389.1307420752855,0.8844290325468771,0.6094446716214627,13538.113138697883,1625.470116992794
jhansi,2023,3w,36736774.10987653,2.3260083485928096,2.217625440853958,15.866879659989872,0.012984011896952452,0.012917069763831186,0.23653326803393027,0.23454481370994815,0.5955515152588651,0.5816470572930638,0.002644183463582871,0.0026356687528452903,0.04082688418986848,0.04069098594552041,0.036292651968378296,0.036157380352308754,0.9391827313705381,0.9323531268255488,3622.0474570037313,3534.998802145035,17.689817413654595,1741.9223144930138,87.04865485869641,0.8844290325468771,0.6094446716214627,13538.113138697883,1625.470116992794
jhansi,2023,hdv,530340369.0,23.251941565144346,22.217088605332332,15.670208360233524,0.3466533200035654,0.3466533200035654,0.09949307658659029,0.09949307658659029,92.18977939798661,87.85744137852491,4.912184162114734,4.822263288216097,2.858569481847198,2.79346340742064,2.040924187852395,1.985298012901828,3.0361532825851527,2.8925063113672613,15618.670314183773,14786.764765982618,17.71394705148348,1741.9223144930138,831.9055482011554,0.8844290325468771,0.6094446716214627,13538.113138697883,1625.470116992794
jhansi,2023,lmv,91984325.87201649,1.978722032776473,1.7932629459675844,15.866879659989872,0.03772229677214241,0.0373364992519169,0.10183361463957942,0.10012379401783325,1.440905006735983,1.3728636940774503,13.70632268596668,13.454552555293327,3.5095405672922175,3.4632001217713366,1.6024741100951065,1.582695689376961,0.8680457918621076,0.8554874365759916,17183.136922342193,16058.549273443345,17.689817413654595,1741.9223144930138,1124.5876488988488,0.8844290325468771,0.6094446716214627,13538.113138697883,1625.470116992794
jodhpur,2021,2w,926687716.0959662,54.282587466575755,53.03510151513202,14.315029646560536,0.29038034396676876,0.28974006890943793,0.3691005850227816,0.3678498925324966,6.661403822562767,6.59895887814493,0.015787658145341252,0.015779583340667237,0.4986204719430764,0.4982462000145597,0.4629262156130198,0.46248319525423937,14.203493545095675,14.155278232577391,20384.36256201631,20232.513242203415,15.304950932072598,3384.6083774400863,151.84931981289628,0.9145679836616232,0.5212869341874832,22385.120534063924,3282.491948614745
jodhpur,2021,3w,44100869.73363978,2.7398601360742103,2.6768945114016964,14.315029646560536,0.013819138313863015,0.013788667761155135,0.2722639744840653,0.27134141157823466,0.6244230510372178,0.6185696207762919,0.0018297126134031298,0.0018287767829064975,0.029831046279920927,0.029808654653726063,0.027695560329334346,0.02766905567986775,1.0578289034618416,1.054237987536168,3327.468728482272,3302.6814013543585,15.304950932072598,3384.6083774400863,24.787327127913613,0.9145679836616232,0.5212869341874832,22385.120534063924,3282.491948614745
jodhpur,2021,hdv,1446225899.0,47.061954594933496,45.75930060202709,15.690451862716065,0.6902923471199551,0.6902923471199551,0.19812102003937687,0.19812102003937687,186.76060088529533,181.3069809714411,9.84649952174703,9.731257104682797,5.739870637341525,5.65750763305679,4.104852152427629,4.034636178123184,6.151374152969944,5.970448802342661,31702.30894222154,30680.371548304574,16.97162038297719,3384.6083774400863,1021.9373939169673,0.9145679836616232,0.5212869341874832,22385.120534063924,3282.491948614745
jodhpur,2021,lmv,254228543.17039412,5.465881300184167,5.189793314988106,14.315029646560536,0.09269123099456851,0.09223232474491944,0.2710850889607607,0.2689317266960475,3.518425337920265,3.4385022857814462,22.018594583738047,21.829482113990984,5.936097180730526,5.900311928334109,2.8288312183836855,2.8130811187894462,2.2595365117713224,2.242844245579732,36965.3718036206,35798.035022129494,15.304950932072598,3384.6083774400863,1167.3367814911035,0.9145679836616232,0.5212869341874832,22385.120534063924,3282.491948614745
jodhpur,2022,2w,1108660533.0168211,62.143753012583026,60.4167554156304,15.238900995868986,0.342370339669183,0.34142694045337646,0.43343616524570594,0.4315828508133482,7.794124483916933,7.701445619428092,0.018790203152404955,0.018768611109121796,0.5929693083363782,0.5922344324102178,0.5500537433126848,0.5492620101531884,16.697232915721237,16.628212295160232,23837.8674997595,23604.153204710696,16.402568321805486,3384.6083774400863,233.71429504880507,0.9145679836616232,0.5737029100409953,24090.201062488908,3625.746773672907
jodhpur,2022,3w,53439584.47529201,3.176991606400016,3.088701849122554,15.238900995868986,0.016502913329835403,0.016457439660857737,0.323833168134991,0.32244850129751,0.7399991821615656,0.7311999534519233,0.0022057047600893553,0.002203170158825953,0.03593199515522624,0.035887464084482346,0.03333145267716534,0.033283476244572105,1.259550234742784,1.2543436870909357,3941.2590933630377,3902.6176926329053,16.402568321805486,3384.6083774400863,38.64140073013232,0.9145679836616232,0.5737029100409953,24090.201062488908,3625.746773672907
jodhpur,2022,hdv,1508606679.0,54.30897771793731,52.75100942328529,16.03796153166464,0.8018181625460803,0.8018181625460803,0.23013007881734934,0.23013007881734934,215.44267969045097,208.91997895746408,11.416067433843773,11.275593182072365,6.646730535009487,6.5476979321203865,4.74980632901048,4.66557726931253,7.09622812866027,6.879706651251626,36382.46910145906,35216.54479045472,17.295378960006545,3384.6083774400863,1165.924311004339,0.9145679836616232,0.5737029100409953,24090.201062488908,3625.746773672907
jodhpur,2022,lmv,301009768.5078867,6.019361144982492,5.660822570169558,15.238900995868986,0.10789436299787113,0.10725002041529609,0.3137691934759405,0.3107518857163188,4.024049207459808,3.913390478865996,25.753715241444798,25.477992347417064,6.9542997038101495,6.902349597053706,3.3131484351880247,3.29035823587319,2.6192330739591076,2.5963035802117482,41793.87397347075,40225.99922293236,16.402568321805486,3384.6083774400863,1567.8747505383872,0.9145679836616232,0.5737029100409953,24090.201062488908,3625.746773672907
jodhpur,2023,2w,1156507130.5631995,67.94300698676766,65.84858120553808,16.180904104909004,0.38615234987523683,0.3849211185615669,0.4951828213786238,0.492720262472213,8.794859457773844,8.672346947154026,0.022487702427852353,0.02245175529068669,0.7051526838705463,0.7040084562236085,0.650675717893298,0.6494802326709833,18.682402500006535,18.595378502409105,27485.536325989735,27162.43837817104,17.455865916012648,3384.6083774400863,323.0979478186964,0.9145679836616232,0.5576786900017278,25457.505127725533,3717.0509563133196
jodhpur,2023,3w,53849962.25575014,3.355335537555235,3.251903240896653,16.180904104909004,0.017980251842999243,0.017922922529571717,0.3573833838216032,0.3556061056188116,0.8066133563108565,0.7953772214009605,0.0025499613270695354,0.002545885152107447,0.04127669190712279,0.04120971360138194,0.03808783792966204,0.038017859219618505,1.3613704375170141,1.3550290744250006,4389.796656436336,4338.193723380419,17.455865916012648,3384.6083774400863,51.602933055916765,0.9145679836616232,0.5576786900017278,25457.505127725533,3717.0509563133196
jodhpur,2023,hdv,1391470175.0,54.43789387564414,52.850060476139255,15.185359202534153,0.7920758370848943,0.7920758370848943,0.22733393097364382,0.22733393097364382,216.12690073628494,209.47948083300633,11.34206270546783,11.203163867342202,6.614831970550985,6.514751161686129,4.734130084027052,4.648691590246575,7.1193009267217615,6.8988476805276715,36635.535482006446,35380.37319469547,16.536363499385164,3384.6083774400863,1255.1622873109736,0.9145679836616232,0.5576786900017278,25457.505127725533,3717.0509563133196
jodhpur,2023,lmv,290789796.18105084,5.938982576692565,5.549126031276141,16.180904104909004,0.11243607873378775,0.11167706135292714,0.3306925636747942,0.3270900845029408,4.156400404683131,4.026666280491282,28.350480592337426,28.002150540909952,7.624894801272923,7.559517914128232,3.6155322750847,3.5869660560010175,2.7047958612214664,2.678508011101815,43684.454135877524,41853.29502593918,17.455865916012648,3384.6083774400863,1831.159109938344,0.9145679836616232,0.5576786900017278,25457.505127725533,3717.0509563133196
kanpur,2021,2w,1839715568.4696763,129.76943526447226,125.22355132610409,12.895826289756883,0.6912329595579978,0.6889329230231677,0.7825981125932743,0.7784076389445692,15.760318925437668,15.53307715594847,0.038372191207142484,0.03831103610116757,1.2093933151308456,1.2074448517467715,1.1205102939756733,1.1184651685533422,33.39834951239124,33.22683914170953,48120.91190921122,47461.84497364449,14.194683946648338,5267.302522717741,659.0669355667342,0.92907982137185,0.6010160077327086,54146.77572819069,7643.191273250905
kanpur,2021,3w,129393328.31570047,9.680275549779058,9.341170975184632,12.895826289756883,0.04861671815557912,0.048454948919296095,0.8531623757454336,0.8485940610560704,2.1833613541654286,2.151880335291244,0.006572479197468078,0.006562004407022331,0.10693340512071203,0.10676112384397157,0.09907445304066802,0.098893624998564,3.6761456383252913,3.6572675467335114,11609.089209711201,11450.090417988371,14.194683946648338,5267.302522717741,158.99879172283,0.92907982137185,0.6010160077327086,54146.77572819069,7643.191273250905
kanpur,2021,hdv,2488457818.0,101.73731226635387,98.84848951481055,12.618864214460613,1.4306107555966467,1.4306107555966467,0.4106000354207282,0.4106000354207282,404.6503407504346,392.55707008232093,20.768904102577732,20.525709619491046,12.159554259968733,11.979366833046184,8.732825135013591,8.578285578175395,13.331780967212186,12.931187155865622,69212.69145049178,66790.36316933935,13.811244515918714,5267.302522717741,2422.328281152426,0.92907982137185,0.6010160077327086,54146.77572819069,7643.191273250905
kanpur,2021,lmv,500157339.2146227,13.238953093253865,12.277431133282326,12.895826289756883,0.21918291073829824,0.21762882223192495,0.5718713355479349,0.5652490673631598,8.344074482964219,8.072160734677647,53.42041795901818,52.75215964590383,14.335489562168561,14.209704853199435,6.813374227612439,6.758249541842268,5.283229140442778,5.226877940100619,88259.29292261803,84126.0391422457,14.194683946648338,5267.302522717741,4133.253780372324,0.92907982137185,0.6010160077327086,54146.77572819069,7643.191273250905
kanpur,2022,2w,2072280009.4515748,147.03968962652377,140.22008055856017,14.188865478032605,0.7986535955157675,0.7951507512900226,0.884055907605346,0.8777634150596627,17.77884757777069,17.435837920917276,0.040514684364993496,0.04039686375120148,1.2886582956503416,1.2853831966185674,1.2029865822145602,1.1997344174898366,38.95939858794792,38.698550648621946,52402.826440325436,51412.14144297608,15.82878545848502,5267.302522717741,990.684997349359,0.92907982137185,0.6346999898980861,59960.22704865372,7840.4409226374455
kanpur,2022,3w,153313843.6165083,11.537763057204696,11.00264880493184,14.188865478032605,0.05908692449292662,0.05882777297412145,1.0137815027430854,1.006565655312981,2.590812343587963,2.540827458512689,0.007299562202004038,0.007278334370354037,0.11985477476275057,0.11955016627335967,0.11188667029933845,0.11158419487052323,4.510780360832699,4.48057897671176,13298.135240109583,13046.731566490917,15.82878545848502,5267.302522717741,251.4036736186663,0.92907982137185,0.6346999898980861,59960.22704865372,7840.4409226374455
kanpur,2022,hdv,2583848940.0,108.9501770853412,105.01099148823171,12.510128500296377,1.5233609163714792,1.5233609163714792,0.4372202877503304,0.4372202877503304,433.4684485070868,416.9784469353868,22.178072762472663,21.85087384337145,12.988509287825812,12.743686937515912,9.33302038377892,9.122710527820345,14.282220360174701,13.73619902494214,73991.63821769788,70630.59186083739,14.006965225614241,5267.302522717741,3361.04635686049,0.92907982137185,0.6346999898980861,59960.22704865372,7840.4409226374455
kanpur,2022,lmv,638831901.9319158,16.253379234206136,14.745367702431112,14.188865478032605,0.2859746756625768,0.283365759084912,0.7275009405573768,0.7166083984981408,10.454454840975034,10.013049809889086,63.194668551109004,62.12657392208714,17.185352652058047,16.984580301422877,8.237779005210719,8.14973216029206,6.945473177592121,6.851538664862452,104853.42392961249,98613.61055579982,15.82878545848502,5267.302522717741,6239.8133738126635,0.92907982137185,0.6346999898980861,59960.22704865372,7840.4409226374455
kanpur,2023,2w,2386065365.81922,151.65165080296939,144.3476296163464,13.300652377402947,0.7964611351138371,0.7928011041595651,0.9894810896653815,0.9823370170866528,18.1352140753488,17.768762016035275,0.040474839255733204,0.04030049429400088,1.2871736570467813,1.2828003432101402,1.2018227349708586,1.1977264856851177,39.28627535522251,39.01029287149802,53942.12825294133,52797.537133092366,14.801531772488294,5267.302522717741,1144.591119848963,0.92907982137185,0.6596150905056496,63690.436276374676,7647.070152601652
kanpur,2023,3w,121365805.1481128,8.181166872345388,7.787136106108995,13.300652377402947,0.04051152508937358,0.04032535977722605,0.7801052511463885,0.7744728761657589,1.8169212645251103,1.780207358848043,0.0050136101030121795,0.004992014028077139,0.08230681184651187,0.0820271654156456,0.07684914710502938,0.07658721724234757,3.127241087168385,3.105272505147354,9411.203858797111,9211.508727871682,14.801531772488294,5267.302522717741,199.6951309254291,0.92907982137185,0.6596150905056496,63690.436276374676,7647.070152601652
kanpur,2023,hdv,2332536360.0,106.07323367393768,102.83895037812911,13.2519892983372,1.5120203899374371,1.5120203899374371,0.43396543975111584,0.43396543975111584,421.5934326251799,408.05369064762857,21.840660434316025,21.564405368565964,12.763280420321216,12.560752843892383,9.153178595595122,8.979780752444986,13.889504700303027,13.440801865817079,71690.57029016623,69028.01085653875,14.522569726882748,5267.302522717741,2662.5594336274808,0.92907982137185,0.6596150905056496,63690.436276374676,7647.070152601652
kanpur,2023,lmv,717285545.032667,16.870587456130362,15.327812170487775,13.300652377402947,0.2788796107898805,0.27637998868746994,0.7977200516533115,0.7861917281528706,10.547006807822358,10.11163222544597,62.06412145067503,61.008283460329146,16.827774692404034,16.63032264796908,8.062502644066571,7.976240213101148,6.858169905533816,6.766192768808386,108070.62997002181,101657.51965264008,14.801531772488294,5267.302522717741,6413.110317381725,0.92907982137185,0.6596150905056496,63690.436276374676,7647.070152601652
kochi,2021,2w,329545636.2624484,63.29758721117968,60.876916073882896,15.681452431394755,0.2896482709407814,0.2886505974608032,0.2671868540641104,0.26556937331653535,5.8125870805059305,5.730516855318667,0.008308644813014548,0.008286693979179551,0.27563789819331935,0.27508708158277506,0.26716834749302487,0.2666394359119493,15.713750580025678,15.62593670855607,13773.88974777354,13655.850774355766,17.31708129931796,1373.11517395514,118.0389734177752,0.8531714420423218,0.5929407920872537,31540.94351779862,2352.0569987020945
kochi,2021,3w,42029099.2578222,8.5620109246254,8.234576441960002,15.681452431394755,0.03694072865686999,0.036813488866374006,0.5281792091884637,0.5249817476025477,1.460169949580857,1.4395532302243974,0.0025805728914396813,0.0025737552060031386,0.044193467570861365,0.04410515425772433,0.042835530884119115,0.04275072963959024,3.136323668302367,3.1187968072202334,6025.515651559795,5973.878409295833,17.31708129931796,1373.11517395514,51.637242263961525,0.8531714420423218,0.5929407920872537,31540.94351779862,2352.0569987020945
kochi,2021,hdv,574368162.0,29.16940128147192,28.216873563255607,14.344986555420345,0.41585812592681937,0.41585812592681937,0.11935556933817165,0.11935556933817165,115.93349932292762,111.94575027562053,5.995426240863193,5.911851961270121,3.5078503005886517,3.447762869432262,2.516147797707037,2.4648702367392485,3.8189118605104757,3.686651020106458,19923.59119572143,19165.597843854684,15.996882228610819,1373.11517395514,757.9933518667458,0.8531714420423218,0.5929407920872537,31540.94351779862,2352.0569987020945
kochi,2021,lmv,256611868.47972932,16.88103824044036,15.419601989541954,15.681452431394755,0.26094398921156126,0.25876058319353223,0.5517268149504737,0.5438707449375123,8.459490701881467,8.135949667010388,32.359408575840334,31.797119466994644,9.21522884477323,9.108379605653084,4.590848870180431,4.543305647055083,7.035048722194048,6.946616971548277,67020.63161053555,63636.431248245055,17.31708129931796,1373.11517395514,3384.200362290496,0.8531714420423218,0.5929407920872537,31540.94351779862,2352.0569987020945
kochi,2022,2w,389522423.43945944,74.48479522092967,71.0931131474276,15.679476966581872,0.34603539583931753,0.3445683974947267,0.31854895270198047,0.3161897676329182,6.972162792276319,6.848304158169686,0.010207397274187471,0.010163796763202114,0.3381499185048318,0.33710649768232076,0.3272788586270826,0.3263110141843049,18.607493866546413,18.48268831384752,16674.59377426326,16462.71696782668,17.461673096217567,1373.11517395514,211.8768064365795,0.8531714420423218,0.6717120648715663,35835.8550338661,2718.2859672969626
kochi,2022,3w,49716042.84741623,10.082908420967868,9.623780895159078,15.679476966581872,0.044165648833163915,0.04397841095373001,0.6301906710433223,0.6255234561327813,1.7527945965100513,1.7216566625487675,0.0031727110983141124,0.003159158982982497,0.05425727890116292,0.054089858560420014,0.05251298119337017,0.05235768733407569,3.716708298291925,3.691779318778847,7299.993135272252,7207.235299402349,17.461673096217567,1373.11517395514,92.75783586990383,0.8531714420423218,0.6717120648715663,35835.8550338661,2718.2859672969626
kochi,2022,hdv,598558742.0,38.33608775015493,37.01584038815337,15.279091988166709,0.5568911609810305,0.5568911609810305,0.15983350434754523,0.15983350434754523,152.21377933888775,146.6864977627329,7.98167872361502,7.864795823923001,4.655029470157437,4.571537348195725,3.3319794204395796,3.2608071459595096,5.014129522160838,4.8307563239943905,25807.017525268133,24793.372186190692,16.932518289075748,1373.11517395514,1013.6453390774404,0.8531714420423218,0.6717120648715663,35835.8550338661,2718.2859672969626
kochi,2022,lmv,288242157.7131244,18.909920369890052,17.05817366396637,15.679476966581872,0.29635689373087126,0.2935198664379183,0.6254659886918611,0.6152906464839549,9.658574623855325,9.235157346935308,37.823088734595366,37.059526322466795,10.751396845837444,10.606642555631957,5.34775177850849,5.2834803906177426,7.920121599942935,7.806987582841624,77282.03531296048,72788.59288585772,17.461673096217567,1373.11517395514,4493.442427102753,0.8531714420423218,0.6717120648715663,35835.8550338661,2718.2859672969626
kochi,2023,2w,373715643.9071837,70.16631401508052,67.22078870455775,15.110534842369669,0.30988118136156034,0.3085914129541708,0.2666158948708456,0.2645881527030043,6.1478732890803425,6.0455179107012205,0.008571537481512941,0.008539723026981175,0.2849870090537582,0.2842133734990723,0.27672764588532933,0.27599954167442653,16.86624704770821,16.75480825199672,14379.749498302162,14271.26843563468,17.150632753293436,1373.11517395514,108.48106266748255,0.8531714420423218,0.6403267767149609,37428.01809621276,2590.5974787125433
kochi,2023,3w,59338907.653634205,11.8162871550752,11.320248943858937,15.110534842369669,0.04920321400561856,0.04899842341237363,0.6561694471485693,0.6511789627744969,1.92274899909398,1.8907373274025827,0.0033144266905158156,0.003302124734481474,0.056886336358434944,0.056731910749601655,0.055237682572896664,0.05509234548829432,4.1910537373390735,4.163362575225173,7831.639515006098,7772.5574999044575,17.150632753293436,1373.11517395514,59.082015101640536,0.8531714420423218,0.6403267767149609,37428.01809621276,2590.5974787125433
kochi,2023,hdv,587131877.0,36.98804985475195,35.52985897869356,15.859232620485336,0.5438400655284765,0.5438400655284765,0.15608770540528646,0.15608770540528644,146.76417967198896,140.65921144638799,7.753881084514294,7.622366536872141,4.517316064054129,4.424618519009097,3.229565793003966,3.1507275529040855,4.834124803612098,4.6314681916757605,24862.902681888874,23771.3314732804,17.808295060652046,1373.11517395514,1091.571208608475,0.8531714420423218,0.6403267767149609,37428.01809621276,2590.5974787125433
kochi,2023,lmv,318677811.439182,20.928981307018383,18.82210532982532,15.110534842369669,0.3063549710789262,0.3032555909843492,0.6049993082338472,0.5944225404846826,9.901128809796964,9.448975035082603,36.78792978523749,36.001391929481166,10.476281820606093,10.326914435451597,5.225754591252932,5.15931139163049,8.293700207096887,8.16840243393638,78042.9981189934,73457.59665132448,17.150632753293436,1373.11517395514,4585.401467668926,0.8531714420423218,0.6403267767149609,37428.01809621276,2590.5974787125433
kohima,2021,2w,24271518.181214638,3.9161630474930984,3.7677787440907764,13.870177746961259,0.01616093867576706,0.016121595008024726,0.014768833724169931,0.014703115355279794,0.30495243978509623,0.3018543669855733,0.00036237280891897143,0.00036179318004524343,0.01223609106633024,0.01222184187281166,0.012011178331497686,0.011997372584709835,0.9516613551303033,0.9472652798332677,632.9402857629497,627.7816722448841,15.487719260352733,204.3617030461537,5.158613518065522,0.8170898823271193,0.5263228838856426,2123.649578944124,286.8200544879147
kohima,2021,3w,3392556.2940022615,0.5805571661315907,0.5585597238297928,13.870177746961259,0.0022588984262176203,0.002253399157213026,0.03199690852441854,0.03185452865360244,0.08395791592408908,0.08310497067199549,0.00012334942879546357,0.00012315212676637096,0.0021500940294943887,0.0021475901983490234,0.0021105729499519693,0.002108147040110308,0.20817043857121695,0.20720882242736216,303.4561604456213,300.98292073150185,15.487719260352733,204.3617030461537,2.4732397141194724,0.8170898823271193,0.5263228838856426,2123.649578944124,286.8200544879147
kohima,2021,hdv,62756336.0,4.3870913378858996,4.209006428234905,14.760940335829822,0.06562709575262468,0.06562709575262468,0.01883565304900073,0.01883565304900073,17.39091119574586,16.645403614062666,0.9310629090739073,0.916023005858392,0.5407154909278279,0.529598083760017,0.38580808983975184,0.37627676912737584,0.5728508169144958,0.5481532807479808,2908.961588041707,2762.5076079859955,16.45498854556078,204.3617030461537,146.45398005571133,0.8170898823271193,0.5263228838856426,2123.649578944124,286.8200544879147
kohima,2021,lmv,30660612.52478311,1.7899204838725202,1.635915433299363,13.870177746961259,0.023736115660404795,0.02356879994636375,0.0498831462989713,0.04927866732072785,0.7381177745123646,0.7137563370007168,2.3231273154360608,2.2881206741780513,0.6699633727647473,0.6632770977976516,0.3376079929804078,0.33461770245205974,0.696197678445321,0.6882774360170676,5229.820151042458,4969.7589279446265,15.487719260352733,204.3617030461537,260.0612230978313,0.8170898823271193,0.5263228838856426,2123.649578944124,286.8200544879147
kohima,2022,2w,24952890.251186874,4.778043624612221,4.578967611889521,15.353466201275738,0.019859289069189073,0.019805794458647344,0.01725087185573087,0.017162075332740057,0.36957064382237914,0.36528619811133867,0.0004361587923425493,0.00043522605990244914,0.014732980032789786,0.014710653281951477,0.014472217223885296,0.014451086281904923,1.1714363959261496,1.165538915977184,762.6434947338189,754.9199905210075,17.113807979352888,204.3617030461537,7.723504212811349,0.8170898823271193,0.5541234703352705,2645.86883061618,313.9069763945676
kohima,2022,3w,4211619.611135088,0.8553276230573741,0.8196906079634262,15.353466201275738,0.00335190715243975,0.0033428781803014674,0.04513059196845703,0.04489828836775613,0.1228641459372083,0.12143977749263477,0.0001792769001274695,0.0001788935136557412,0.0031261046699547212,0.00312136728757144,0.003070774938097854,0.003066291287386431,0.3094236456617392,0.3078658831128105,441.5226138323091,437.0511906948503,17.113807979352888,204.3617030461537,4.471423137458828,0.8170898823271193,0.5541234703352705,2645.86883061618,313.9069763945676
kohima,2022,hdv,71164951.0,4.864346187358642,4.696035490294946,14.789650747479628,0.07186767955492641,0.07186767955492641,0.02062676493617682,0.02062676493617682,19.29616925930357,18.591573915243202,1.024964099458658,1.0106816385449122,0.5959415605162143,0.5854207839113409,0.4257383396097505,0.4167236891335966,0.6356710795075678,0.6123255837570455,3228.8893627124257,3092.3271627676645,16.035316724432935,204.3617030461537,136.56219994476123,0.8170898823271193,0.5541234703352705,2645.86883061618,313.9069763945676
kohima,2022,lmv,34119035.137678035,2.2687953899113618,2.0582900269962243,15.353466201275738,0.031452994551902265,0.03121248890986459,0.06267351760530472,0.06183400210731891,0.9500722764718007,0.9156676644590787,2.993208190015899,2.942857498632635,0.8668623833974273,0.8572521867702694,0.4375326793320306,0.43323684859299816,0.9225042177528198,0.9112776675164875,6589.050015068699,6234.6143983605625,17.113807979352888,204.3617030461537,354.4356167081369,0.8170898823271193,0.5541234703352705,2645.86883061618,313.9069763945676
kohima,2023,2w,26589260.39898132,5.516069915680298,5.247000605569717,15.501689405758176,0.023417381022414887,0.023340276538859082,0.01984833604443852,0.01972302308343307,0.4380227888935341,0.43174315749995984,0.0005354988619047855,0.0005339989693160573,0.018068157383282386,0.018032488737963516,0.017718769094727416,0.017685227306211027,1.353244164103499,1.3450875924252879,921.8300467584767,909.8961077491061,17.44788052703676,204.3617030461537,11.933939009370533,0.8170898823271193,0.5571087514916361,3047.3234305921087,324.063952988955
kohima,2023,3w,4747690.61969439,1.044624049636174,0.9936681559188875,15.501689405758176,0.004181330302146653,0.0041675627799282345,0.05493282777824701,0.05458600801008696,0.15405375062053736,0.1518451879767117,0.0002328552989272906,0.00023220308850827154,0.004055782438483601,0.00404777585196678,0.003977354801681841,0.003969825633436608,0.3781453976043743,0.3758661562655514,564.5860097718615,557.2769238618787,17.44788052703676,204.3617030461537,7.309085909982855,0.8170898823271193,0.5571087514916361,3047.3234305921087,324.063952988955
kohima,2023,hdv,69999653.0,5.0758210864386175,4.874559265623864,15.825140897923854,0.07584081392926811,0.07584081392926811,0.021767095461761077,0.021767095461761077,20.122455923478082,19.27991656308561,1.0767612801096043,1.0596629997819482,0.6252983304864523,0.6127139262562186,0.44619883470528254,0.4354174693089321,0.6628459355319656,0.6349289539953976,3360.2253078210933,3197.198702153,17.3468226469376,204.3617030461537,163.02660566809345,0.8170898823271193,0.5571087514916361,3047.3234305921087,324.063952988955
kohima,2023,lmv,33244798.98132427,2.4252817176187897,2.169663135079934,15.501689405758176,0.033951081039384046,0.03364935789677207,0.06605967939571211,0.06502815496891742,1.0355174790930262,0.9920569686723174,3.3714460814680547,3.306191167125318,0.9741722740392312,0.9617261412020187,0.49074212475461354,0.4851827144507599,0.9760239317704146,0.9622744594348398,7358.509688701529,6902.590223434479,17.44788052703676,204.3617030461537,455.9194652670494,0.8170898823271193,0.5571087514916361,3047.3234305921087,324.063952988955
kolhapur,2021,2w,366712047.439193,41.66388785534934,40.32724914306834,13.690877891200397,0.2277317256330343,0.22707883885767466,0.3477944040275711,0.3463628012229651,5.404845311581636,5.337958180851492,0.01408349326277563,0.01408325754623658,0.4382427914100397,0.43795134890762943,0.4023324372178156,0.4019153975635729,11.094643951688084,11.044599746314205,17415.769836916097,17224.440740522386,14.96084520882905,1081.0050711381514,191.32909639371064,0.8630252059422242,0.4933465978823718,16241.877546131387,2164.79651813742
kolhapur,2021,3w,7760977.474576233,0.9352013888324805,0.9051987547904454,13.690877891200397,0.004819642019471483,0.0048058245308113786,0.11408946226748373,0.11361984345744333,0.22530660869309144,0.22251834895183165,0.0007258603188548167,0.0007258481700733319,0.01165978811489914,0.011652034061912106,0.010704365392108584,0.010693269729842617,0.36746088545899286,0.36580339306006127,1264.2618143522002,1250.3726740609484,14.96084520882905,1081.0050711381514,13.889140291251806,0.8630252059422242,0.4933465978823718,16241.877546131387,2164.79651813742
kolhapur,2021,hdv,521071067.0,33.00809207394675,31.752812108701754,15.8373619420761,0.48509034216817204,0.48509034216817204,0.1392259291336279,0.13922592913362788,130.97625715667147,125.72119451724701,6.926115141627715,6.818084236992778,4.032006029248966,3.9532399857816496,2.8823379675152587,2.8149622876209284,4.314530794305703,4.140340041698774,22041.442030417442,21031.33468902459,17.506460001295252,1081.0050711381514,1010.1073413928534,0.8630252059422242,0.4933465978823718,16241.877546131387,2164.79651813742
kolhapur,2021,lmv,83424646.08623073,3.457483836674461,3.2181043167818726,13.690877891200397,0.06026890355082971,0.0598754193458773,0.21174584722533574,0.20958649910398475,2.3635395551901563,2.2920029319951714,16.282955590840032,16.107728494052363,4.325452590385946,4.292203417284975,2.038325367151845,2.023706958702862,1.4629455298414085,1.4485298787372969,26085.443559180443,24954.28655399997,14.96084520882905,1081.0050711381514,1131.1570051804738,0.8630252059422242,0.4933465978823718,16241.877546131387,2164.79651813742
kolhapur,2022,2w,447163548.584754,48.7107855782504,46.94881123323725,14.674780253849303,0.2721123883506894,0.2712115710183886,0.41217088048680256,0.4101919856763311,6.382374976166667,6.290211445791851,0.016349992915823144,0.016339284981808987,0.5105395725802985,0.5099679523312652,0.46993908673665524,0.46925052343111906,13.281956098038245,13.214209436307756,20284.218871198165,20020.02280840323,16.02543215741588,1081.0050711381514,264.1960627949338,0.8630252059422242,0.5435964546920988,18074.916422459726,2360.275021421793
kolhapur,2022,3w,9648704.992278548,1.1147612716289919,1.0744379481985125,14.674780253849303,0.0058715254591967265,0.005852088005677067,0.13785154513282472,0.13718969899037856,0.2712591316270105,0.2673420632456462,0.0008591551994888021,0.0008585925217413921,0.013848944561481528,0.013833438736734056,0.012747611956104705,0.01272893392298526,0.4485090155204543,0.44622132624236466,1501.2880280862366,1481.7341873068533,16.02543215741588,1081.0050711381514,19.553840779383336,0.8630252059422242,0.5435964546920988,18074.916422459726,2360.275021421793
kolhapur,2022,hdv,545759183.0,36.94264529069999,35.47229217091585,16.10182775344262,0.5472828094713114,0.5472828094713114,0.1570758084090856,0.1570758084090856,146.5240177311206,140.36853892072008,7.793443171617273,7.666349223240603,4.531266480169927,4.4388948030708155,3.2363853970967935,3.1574133663577992,4.826679149340854,4.622615080161744,24544.316539722226,23378.179120521414,17.75750878102092,1081.0050711381514,1166.1374192008116,0.8630252059422242,0.5435964546920988,18074.916422459726,2360.275021421793
kolhapur,2022,lmv,105698502.42296727,4.08154897452021,3.7717182230373028,14.674780253849303,0.0746452817596796,0.07409944146013811,0.25968902054503196,0.25671455108211966,2.864450912075531,2.767210978707789,19.50553915491362,19.26113006158991,5.211981253744339,5.165795752900669,2.4639581226063383,2.4436947427628115,1.813163846165034,1.7934686409964953,30838.456931725977,29370.782927180946,16.02543215741588,1081.0050711381514,1467.6740045450315,0.8630252059422242,0.5435964546920988,18074.916422459726,2360.275021421793
kolhapur,2023,2w,497586354.05526704,51.24067102599105,49.15052980916252,13.935617337555351,0.2887157807082591,0.2875739673757127,0.439126234960768,0.4365426373839695,6.835624608578353,6.71631701757397,0.018883775766643667,0.018848590215432552,0.5840385717083519,0.5828645123298435,0.5333150132333906,0.532081309745765,13.95057910429985,13.867894562941094,22393.509307482447,22015.69230022068,15.351046297561982,1081.0050711381514,377.8170072617686,0.8630252059422242,0.5405984274693756,19286.40854934868,2383.0649861156476
kolhapur,2023,3w,11233350.219821285,1.2269016493310627,1.1768555110796528,13.935617337555351,0.006517955028816501,0.006492177816588672,0.15366038596369566,0.15275632565206068,0.3039614158081693,0.2986561355514326,0.0010382001610635316,0.0010362657150403477,0.016575513814078516,0.016542193005505735,0.015135935873632505,0.015100922314268088,0.49287816183645117,0.489956892084672,1734.0678809039468,1704.811174053941,15.351046297561982,1081.0050711381514,29.256706850005912,0.8630252059422242,0.5405984274693756,19286.40854934868,2383.0649861156476
kolhapur,2023,hdv,426630493.0,36.40650637703002,35.012839443424866,15.278848765861703,0.5312283326007889,0.5312283326007889,0.15246800803717492,0.15246800803717492,144.51791077300106,138.6836400761999,7.609680973932543,7.491502977295192,4.4322495250882765,4.345151105984818,3.1706213523988223,3.095985241080729,4.7609571245068105,4.567653256677472,24307.29028920023,23164.051966065883,16.964173359576172,1081.0050711381514,1143.2383231343483,0.8630252059422242,0.5405984274693756,19286.40854934868,2383.0649861156476
kolhapur,2023,lmv,105567961.72491166,3.8956030496935634,3.573471714885435,13.935617337555351,0.07115109539220708,0.07056587622836782,0.2487086943459834,0.24548301185762644,2.766688823689274,2.661305311305377,20.27514164319306,19.981742184529015,5.360890035453962,5.305958256400211,2.5136259652388713,2.489728589825301,1.711645406357991,1.6909572608188526,30834.574020942946,29185.299921526785,15.351046297561982,1081.0050711381514,1649.2740994161613,0.8630252059422242,0.5405984274693756,19286.40854934868,2383.0649861156476
kolkata,2021,2w,1630131602.218578,141.89217409367384,133.76374512378183,13.267014710621716,0.6350497657012281,0.6320212935898496,0.6033738627887884,0.5984802500737652,13.039440614388889,12.767964676191035,0.019176440684203922,0.019059920574104352,0.6349850211146175,0.6322723476306644,0.6139478582080456,0.611501966023543,34.08834823552353,33.81869777827342,31165.488280932754,30431.701032431825,14.99660240101255,5087.178282010349,733.7872485009284,0.9251782412298766,0.6247278803426167,70069.10576614618,10497.751777182153
kolkata,2021,3w,189802036.20237306,17.522285325935265,16.51850444392538,13.267014710621716,0.07394110908339474,0.07358849327462234,1.0889210464280876,1.0800894443201883,2.990450223547867,2.928190245985961,0.00543747936159137,0.005404440086769178,0.0929450602334803,0.09254799637846647,0.0898657744102326,0.08950776030146804,6.211416636231139,6.162282212804155,12446.72903504083,12153.672466533695,14.99660240101255,5087.178282010349,293.0565685071342,0.9251782412298766,0.6247278803426167,70069.10576614618,10497.751777182153
kolkata,2021,hdv,2908365307.0,125.90180046317244,122.97017761689351,11.354251106715239,1.6916279116527848,1.6916279116527848,0.4855146501073559,0.4855146501073559,501.9301921767675,489.6584032402811,25.003158837101015,24.765171503379726,14.722207637962455,14.54110549917448,10.623310347661452,10.467317517132033,16.539697041723098,16.133619744845642,87040.76358631867,84430.88701710154,12.44133445823072,5087.178282010349,2609.876569217129,0.9251782412298766,0.6247278803426167,70069.10576614618,10497.751777182153
kolkata,2021,lmv,1134537396.579049,37.19640333011729,33.258903897332566,13.267014710621716,0.5158138211641531,0.5108575020069177,1.1298285736454534,1.1116211426738525,17.715685886768796,16.931009135387797,68.46621348562849,67.0968725410651,19.29123771969468,19.03205622597121,9.566745196800092,9.451882233252325,13.816191340687745,13.60814360541585,146856.769136098,137075.6717701007,14.99660240101255,5087.178282010349,9781.097365997324,0.9251782412298766,0.6247278803426167,70069.10576614618,10497.751777182153
kolkata,2022,2w,1990214222.2709548,156.08682204384974,144.7258521518352,13.0153771145266,0.691798543799766,0.6874742037874392,0.6519828519275516,0.6450223728559926,14.022622571316344,13.63821660164207,0.01994270820357707,0.019764069865487788,0.6628166843423172,0.6587222623243371,0.6425604159547403,0.6389077931751835,37.56843739337316,37.18616838684289,32712.918224554636,31714.38830853499,15.124722396935942,5087.178282010349,998.5299160196446,0.9251782412298766,0.7180948624769515,76121.22415028999,11774.589809566683
kolkata,2022,3w,238567795.5421987,19.84414240592826,18.39976227534131,13.0153771145266,0.08292617533668897,0.08240781492484422,1.2113785062001647,1.1984459962189367,3.3108587555483795,3.220097283226897,0.005821669500617331,0.005769521449616473,0.09988264999468921,0.09926564422067449,0.09683014722378742,0.09627971804589927,7.047606158155757,6.9758948602839395,13450.374582598391,13039.815019853118,15.124722396935942,5087.178282010349,410.55956274527307,0.9251782412298766,0.7180948624769515,76121.22415028999,11774.589809566683
kolkata,2022,hdv,2899239205.0,152.5457677858686,147.50295222502305,12.105221073213164,2.0828700081630003,2.0828700081630003,0.5978051652294634,0.5978051652294634,607.6593781051998,586.5496817017712,30.60527134345228,30.18991271384104,17.978333290194946,17.66561906596367,12.950522676756458,12.681624192003573,20.02326242189222,19.324443861964884,104543.85288351648,100199.32616339008,13.494646523751213,5087.178282010349,4344.526720126392,0.9251782412298766,0.7180948624769515,76121.22415028999,11774.589809566683
kolkata,2022,lmv,1501974124.1868458,44.503478218903396,38.679891879694,13.0153771145266,0.6094800306327606,0.6019837037465319,1.324467374851508,1.2971013318221658,20.68822500491897,19.521022191987445,77.27288320965904,75.23251185271627,21.847314344908536,21.461353121984107,10.862367790470529,10.691357057807373,16.5182462995646,16.203700347387432,167590.7222283431,153670.925682449,15.124722396935942,5087.178282010349,13919.796545894118,0.9251782412298766,0.7180948624769515,76121.22415028999,11774.589809566683
kolkata,2023,2w,1742532949.9797528,161.84329419263477,152.97033806477913,13.062304855087715,0.7091106420991221,0.7059233120850562,0.7258786443849877,0.7205122468715759,14.406195302641164,14.137871499629927,0.019850689703438226,0.019769241837810272,0.6613512424676637,0.6593780193987109,0.6422967886327101,0.6404493919477281,39.20778099014333,38.90963674463587,33239.766582092845,32737.62108664056,15.170006412421172,5087.178282010349,502.1454954522851,0.9251782412298766,0.6118004507796533,80348.71055294911,11526.190608718473
kolkata,2023,3w,157485525.10194367,15.513452413605028,14.662937207867468,13.062304855087715,0.0640875467104678,0.06379948424315884,1.0168464141955356,1.0093289013015123,2.5645333947840614,2.516767462212567,0.004369046473174273,0.004351120168578027,0.07514090989891359,0.07491671771885297,0.07297599524109427,0.07276609910884263,5.545470637581479,5.503301707908027,10304.352533114627,10148.687053476653,15.170006412421172,5087.178282010349,155.66547963797348,0.9251782412298766,0.6118004507796533,80348.71055294911,11526.190608718473
kolkata,2023,hdv,2769212838.0,142.88690352271502,138.19078487326692,11.633321096381076,1.932795373945717,1.932795373945717,0.5547321980479255,0.5547321980479255,569.4528687346885,549.7950091034538,28.498659446379964,28.11902678906153,16.763353959945,16.473567184834067,12.087396237729717,11.837665321174988,18.76460777684439,18.11420098026408,98397.7152482348,94194.24075159615,13.187677753016349,5087.178282010349,4203.47449663865,0.9251782412298766,0.6118004507796533,80348.71055294911,11526.190608718473
kolkata,2023,lmv,1347668407.9183035,47.3071558873124,41.967932511067026,13.062304855087715,0.6401267977553632,0.6334127364072952,1.5107721168399368,1.4846299587160905,21.7691796983781,20.734786666927615,78.78450544237677,77.09328456318534,22.33228717278131,22.010750185865195,11.123999711884231,10.980885289008443,17.663519695363448,17.374211136715562,174429.7435966614,162633.66668076642,15.170006412421172,5087.178282010349,11796.076915894984,0.9251782412298766,0.6118004507796533,80348.71055294911,11526.190608718473
korba,2021,2w,450743658.36376935,26.58872050195772,26.040396643018845,15.731514218913006,0.15692136442660246,0.15655475962356305,0.25454849263662216,0.2536558956143665,3.7484748029873205,3.7095994517683675,0.012469048647227114,0.012455905620687019,0.3762301589705823,0.3757511552245775,0.3367197984077129,0.33621510990112086,7.449500054358933,7.42511290223285,13141.519223546667,13015.243346166302,16.665734923071607,1865.1802458683924,126.27587738036527,0.8790040063655469,0.6196393250177736,10903.74693866762,1475.073436762515
korba,2021,3w,7734983.766983156,0.48392863913963197,0.47394885771899015,15.731514218913006,0.0026928481055922986,0.002686556986132734,0.06770675646735798,0.06746933667915425,0.12670209444440791,0.12538806975954742,0.0005210921375841161,0.0005205428793377283,0.008116485545905005,0.008106151906008833,0.007264120942016088,0.00725323319984213,0.20006144981026744,0.19940651605961496,773.532303902399,766.0994897280443,16.665734923071607,1865.1802458683924,7.432814174354689,0.8790040063655469,0.6196393250177736,10903.74693866762,1475.073436762515
korba,2021,hdv,483731499.0,20.920533501983083,20.567946115929395,14.855806659836105,0.3048876797774808,0.3048876797774808,0.08750590726809347,0.08750590726809347,83.05003586894404,81.57383228269394,4.3572302585896905,4.324950702819851,2.542944204737396,2.5204346042318515,1.8199183297186277,1.8008098844471432,2.735393049817317,2.6863665357316946,14163.12350532761,13896.557086038561,15.699004465703103,1865.1802458683924,266.566419289049,0.8790040063655469,0.6196393250177736,10903.74693866762,1475.073436762515
korba,2021,lmv,74790058.86924756,1.5807812047482095,1.5105751311857423,15.731514218913006,0.030186285484164778,0.030041367997103764,0.11240404511027528,0.1115508131670563,1.1794182534426445,1.1534410696795219,10.398690834961341,10.310103793469638,2.6892185086411837,2.672777900804432,1.2365974912736686,1.2295300281182568,0.7133332980185123,0.7085213535894548,14083.417320652099,13658.20467122676,16.665734923071607,1865.1802458683924,425.2126494253389,0.8790040063655469,0.6196393250177736,10903.74693866762,1475.073436762515
korba,2022,2w,484392375.2564974,30.88106213053684,30.1949351591552,16.905780384469686,0.18626540822476964,0.18575692412955,0.30320737705949025,0.30194558391448034,4.4458556461683605,4.391800284001462,0.015539638278920027,0.015510091511833309,0.4652193766866967,0.4643403137397818,0.4140684899602579,0.41320856773719244,8.799283611319222,8.766816940005949,15802.909968379174,15624.394795473367,17.87071335478823,1865.1802458683924,178.51517290580705,0.8790040063655469,0.6650418788390855,12039.147564507259,1658.739435118529
korba,2022,3w,8388007.99310488,0.5671629736950713,0.5545615349305544,16.905780384469686,0.00322547548813291,0.003216670294506957,0.08138286954960369,0.08104419590678275,0.15164088535711287,0.1497971451123407,0.0006553206636416276,0.0006540746496309929,0.010127539937766557,0.01010840327762549,0.00901401656764465,0.008995296589299182,0.2384598990318849,0.23758005477350627,938.6457158906607,928.0424470873328,17.87071335478823,1865.1802458683924,10.603268803327865,0.8790040063655469,0.6650418788390855,12039.147564507259,1658.739435118529
korba,2022,hdv,533314914.0,24.602436806030806,24.131313782787057,16.417068911650503,0.3670227662895463,0.3670227662895463,0.10533931766495847,0.10533931766495847,97.54061562913492,95.56807215898779,5.1976322132233435,5.15371776876539,3.0251834104457695,2.9949504104083893,2.1598275779479263,2.134220784479253,3.2122726280440017,3.1467238587166255,16525.739259811096,16182.6158345787,17.29690069647526,1865.1802458683924,343.1234252323957,0.8790040063655469,0.6650418788390855,12039.147564507259,1658.739435118529
korba,2022,lmv,76095525.75039776,1.693162854237282,1.6135917808900426,16.905780384469686,0.03385363743832257,0.03367247395192739,0.1263252036383634,0.1252505647405838,1.3100870785638297,1.2779866942351403,12.196745767848201,12.075923168594482,3.1360471136249983,3.113866785348851,1.434814537405893,1.4253604996230471,0.7952479415968464,0.7894125259283797,15703.84413151387,15190.892506069304,17.87071335478823,1865.1802458683924,512.9516254445662,0.8790040063655469,0.6650418788390855,12039.147564507259,1658.739435118529
korba,2023,2w,512315541.0185401,33.2663377792504,32.59703617540604,17.15977351605085,0.20468139420934228,0.20411756878950982,0.33910382315847043,0.337652402325277,4.923301451288121,4.862687185597387,0.019624078293540525,0.019573319231115823,0.5745932754696677,0.5732424952573395,0.503086489073315,0.5018403797787193,9.564815885202625,9.530643811947424,18247.518915489258,18034.728750462848,18.04740770698826,1865.1802458683924,212.79016502641025,0.8790040063655469,0.6747573587112619,12910.264495226013,1731.2292101889057
korba,2023,3w,8678023.422078608,0.5976437540013333,0.5856194691000315,17.15977351605085,0.003467062368400996,0.003457511828143046,0.0890323162314068,0.088651243091617,0.16426276638818657,0.1622404106451021,0.0008095132754226335,0.0008074194122477036,0.012235689818503823,0.01220692559797322,0.01071298689868874,0.010686451595441128,0.25355162890867844,0.2526457688334782,1060.2058818780356,1047.8424813734714,18.04740770698826,1865.1802458683924,12.363400504564197,0.8790040063655469,0.6747573587112619,12910.264495226013,1731.2292101889057
korba,2023,hdv,507821903.0,25.209877214243466,24.725810098486985,15.534510231152927,0.37008625197131606,0.37008625197131606,0.10621856963795295,0.10621856963795295,100.03799606813746,98.01131557247116,5.274776367260636,5.230445760366303,3.0754961888204586,3.044589973557166,2.1993568106139443,2.1731215014936955,3.2948379944208526,3.227528789662665,17005.47957892579,16641.060191564797,16.458922284919336,1865.1802458683924,364.41938736099473,0.8790040063655469,0.6747573587112619,12910.264495226013,1731.2292101889057
korba,2023,lmv,68300414.55938122,1.5448740645943484,1.4799038323505826,17.15977351605085,0.03155839119738467,0.0313965544189139,0.1198254924384774,0.11884208840549931,1.229483808777941,1.200801717337903,13.056246567621585,12.927673457591995,3.284661319199329,3.2614929133328436,1.4784773161704743,1.4687639167039908,0.7332389290632492,0.7282141974378009,15364.438732096718,14895.110879755062,18.04740770698826,1865.1802458683924,469.32785234165567,0.8790040063655469,0.6747573587112619,12910.264495226013,1731.2292101889057
kota,2021,2w,906059952.4637684,60.85329486823082,58.94494546747395,14.546683372721635,0.3167446113625204,0.3159018355688687,0.46571566205254156,0.46396932886268083,7.2871625475119455,7.204027586077537,0.015577508456180642,0.01556943255400255,0.4973078349559594,0.49691381878326335,0.4657649423828175,0.4652860159973012,15.904826818071474,15.836037908209764,21521.09398110911,21294.281312950174,15.801526138402643,3836.2091456730377,226.81266815893468,0.904790790120964,0.536306904657683,25995.132636177448,3811.8541042286624
kota,2021,3w,19625185.205186818,1.397960920632584,1.354121094195125,14.546683372721635,0.00686066263477522,0.006842408179325683,0.1563541347194612,0.15576784046938347,0.3108956908228769,0.3073488643182991,0.0008216866749129411,0.0008212606850169118,0.013541499635469339,0.013530770727770956,0.012682598893801607,0.012669557913911441,0.5391284819653005,0.5367967331840019,1598.9109323525659,1582.0598719448694,15.801526138402643,3836.2091456730377,16.851060407696423,0.904790790120964,0.536306904657683,25995.132636177448,3811.8541042286624
kota,2021,hdv,1532576812.0,56.41767093603174,54.365226668606326,16.523507222718262,0.8407227484722894,0.8407227484722894,0.24129609605637678,0.24129609605637678,223.69144438268142,215.09900185482127,11.912588716030614,11.733826219080878,6.933794390875085,6.804584440777771,4.950867473057396,4.8405030518169525,7.366873586825315,7.081954155319324,37881.67378813485,36230.89466755315,18.142422832237205,3836.2091456730377,1650.7791205817048,0.904790790120964,0.536306904657683,25995.132636177448,3811.8541042286624
kota,2021,lmv,276586722.3310451,6.94082045611524,6.48729612166253,14.546683372721635,0.11260271321680618,0.11192040551221243,0.38116503886687353,0.3775866122153952,4.306773352004519,4.1866706668930735,24.227946858143298,23.97418529740574,6.597489805263031,6.549294240650403,3.1710997358484905,3.1497899309235473,2.8198305469914624,2.7936422681193753,43971.738660805124,42189.24751405381,15.801526138402643,3836.2091456730377,1782.4911467513157,0.904790790120964,0.536306904657683,25995.132636177448,3811.8541042286624
kota,2022,2w,1017436628.6500432,67.09332645234164,64.91026853369422,14.804478254611576,0.35749093541095,0.3563915102534826,0.5344243880703182,0.5320589468590917,8.299903152232385,8.189975399457131,0.019155276284326794,0.019133691736185565,0.6065018940506827,0.6057298018138098,0.5640448720556047,0.5631953884037308,17.728593170382492,17.64450182551811,25350.83379802164,25055.875211130657,16.16469590519781,3836.2091456730377,294.9585868909817,0.904790790120964,0.5830717006383428,27975.188737475743,4210.465078505818
kota,2022,3w,21537665.378307987,1.5063458164313694,1.4573328916493835,14.804478254611576,0.007567567282175839,0.0075442940379429795,0.17535139427880864,0.17457526312960953,0.346069797029903,0.34148628871744136,0.0009874863401435718,0.0009863736208002827,0.01614016797598033,0.016119621134299666,0.015010305936830323,0.014987699562524512,0.5873162720101625,0.5845304776327169,1840.7152221850172,1819.2983818108441,16.16469590519781,3836.2091456730377,21.416840374173034,0.904790790120964,0.5830717006383428,27975.188737475743,4210.465078505818
kota,2022,hdv,1547284086.0,63.38942776564281,61.22231656440824,16.68254895890952,0.949424701529769,0.949424701529769,0.2724946772225645,0.2724946772225645,251.2625011565162,242.18971816731016,13.426386292674207,13.23367089428061,7.810314478875395,7.6730958418436925,5.5737937748339546,5.456887001431489,8.274652268232243,7.973611539345504,42461.41878492752,40792.16231232326,18.12728903600127,3836.2091456730377,1669.256472604262,0.904790790120964,0.5830717006383428,27975.188737475743,4210.465078505818
kota,2022,lmv,276836159.9716485,6.780518471550521,6.325673035584042,14.804478254611576,0.11320952336965417,0.11245061185221535,0.3894826945327034,0.3854176158907687,4.360214311797691,4.227043347839108,26.508146434422205,26.19401510925447,7.163463301966771,7.1041440150423565,3.4194653112281004,3.3933876024318255,2.7991639481359387,2.77125341348272,45944.10149649028,43989.754240787464,16.16469590519781,3836.2091456730377,1954.3472557028144,0.904790790120964,0.5830717006383428,27975.188737475743,4210.465078505818
kota,2023,2w,1085420905.6693575,71.97995849286494,69.95600505556133,15.43303383172623,0.39782049513104734,0.3966229158107626,0.5921328313515801,0.5895048472203289,9.281933295719556,9.161599181906992,0.02373733498947477,0.023709615214389416,0.7428714175479392,0.7418669372410955,0.6842760041816912,0.6831791530524441,19.416709181582988,19.33153249130669,29521.297751394155,29216.536944654585,16.719479927280645,3836.2091456730377,304.7608067395704,0.904790790120964,0.6058831112270394,29562.99571290497,4316.493738676022
kota,2023,3w,25883329.150403526,1.8204872828880416,1.7692982912448478,15.43303383172623,0.009486567620423249,0.009458009722221048,0.21886322427180366,0.21789187282860137,0.43597321974980796,0.4303211158859721,0.0013784954330587527,0.0013768856658554198,0.02227000087960889,0.022239888296477377,0.020513411682093877,0.020480529981390206,0.7246095970991259,0.7214308994812059,2414.6850728511076,2389.7572604960637,16.719479927280645,3836.2091456730377,24.927812355043898,0.904790790120964,0.6058831112270394,29562.99571290497,4316.493738676022
kota,2023,hdv,1492611985.0,62.851738609384086,60.667523354780904,16.32984323235075,0.935153056564523,0.935153056564523,0.2683985679871786,0.2683985679871786,249.22268610118675,240.07808784103875,13.247679413252055,13.050638092490331,7.7164495157097335,7.577589168094556,5.51109572629201,5.392999993221408,8.207234235249395,7.903673744878682,42326.49035648311,40661.47662191964,17.87087064333472,3836.2091456730377,1665.013734563472,0.904790790120964,0.6058831112270394,29562.99571290497,4316.493738676022
kota,2023,lmv,257993832.18023905,6.215460984551351,5.84681132121325,15.43303383172623,0.10981859843552846,0.10910844301537793,0.37565195302750776,0.3718352003133302,4.215858264060709,4.092740940874397,28.5166043266055,28.187133921294173,7.633536747446272,7.571590837637461,3.610959650287826,3.583874119024565,2.669778929918697,2.6450355540593433,45869.23633535373,44100.5609801406,16.719479927280645,3836.2091456730377,1768.6753552131267,0.904790790120964,0.6058831112270394,29562.99571290497,4316.493738676022
kurnool,2021,2w,397900067.77537143,25.15545847806982,24.516305348078284,10.85878294993397,0.13610576975253877,0.13574949294350352,0.16686222663982764,0.16615977356396822,3.3919295595422234,3.352711774638328,0.014934488608515593,0.014931637122668507,0.4260073727199681,0.42555138241778884,0.3664339940315685,0.3658831229285795,6.215800650089767,6.191374184176161,13050.917613570771,12884.098073547717,11.929970801258971,1073.9356365243202,166.8195400230543,0.8658595913071515,0.5078999832216807,11718.49886801298,1531.2251124042368
kurnool,2021,3w,24171720.269252036,1.6207643971915504,1.5795838065715493,10.85878294993397,0.008268183043755754,0.008246539862304267,0.15711703662199655,0.1564556086411554,0.40586330537277726,0.4011706784974002,0.002209404947762935,0.0022089830995762195,0.03253383756510208,0.032499013955530155,0.02798426694833548,0.027942197368953498,0.5909314807415031,0.5886092750460229,2719.4288075748423,2684.668503645458,11.929970801258971,1073.9356365243202,34.76030392938446,0.8658595913071515,0.5078999832216807,11718.49886801298,1531.2251124042368
kurnool,2021,hdv,480129486.0,19.29433581245538,19.023324961368818,11.347293216087715,0.2614142707987927,0.2614142707987927,0.07502859071173597,0.07502859071173597,76.88825697905696,75.75381975569654,3.852907848420659,3.8311186169841074,2.2655272983014947,2.24882757880196,1.633264060884368,1.618863519373138,2.5336500101007675,2.4961214424417713,13261.952054153975,13015.961832189332,12.036915747008976,1073.9356365243202,245.99022196464284,0.8658595913071515,0.5078999832216807,11718.49886801298,1531.2251124042368
kurnool,2021,lmv,47067513.95537645,1.1990000651177812,1.1328550903774235,10.85878294993397,0.018893035700435764,0.018787400900594962,0.053594275935712136,0.05310612029821593,0.8059724411783388,0.7852244668013055,9.201416325897112,9.12176824570723,2.2220086241705133,2.207246712549925,0.9791061825454852,0.9728573261828533,0.4318636378472349,0.42823749825880497,11073.02461088313,10636.568852779648,11.929970801258971,1073.9356365243202,436.45575810348237,0.8658595913071515,0.5078999832216807,11718.49886801298,1531.2251124042368
kurnool,2022,2w,399667715.8519907,28.182755646001816,27.2918902061757,11.794808993900887,0.15590190833699538,0.1553649812153003,0.18648675724175862,0.18544890207139664,3.799125011382265,3.7415983177815915,0.015109061107467334,0.015094093065445768,0.440683341234476,0.43993077048886337,0.38503550685593874,0.3842062450946917,7.157480488679187,7.121612096079671,14028.463103750704,13811.041672175748,13.040264289154615,1073.9356365243202,217.42143157495593,0.8658595913071515,0.5815062493286802,12306.296986512158,1535.4417840537624
kurnool,2022,3w,25556949.20093675,1.9113820399994963,1.8509626749406562,11.794808993900887,0.009969224417348802,0.009934890347746722,0.1848373088013466,0.1838086333101074,0.47851212013597066,0.47126644645142535,0.0023528749102302406,0.0023505439956699433,0.0354259256615045,0.03536542753780777,0.03095247304948744,0.030885809840876986,0.7162697609650037,0.7126803072411563,3076.9690982189304,3029.280408353268,13.040264289154615,1073.9356365243202,47.68868986566258,0.8658595913071515,0.5815062493286802,12306.296986512158,1535.4417840537624
kurnool,2022,hdv,490808644.0,18.91497501016314,18.45873511330891,10.654729736508402,0.25388312725733725,0.25388312725733725,0.07286707487468319,0.07286707487468319,75.41179605569296,73.501935117716,3.7538750688820683,3.716320992271508,2.2106918818218624,2.1824045439701703,1.595378164655002,1.5710523967960501,2.484983772924919,2.4217606584465585,13076.311958131528,12675.989870817602,11.761584065778946,1073.9356365243202,400.3220873139253,0.8658595913071515,0.5815062493286802,12306.296986512158,1535.4417840537624
kurnool,2022,lmv,54811286.947072595,1.498328638843839,1.397650130113299,11.794808993900887,0.02500312298764749,0.024824061811617917,0.06904555142364587,0.06823831351845372,1.0286970500480412,0.9950526043857193,10.688244837877534,10.562611023000015,2.6478222477701743,2.624596665144748,1.1860715857085067,1.1761915839331716,0.5734921321192981,0.5674813969308752,13343.002704942073,12710.873365996029,13.040264289154615,1073.9356365243202,632.1293389460443,0.8658595913071515,0.5815062493286802,12306.296986512158,1535.4417840537624
kurnool,2023,2w,402902029.13955176,30.221734994289303,29.35449300565601,12.494589111733536,0.16568393022788808,0.1651660033602133,0.19193177356721242,0.19096248441545624,3.9416235144921252,3.88845391033647,0.012986962858738038,0.012974989118608952,0.39180556482212037,0.39125530896641736,0.3508718989908936,0.3502540532598423,7.718665815610876,7.683430762273126,13601.25287004137,13439.100268672242,13.71474958845152,1073.9356365243202,162.1526013691273,0.8658595913071515,0.5615070278504383,12742.733855832303,1492.8393436831934
kurnool,2023,3w,27568344.630513374,2.1932327997414665,2.130295857995966,12.494589111733536,0.011336829695335879,0.011301390840853182,0.20355876589520688,0.20253075839097778,0.531233912622577,0.5240679575930436,0.0021640647593806207,0.0021620695316023333,0.03370283752450599,0.03365550490504695,0.030181752545994808,0.030128605893271074,0.826532577071725,0.822759526115223,3192.2231936394155,3154.1658690719373,13.71474958845152,1073.9356365243202,38.05732456747819,0.8658595913071515,0.5615070278504383,12742.733855832303,1492.8393436831934
kurnool,2023,hdv,484911983.0,18.68317174647079,18.19555402803178,11.037474409841641,0.25249300248007855,0.25249300248007855,0.07246809473242667,0.07246809473242667,74.46208282576214,72.42080957085456,3.7228269402502256,3.681853796776779,2.1906488501657257,2.1602494758908257,1.5798113348927099,1.5537331783706736,2.4536104042847655,2.3859962624236384,12887.789558215472,12471.452880904732,12.306476512678962,1073.9356365243202,416.3366773107409,0.8658595913071515,0.5615070278504383,12742.733855832303,1492.8393436831934
kurnool,2023,lmv,71200950.2299349,2.0414108374950914,1.9121759024834215,12.494589111733536,0.034204510902730675,0.03397710471347743,0.09140898741825079,0.09041589237787563,1.3676688257435177,1.326227395374111,11.804241425760369,11.672823167046998,3.0277153811319453,3.0031757288191536,1.3904051032663423,1.3798099518795888,0.7956291810449597,0.7878747770795023,16475.54513347413,15772.331928325044,13.71474958845152,1073.9356365243202,703.2132051490862,0.8658595913071515,0.5615070278504383,12742.733855832303,1492.8393436831934
lucknow,2021,2w,2355254742.3380184,133.53928828404494,127.34017275387,14.537246329116648,0.6624127819694631,0.6596952310581975,0.7214174242038971,0.7166509674907934,14.128680149247401,13.8806336059926,0.02431970362371998,0.024243520779334716,0.7954654603083217,0.7935127153176456,0.7604227817366142,0.7585369934064005,34.27785113515739,34.053193614510754,36741.349025866606,36173.897305348546,16.210215011430847,7868.1380487950955,567.45172051806,0.9317695679437544,0.5877686048755622,58282.65210088644,8226.99878115714
lucknow,2021,3w,176015478.9647627,10.584641096600123,10.093284479035308,14.537246329116648,0.049504158083127095,0.049301067089758475,0.835663244051133,0.8301419570044595,2.0797636583330843,2.0432508219756147,0.0044261147855269274,0.00441224973111861,0.07473412153786359,0.07455066079852604,0.07144185565069963,0.07126468550152654,4.008972395866468,3.9826975341417623,9418.270773572605,9272.810302020349,16.210215011430847,7868.1380487950955,145.46047155225642,0.9317695679437544,0.5877686048755622,58282.65210088644,8226.99878115714
lucknow,2021,hdv,3827956584.0,111.17617155940796,106.59434015309756,13.305844088699866,1.5512923911755778,1.5512923911755778,0.4452369089724545,0.4452369089724545,442.37126046180475,423.1908597311426,22.591421531527864,22.208268599496225,13.238408413115202,12.953132555639215,9.515172445113599,9.270307896780603,14.575114108585879,13.939881919145348,75754.85659145599,71876.56980730145,15.039487261212985,7868.1380487950955,3878.2867841545376,0.9317695679437544,0.5877686048755622,58282.65210088644,8226.99878115714
lucknow,2021,lmv,1150477985.697219,23.654438363479205,21.456249797201433,14.537246329116648,0.3761169155940972,0.3727434396994493,0.9418512910818809,0.9280322792990819,13.216215560912659,12.674045626453013,60.23158725292698,59.17888906318679,16.831806025989845,16.63251698713315,8.260760047145046,8.172524996590269,9.694415200968942,9.562927546561427,117416.93131728501,110726.28267999084,16.210215011430847,7868.1380487950955,6690.648637294173,0.9317695679437544,0.5877686048755622,58282.65210088644,8226.99878115714
lucknow,2022,2w,3361461339.4508166,151.52266787329646,141.97430484491596,14.27211991298585,0.7545732237013402,0.7502891772300408,0.8180826326515577,0.8105282837757481,16.06737068781304,15.661935285290653,0.027624694509025625,0.027423071821005646,0.9040008907572684,0.8993198663148554,0.8643661216015907,0.860152682178263,39.03974504640129,38.694195744851264,41540.99345785521,40388.08758141416,16.068026811741262,7868.1380487950955,1152.905876441051,0.9317695679437544,0.7082878609882836,64540.150470075256,8439.314889320754
lucknow,2022,3w,255000129.88137963,12.191130880335049,11.422893724761222,14.27211991298585,0.05724185127183088,0.05691686392368615,0.9619248671817004,0.9530422485451766,2.40080292199785,2.3402223504799844,0.005103418512194113,0.005066170499978685,0.08621161314085332,0.08576519912460819,0.0824317746248604,0.08202995266509208,4.634744058570962,4.593720927646343,10809.167794033587,10509.17609831688,16.068026811741262,7868.1380487950955,299.9916957167061,0.9317695679437544,0.7082878609882836,64540.150470075256,8439.314889320754
lucknow,2022,hdv,4340109228.0,116.00687231954097,110.38058838918356,12.493543457394725,1.596038524283885,1.596038524283885,0.45807951047488016,0.45807951047488016,461.9296886912811,438.3774567261222,23.38675735257601,22.92222646181201,13.722943964156986,13.37382588957851,9.87716694330708,9.577050368144446,15.221068330821264,14.441337331957904,79155.69312841489,74315.74546970968,14.278404015431715,7868.1380487950955,4839.947658705205,0.9317695679437544,0.7082878609882836,64540.150470075256,8439.314889320754
lucknow,2022,lmv,1648789659.667802,27.026224478593566,23.99698185980413,14.27211991298585,0.4304336478755183,0.42575927401949226,1.0733483553413872,1.0542294520277646,15.124703590441856,14.367110374593716,68.80521757221524,67.25722365924591,19.226733680894128,18.935595077695123,9.437012726540086,9.308798202994103,11.094209748083095,10.913051442326076,133746.2209902928,124158.02801240425,16.068026811741262,7868.1380487950955,9588.192977888539,0.9317695679437544,0.7082878609882836,64540.150470075256,8439.314889320754
lucknow,2023,2w,3758846588.1464953,148.6173544655937,140.49705566318218,12.824360291359634,0.7022797296647573,0.6987778010753365,0.7979551108235043,0.7915970203156032,15.142275307756606,14.81009671449502,0.025124322378734566,0.02494406657566438,0.823702254275291,0.819571935911391,0.7888774608844493,0.7852075617838263,36.7605250334921,36.47216601599736,38894.0229591806,37908.430797114954,14.28332794471292,7868.1380487950955,985.5921620656445,0.9317695679437544,0.708955354895986,68555.28311202844,8231.173939746004
lucknow,2023,3w,241332624.95278323,10.120106115383804,9.567153966124181,12.824360291359634,0.04508910024303488,0.04486426275657099,0.7940934148524259,0.7877660942614859,1.9149259763875062,1.872917929108731,0.003928323208666338,0.003900139242387639,0.0664838747119069,0.06615050234683141,0.06367304447725886,0.06337683415278204,3.693598149913341,3.664624615597415,8565.39510881505,8348.344116350132,14.28332794471292,7868.1380487950955,217.05099246491773,0.9317695679437544,0.708955354895986,68555.28311202844,8231.173939746004
lucknow,2023,hdv,3510172320.0,116.26875815096368,112.41742253664323,14.552853003672034,1.6808274551373779,1.6808274551373779,0.48241480774252177,0.48241480774252177,461.76760774408376,445.6441602654578,24.14238744592592,23.80630548860748,14.085894208754592,13.843308894173783,10.08716100692673,9.88000543389241,15.211909437403618,14.677235836682266,78280.93027999539,75263.71876576806,15.888380422068408,7868.1380487950955,3017.211514227325,0.9317695679437544,0.708955354895986,68555.28311202844,8231.173939746004
lucknow,2023,lmv,1881545565.9007215,28.565513629263638,25.84650600747495,12.824360291359634,0.41079914565602393,0.40704397266288017,1.0770205141667524,1.0610497605935456,14.903282236085227,14.279862338959102,64.75176354981006,63.516489230229645,18.041347887337704,17.80925826761943,8.859640130340855,8.757507602347419,10.738370639341134,10.588189525791833,133808.13881821654,125532.95501509208,14.28332794471292,7868.1380487950955,8275.183803124455,0.9317695679437544,0.708955354895986,68555.28311202844,8231.173939746004
ludhiana,2021,2w,1104685353.1392488,150.2839965015586,143.7069565929121,15.466083184612158,0.7505967117398215,0.7477465888105181,0.9735227935969674,0.9681649180914591,16.32405051461766,16.06599188561842,0.02771841257288352,0.027662567509460247,0.9053345149856092,0.9037508898806781,0.8652744386484291,0.8636550832310873,39.41133674070933,39.17070678535848,42817.64570431839,42309.44084991344,17.24283272934843,4260.313961106489,508.20485440495395,0.9053227571291944,0.5934589435347516,59824.164739199216,9752.10398512235
ludhiana,2021,3w,38910116.468698904,5.614237428383902,5.368535527431895,15.466083184612158,0.02643812139974792,0.02633773207638616,0.5314981503377929,0.5285729995969498,1.1325340856556128,1.1146304291349787,0.0023776269207389164,0.002372836649079728,0.040088300466971774,0.040018177393143596,0.03831443638651063,0.038242731170970205,2.1724590706408504,2.1591948991510814,5173.087429341906,5111.687786727092,17.24283272934843,4260.313961106489,61.399642614813274,0.9053227571291944,0.5934589435347516,59824.164739199216,9752.10398512235
ludhiana,2021,hdv,2221030388.0,149.3467577708284,142.0184317352058,15.49191631745435,2.1882701167232703,2.1882701167232703,0.6280560829853179,0.6280560829853179,592.7064024799986,562.0271491718745,31.289787236431973,30.6565254549899,18.218020603475896,17.757670988656763,13.026994094595779,12.633410137101556,19.52527439202307,18.50821644776969,99692.07222512073,93890.75985837089,17.363794081511102,4260.313961106489,5801.312366749844,0.9053227571291944,0.5934589435347516,59824.164739199216,9752.10398512235
ludhiana,2021,lmv,518680901.3920522,24.81014047141464,22.518334540990253,15.466083184612158,0.4087342557717621,0.40516388205567083,1.2170652957543466,1.2003730341235392,14.502484800850166,13.92362886064107,65.56758039106474,64.47509634001635,18.33688161590872,18.129523564071242,9.002243864963122,8.910241938325312,10.67657480817006,10.535746940345867,128435.8367294265,121449.17888889294,17.24283272934843,4260.313961106489,6986.65784053356,0.9053227571291944,0.5934589435347516,59824.164739199216,9752.10398512235
ludhiana,2022,2w,1659853475.3955429,176.715673635818,165.9537022339372,15.570889741334858,0.9575501587362028,0.9518336851501047,1.3094256095985897,1.297622005707904,21.424462406030933,20.862277448239244,0.04414874364980437,0.0438836778580091,1.4177811742407567,1.4113074118474804,1.3343130804962997,1.3282959713469198,48.2334533939003,47.80510623855686,61302.07726553488,59790.621678859,17.612596306323603,4260.313961106489,1511.4555866758747,0.9053227571291944,0.6949206406264449,66391.08082475394,10392.743683942395
ludhiana,2022,3w,52112806.25146622,5.88442298618277,5.526062063289323,15.570889741334858,0.030063271630882446,0.02988379706589837,0.6372168288532833,0.6314727415335246,1.3249029228807412,1.290137033325999,0.0033755494710942455,0.0033552829217129766,0.0559588197109376,0.05570330489017494,0.05266439311371399,0.05242690207335543,2.3698975302894527,2.3488511652849673,6601.657645607751,6438.88808257069,17.612596306323603,4260.313961106489,162.76956303706083,0.9053227571291944,0.6949206406264449,66391.08082475394,10392.743683942395
ludhiana,2022,hdv,2777712717.0,161.52297267767509,152.2128026442958,15.276446249312452,2.384479821630357,2.384479821630357,0.6843702910741145,0.6843702910741145,640.7656233635744,601.7888922521674,33.99696557525809,33.18300029634126,19.77652275247569,19.189796316352123,14.130428491230544,13.629508460779666,21.107728406608313,19.815137030632005,107545.06219343253,100331.08401159116,17.10592042117711,4260.313961106489,7213.978181841376,0.9053227571291944,0.6949206406264449,66391.08082475394,10392.743683942395
ludhiana,2022,lmv,560879226.3529913,20.817628060312046,18.404856343316908,15.570889741334858,0.3749753536541179,0.37056026084035754,1.1766224881504903,1.1546784266077095,13.646997270046757,12.908091579919239,74.99338995436784,73.24909520440907,20.636570182531933,20.309733303372518,9.978034362447593,9.834818611430201,9.393024569888215,9.232023053191115,131438.34965637085,121833.97790202132,17.612596306323603,4260.313961106489,9604.37175434953,0.9053227571291944,0.6949206406264449,66391.08082475394,10392.743683942395
ludhiana,2023,2w,1671010752.9786873,181.30169973671238,169.3627942416447,15.565872114558045,0.9610171752655949,0.9546459283065942,1.2775835219646094,1.2647569869889606,20.99360597915945,20.3846408972475,0.03904156521738094,0.0387277345872424,1.269026108469981,1.261701887587448,1.2055495433051844,1.1989061317822005,49.420040092943495,48.937858720712185,56979.289433753394,55489.065773777846,17.759322144019524,4260.313961106489,1490.2236599755488,0.9053227571291944,0.6599278658255835,69542.84227474741,10282.822667772762
ludhiana,2023,3w,55225302.07072413,6.3549894751674305,5.936506808560581,15.565872114558045,0.031760695557818124,0.031550131958959886,0.654455098405111,0.6478845759575635,1.3666122649094214,1.3269707116351244,0.003142226564654874,0.0031169681781805336,0.0527246911956458,0.05242038911572574,0.050087407160166575,0.04981139091534935,2.5560447416555547,2.531105928196518,6459.203741663195,6290.271163947911,17.759322144019524,4260.313961106489,168.93257771528351,0.9053227571291944,0.6599278658255835,69542.84227474741,10282.822667772762
ludhiana,2023,hdv,1877904658.0,157.93029041825775,149.57250509494395,15.396837082083941,2.311317675184282,2.311317675184282,0.6633720007951592,0.6633720007951591,626.8116997274342,591.8225490354637,33.06189910147738,32.33730089818912,19.253421564300172,18.727929894948478,13.769161082183013,13.320062008013132,20.64878818210247,19.488735372035308,105482.58056504915,98882.21927317404,17.469788026190237,4260.313961106489,6600.361291875117,0.9053227571291944,0.6599278658255835,69542.84227474741,10282.822667772762
ludhiana,2023,lmv,673901381.9505882,25.48705502322772,22.311110123991774,15.565872114558045,0.44913125797526726,0.44334412624623754,1.370049409050734,1.3420728586802777,15.957480783686446,15.01621985034547,79.14225209090883,77.03626349897112,22.043789626968945,21.648831204016542,10.758772003159168,10.585337366292237,11.48565655418134,11.271519612772648,145770.5479978141,134383.11897937726,17.759322144019524,4260.313961106489,11387.429018436844,0.9053227571291944,0.6599278658255835,69542.84227474741,10282.822667772762
madurai,2021,2w,927634026.0929558,143.06023154467735,138.94333180051908,11.741785157041926,0.7490200607845904,0.7469688871273907,0.9872643228981831,0.9830808575406319,18.312900633107727,18.09773019363464,0.05749654814352407,0.0575130708305808,1.7396088943823962,1.7385844382431783,1.562224256381998,1.5606155282721554,35.391538128631815,35.239484143503574,63578.8213706994,62872.344942265954,13.061305122425663,2592.9744935233894,706.4764284334451,0.9215798571568524,0.507864346428276,62689.140550573225,6478.4207015580105
madurai,2021,3w,43091492.252845235,7.048356976942135,6.845523675738877,11.741785157041926,0.034794316765705297,0.034699033355144425,0.710853334114249,0.7078411415042327,1.675604118601448,1.655916332280445,0.0065044121960943545,0.006506281358168848,0.10159003621237238,0.10153020981310691,0.09123109182195714,0.09113714498858409,2.5728875404780847,2.561833547786537,10130.48960705404,10017.921428506901,13.061305122425663,2592.9744935233894,112.56817854713881,0.9215798571568524,0.507864346428276,62689.140550573225,6478.4207015580105
madurai,2021,hdv,1353960077.0,96.33226599071779,93.3021835007138,15.401352298983701,1.3800483373841588,1.3800483373841588,0.3960881001317009,0.3960881001317009,382.7753501813953,370.0899616744844,19.894556634956476,19.629044482034136,11.61933391233205,11.428258858469931,8.328528063080272,8.165442014357195,12.610309372411285,12.189592609809699,64933.32518789901,62537.85896097659,16.930523367471615,2592.9744935233894,2395.466226922421,0.9215798571568524,0.507864346428276,62689.140550573225,6478.4207015580105
madurai,2021,lmv,164624300.65419906,10.106872152653157,9.461579642884402,11.741785157041926,0.1558401316900603,0.15487350123528706,0.4749813254101718,0.4702537175156169,6.495601832257224,6.311330395086542,53.010730139187864,52.50100443077131,13.589531973986897,13.49297651121185,6.253020464315976,6.210915292593433,3.6835877816375304,3.64865383668042,80061.96127401417,76663.76476599704,13.061305122425663,2592.9744935233894,3398.196508017136,0.9215798571568524,0.507864346428276,62689.140550573225,6478.4207015580105
madurai,2022,2w,1015962115.4629508,166.4208164972277,162.06774694839885,12.818915330926293,0.8925443236435091,0.8901286555816689,1.1692901971540233,1.1643760268316572,21.539839140327484,21.291408130121173,0.06663271716728217,0.06663848208365597,2.024115637526199,2.0227175752513293,1.8229922240142056,1.8209824060620676,42.213905182669706,42.042098178077694,73863.69523303352,73160.34190619987,14.0903827579926,2592.9744935233894,703.3533268336469,0.9215798571568524,0.5692623764593073,69666.72161980637,7131.9660063544925
madurai,2022,3w,47615361.65214547,8.272396200290508,8.056015120367544,12.818915330926293,0.04183110778839376,0.041717892042801075,0.8494221476168109,0.8458522852172639,1.988435215640456,1.965501480335697,0.007605162826236012,0.007605820808223937,0.11925855029845511,0.11917617808758094,0.1074085915896574,0.1072901754424314,3.096218538240119,3.0836171920648376,11874.182058012586,11761.112363522183,14.0903827579926,2592.9744935233894,113.06969449040298,0.9215798571568524,0.5692623764593073,69666.72161980637,7131.9660063544925
madurai,2022,hdv,1432637397.0,107.94545843322882,104.88749310917436,15.412853942013225,1.5578687743302662,1.5578687743302662,0.44712439873561466,0.44712439873561466,428.7507051896173,415.948400769463,22.397263501801483,22.126812165295917,13.067947116882278,12.874616627338996,9.359530064612636,9.194706360899245,14.124655548826238,13.699939406367104,72529.11556401302,70166.7161262573,16.739130877708426,2592.9744935233894,2362.39943775571,0.9215798571568524,0.5692623764593073,69666.72161980637,7131.9660063544925
madurai,2022,lmv,186813241.88490352,11.842116204991814,11.147508347543797,12.818915330926293,0.19185901008580955,0.1906891693185027,0.5801299305923557,0.5744476810828286,7.809365129126933,7.594173022096758,63.13438008511499,62.51649171336098,16.294998458274446,16.178253754647674,7.524694557518258,7.473820404664734,4.533017228202685,4.492061273932931,93973.86154417094,90330.73489434263,14.0903827579926,2592.9744935233894,3643.1266498283076,0.9215798571568524,0.5692623764593073,69666.72161980637,7131.9660063544925
madurai,2023,2w,1032219458.5174592,179.60082536200557,174.60026179879722,12.818444303886675,0.9684338685018022,0.9656888192768849,1.3272332870981685,1.3214821929327059,23.239489929305236,22.957669962065637,0.06820652889484055,0.06818960949292946,2.0896088757476434,2.0877886762396867,1.8937381877894928,1.8913812154590461,46.1973843037868,46.00010897005966,78164.50872794929,77376.90966705543,14.055355260846223,2592.9744935233894,787.5990608938591,0.9215798571568524,0.5573877912303518,74428.3867937129,7097.43203465026
madurai,2023,3w,40279802.30908712,7.433232571645611,7.226271652174866,12.818444303886675,0.03779072798017522,0.037683609247626634,0.8027757631469534,0.7992972194331321,1.7862461146074728,1.7645847174325822,0.006481755677307116,0.006480147804407401,0.10250969115562711,0.10242039784740674,0.09290088638739212,0.09278526067941362,2.821234446583154,2.809187011964077,10462.319789033809,10356.899651752663,14.055355260846223,2592.9744935233894,105.4201372811458,0.9215798571568524,0.5573877912303518,74428.3867937129,7097.43203465026
madurai,2023,hdv,1353082631.0,103.24280922738708,100.65554176792685,14.446605084954502,1.4679349956583745,1.4679349956583745,0.42131247710442443,0.4213124771044244,410.3996160462727,399.5684456301224,21.2303041853348,21.008730587123917,12.408376448263532,12.246248199601817,8.900749423412158,8.76198432587192,13.521132166922234,13.162162090606133,69695.41764178412,67578.14020033707,15.72887274849587,2592.9744935233894,2117.2774414470477,0.9215798571568524,0.5573877912303518,74428.3867937129,7097.43203465026
madurai,2023,lmv,202059336.17345345,13.481773479538157,12.658172828841492,12.818444303886675,0.22141829049737713,0.22002410523630367,0.6999813604662869,0.6929472736662478,8.930781263638737,8.67588839013713,68.62602589349557,67.91644114954877,17.87881590534907,17.744952958726053,8.309360439017638,8.250964679262838,5.274083541314788,5.22486762137065,105009.31763250481,100815.66922924852,14.055355260846223,2592.9744935233894,4193.648403256288,0.9215798571568524,0.5573877912303518,74428.3867937129,7097.43203465026
mangaluru,2021,2w,607860174.9595481,56.411151982395566,53.30602509485195,15.036442522856792,0.3052085495336363,0.30338922637731536,0.3122225886445067,0.3091229166688961,6.624773049019962,6.449207442521908,0.01421757318338468,0.014104422088730507,0.45617342591093407,0.45356522161228624,0.4286941667649338,0.4263621557629092,14.97098304059227,14.842958741917256,18896.51286673819,18406.231537108102,16.67615044420524,1695.6509038004324,490.2813296300883,0.9202924410651316,0.6248576690049353,23463.301684666872,3409.1044976133376
mangaluru,2021,3w,55839244.489660025,5.49610366967626,5.193573076314776,15.036442522856792,0.02803706431150449,0.027869937668377625,0.4445615123362346,0.4401480108429372,1.198688294822826,1.1669214047081797,0.0031806269539947705,0.003155313813918821,0.0526805690035612,0.052379364069810586,0.049507164054079913,0.049237854928358915,2.1522497396523965,2.133844785031489,5954.161491002063,5799.677209524963,16.67615044420524,1695.6509038004324,154.4842814771,0.9202924410651316,0.6248576690049353,23463.301684666872,3409.1044976133376
mangaluru,2021,hdv,615574677.0,47.93839893327068,46.40748946953978,16.19587733324691,0.7178591160206909,0.7178591160206909,0.20603296690738182,0.20603296690738182,190.01996054800384,183.61054677967235,10.151983504034261,10.01395631500612,5.905875186031946,5.808564038361586,4.2148111619494655,4.132045687813849,6.257777347587534,6.045016794750736,32215.98622161606,31055.82831093823,17.711955470808668,1695.6509038004324,1160.1579106778336,0.9202924410651316,0.6248576690049353,23463.301684666872,3409.1044976133376
mangaluru,2021,lmv,213534226.5507918,7.0110788665804264,6.294951295222645,15.036442522856792,0.1243695601927869,0.12300690970615148,0.2921385342719519,0.2868245023311705,4.41068442813434,4.189010401235992,25.172668320314877,24.600893663108543,6.914593983452074,6.808209390816442,3.337736289220811,3.291380391792975,3.035520131143639,2.98794157665307,42586.62612619378,39715.06054997,16.67615044420524,1695.6509038004324,2871.56557622378,0.9202924410651316,0.6248576690049353,23463.301684666872,3409.1044976133376
mangaluru,2022,2w,888041360.9526367,66.52175381890893,61.71628022082685,15.458585043299122,0.37919099959425145,0.37610803353365746,0.3867662438603926,0.381505983208011,8.177421994470246,7.872080040326307,0.018733764156107342,0.01846672541056471,0.5987752378079615,0.5929126894245612,0.5601546655347495,0.555096240461789,18.37887720957884,18.17228281788569,23637.459183035586,22674.731297874125,17.093230337762165,1695.6509038004324,962.727885161461,0.9202924410651316,0.7352878423266077,26698.193360489637,4249.25269138242
mangaluru,2022,3w,81827409.28170463,6.501048450733696,6.031418368897625,15.458585043299122,0.0349400585198558,0.03465598264598975,0.5523900771139849,0.5448772296679248,1.4841624323102391,1.4287443485113254,0.004203800289957173,0.004143877599216138,0.06936079648906976,0.0686816918774345,0.06488707499126659,0.0643011182417436,2.6502758946738996,2.620484513511954,7470.841088235203,7166.56189369233,17.093230337762165,1695.6509038004324,304.2791945428726,0.9202924410651316,0.7352878423266077,26698.193360489637,4249.25269138242
mangaluru,2022,hdv,591641765.0,59.49592179446609,57.487004737227686,15.597224436963222,0.8752622066528096,0.8752622066528096,0.25120927663107434,0.25120927663107434,236.0649219158366,227.65414022786186,12.468332924838856,12.285756794595782,7.266549933353468,7.138565427697456,5.195164877984284,5.086419101915409,7.7750967437893,7.495829921160313,40120.790407664295,38630.13358852964,17.169841076756562,1695.6509038004324,1490.6568191346523,0.9202924410651316,0.7352878423266077,26698.193360489637,4249.25269138242
mangaluru,2022,lmv,286849808.76565886,7.45149254551547,6.551890912507501,15.458585043299122,0.14182572138642965,0.13992566309258186,0.331767018367537,0.3243668946213921,4.961334735444639,4.6529883744399,30.340235160047808,29.435106289136503,8.31718012312302,8.150751027358572,3.9982918330772725,3.9264751031408793,3.417530297827037,3.3536626726253163,48186.2939694746,44172.202913594876,17.093230337762165,1695.6509038004324,4014.091055879726,0.9202924410651316,0.7352878423266077,26698.193360489637,4249.25269138242
mangaluru,2023,2w,939753072.237352,73.7839547578253,68.65823738886466,15.4548178985506,0.422330166297255,0.41906158657090786,0.449830712521971,0.44404473335910466,9.055148287892147,8.73136954737614,0.019908743771942707,0.019625588962582485,0.6400649944193206,0.6338892084112571,0.6011931917527354,0.595882268695042,20.688940530829697,20.467915883742133,25685.05810729836,24677.587840816675,16.955574273861902,1695.6509038004324,1007.4702664816832,0.9202924410651316,0.7128971458779587,29409.051939817724,4346.294171504618
mangaluru,2023,3w,76366301.1521944,6.359222717224519,5.917452166408256,15.4548178985506,0.034319433070144525,0.03405382144183892,0.5665898675507425,0.5593020655481621,1.4493824060096074,1.3975578311905148,0.003939882578101624,0.003883847063601898,0.06538779761414222,0.06475689130130775,0.061416729694757796,0.06087417610243735,2.6310721377556896,2.602963796980926,7159.318002714213,6878.501039564267,16.955574273861902,1695.6509038004324,280.8169631499468,0.9202924410651316,0.7128971458779587,29409.051939817724,4346.294171504618
mangaluru,2023,hdv,526976328.0,59.64539265423725,57.67196533494119,15.412031796524053,0.8696132902904726,0.8696132902904726,0.2495879793988324,0.2495879793988324,236.7743381480633,228.512360458648,12.430135749026679,12.253731111873403,7.252400603893367,7.127263911523501,5.189922816873152,5.083377823040014,7.798755846253472,7.52457359699204,40357.24293618499,38845.16497711947,16.941420946693906,1695.6509038004324,1512.077959065522,0.9202924410651316,0.7128971458779587,29409.051939817724,4346.294171504618
mangaluru,2023,lmv,319171976.61045355,8.661388528410281,7.67078197015977,15.4548178985506,0.1660374193574578,0.16394690124376105,0.40550939287269633,0.39704028264723645,5.767638089907657,5.429350684590976,33.87269350691037,32.905407442521295,9.342785226998528,9.164752184093887,4.509737396043877,4.432816734308565,4.043195277312242,3.972249881816002,54899.5206349783,50587.08155736058,16.955574273861902,1695.6509038004324,4312.439077617717,0.9202924410651316,0.7128971458779587,29409.051939817724,4346.294171504618
meerut,2021,2w,1061510645.9069555,66.65707455235501,64.4262722750855,12.731043590801358,0.34865040461501196,0.3474814162484688,0.5476730704240454,0.5450862066884238,8.200143819061687,8.084652458030282,0.01884622495916703,0.018815872561664775,0.5965806829706477,0.5956304044010374,0.5545316538956433,0.5535324644705937,17.33617096576278,17.24803157024242,25089.425660054432,24808.546533832803,14.086768594276911,3304.5183532036085,280.8791262216291,0.8817142583837383,0.5569621123141829,27093.44421715811,3824.4267293477983
meerut,2021,3w,15516313.19069551,1.033390671690284,0.9988063416818455,12.731043590801358,0.0050962926212078895,0.005079205284701655,0.12408442369695276,0.1234983267841199,0.2360940646448073,0.23276890042099435,0.00067087247473712,0.0006697920149595971,0.010962711928436567,0.0109452496965746,0.010190022825724862,0.010171661812468081,0.3965736613865848,0.39455742822512485,1257.9344236794607,1243.8516970935852,14.086768594276911,3304.5183532036085,14.082726585875434,0.8817142583837383,0.5569621123141829,27093.44421715811,3824.4267293477983
meerut,2021,hdv,1572416117.0,53.216210921570216,51.4216890716963,14.084156689670115,0.7673741863623703,0.7673741863623703,0.2202443025600866,0.2202443025600866,211.3794128737431,203.86686997203236,11.027471178319633,10.872818867293136,6.4380434929841455,6.32539866626962,4.611866104629275,4.515526972169794,6.963239049844254,6.714208662548338,35954.733397166114,34503.683163233596,15.639119224940961,3304.5183532036085,1451.0502339325176,0.8817142583837383,0.5569621123141829,27093.44421715811,3824.4267293477983
meerut,2021,lmv,282494311.902349,6.773978054605487,6.290669938267701,12.731043590801358,0.10836331181145703,0.10757980033794551,0.39262378909306583,0.3882531418683793,4.280300905881167,4.141002816609215,25.78181240017755,25.451765481398628,6.93948955736476,6.877311793743869,3.3078777276118836,3.280589538153801,2.690028103938505,2.661027867482041,45687.79946954066,43630.077884286,14.086768594276911,3304.5183532036085,2057.721585254658,0.8817142583837383,0.5569621123141829,27093.44421715811,3824.4267293477983
meerut,2022,2w,1493113339.2718823,69.16916698680019,66.6889573360475,12.003951473504411,0.3546466786237527,0.35342097902241376,0.5533009283876461,0.5505714015131584,8.32313553683291,8.200069942837601,0.01857549499132819,0.01852964216801749,0.5904905004346934,0.5892586449095537,0.5503992530360117,0.5491925384813577,17.71643606203712,17.621984407925307,25143.06901746019,24802.59895813466,13.2837341065785,3304.5183532036085,340.47005932553293,0.8817142583837383,0.6029868252639397,30002.323221344617,3923.124616722205
meerut,2022,3w,22197618.31050846,1.0906370673373151,1.0515299232481747,12.003951473504411,0.005272413955539745,0.005254191888133173,0.12749897726479217,0.1268700032886811,0.24372494869978178,0.240121240043293,0.0006725203327801523,0.0006708602447983126,0.011035986267171737,0.011012963474004748,0.010286699944360572,0.01026414702396007,0.41218906666217914,0.4099915626598663,1282.1386455758663,1264.7768103750952,13.2837341065785,3304.5183532036085,17.36183520077111,0.8817142583837383,0.6029868252639397,30002.323221344617,3923.124616722205
meerut,2022,hdv,1581464951.0,58.860579508979974,56.44045104194261,14.923531413895452,0.8745407457495855,0.8745407457495855,0.2510022099141078,0.2510022099141078,233.41671890008428,223.28484774488692,12.419094315519128,12.206425826448555,7.226061151305416,7.073329137293338,5.160504943518227,5.030190713854334,7.687918291199067,7.351860642675631,39412.21541298744,37518.00109262565,16.45900795832017,3304.5183532036085,1894.2143203617889,0.8817142583837383,0.6029868252639397,30002.323221344617,3923.124616722205
meerut,2022,lmv,412298363.41760886,7.5139849433606045,6.975203875097193,12.003951473504411,0.11461850052323345,0.1138040209119898,0.41306134684439466,0.40853607779305773,4.560736729530754,4.414317008172508,26.526671879383734,26.18534575181882,7.155134565945972,7.091044126181678,3.418493063842722,3.390418649234129,2.862137076962679,2.8313561228175077,48665.873796934546,46436.91232119734,13.2837341065785,3304.5183532036085,2228.9614757372037,0.8817142583837383,0.6029868252639397,30002.323221344617,3923.124616722205
meerut,2023,2w,1980847889.5976555,71.49548888702674,68.15203488073368,11.655962931998566,0.3600712422205914,0.3584258902730086,0.5632286214432697,0.559423941325547,8.451364184229215,8.281312987360527,0.018348379969878547,0.0182407312275918,0.5849860083580187,0.5824790442327762,0.5465402089916533,0.5442995239179411,18.076249936793893,17.950208600597747,25264.543209621475,24688.376171158583,12.883127098199235,3304.5183532036085,576.1670384628924,0.8817142583837383,0.6511418749414979,31868.809531386683,3826.36760578783
meerut,2023,3w,27500651.38543703,1.0527484200587758,1.0035171192108858,11.655962931998566,0.0049989672393477135,0.00497612436960772,0.12120157624129595,0.12038284436261364,0.23110965381029983,0.22645946096786057,0.0006203560164883144,0.000616716428412712,0.01020991119280044,0.010166156503429134,0.009538906772765521,0.00949979952013593,0.392741409060919,0.39000291782790975,1203.112955011827,1175.6755292695907,12.883127098199235,3304.5183532036085,27.4374257422362,0.8817142583837383,0.6511418749414979,31868.809531386683,3826.36760578783
meerut,2023,hdv,1344753364.0,57.630367725907384,55.123559519011266,15.035224733720865,0.8489910614658529,0.8489910614658529,0.24366918712586955,0.24366918712586955,228.64652334415385,218.15203684496615,12.10197993191593,11.885332388982844,7.046375907180071,6.888898247769613,5.0363496988561876,4.901713455093466,7.53141212569797,7.183504658347351,38590.099223103665,36576.30447304935,16.829752573943686,3304.5183532036085,2013.794750054316,0.8817142583837383,0.6511418749414979,31868.809531386683,3826.36760578783
meerut,2023,lmv,565765828.016907,8.163482560851278,7.489305793426496,11.655962931998566,0.1205448566342102,0.11955710103483984,0.4359714007504811,0.43042240265381104,4.825323148740853,4.645482204046619,27.214249309052075,26.77622860324664,7.351813495518056,7.270471836271443,3.51947021109366,3.4841212054045987,3.0273507729877704,2.9898148811471734,51298.436056741375,48472.01424673865,12.883127098199235,3304.5183532036085,2826.4218100027283,0.8817142583837383,0.6511418749414979,31868.809531386683,3826.36760578783
moradabad,2021,2w,588921755.4150925,53.90019469995062,51.80992489883736,14.01948733541492,0.30569202825128905,0.30445008731809947,0.46307078846984645,0.46015387069972497,7.516324643408771,7.378817528066637,0.029061087634602793,0.02901491883821733,0.8517520122732113,0.8498608048392498,0.7465218181461053,0.7445189748806829,14.270375466797109,14.185752958544557,27879.967044518715,27318.919059444648,15.5498333175208,1973.6646112206959,561.0479850740667,0.8863211090257258,0.6167273779067108,22366.53854080141,3157.191354219084
moradabad,2021,3w,16616649.576724906,1.612984900069059,1.5504327396355988,14.01948733541492,0.008625215939373296,0.00859017410725885,0.202518614284955,0.20124293428203324,0.4177253291337193,0.4100832689860257,0.001996867033218165,0.001993694648597717,0.030212291322445003,0.03014520875718809,0.026479696347529027,0.026408653974471803,0.6301265315096098,0.6263899173093113,2698.2439910617804,2643.9453488859813,15.5498333175208,1973.6646112206959,54.29864217579916,0.8863211090257258,0.6167273779067108,22366.53854080141,3157.191354219084
moradabad,2021,hdv,922082325.0,46.36899473108508,44.140548775527144,15.928730399003461,0.6887735710642401,0.6887735710642401,0.19768511565390154,0.19768511565390154,183.88259290683723,174.5531507988287,9.779599874369064,9.583099854820999,5.691350957163398,5.550581271659291,4.064705739498879,3.944648711177906,6.056330415343445,5.746855058528881,31095.20281241781,29361.830387206435,17.908033973890685,1973.6646112206959,1733.3724252113752,0.8863211090257258,0.6167273779067108,22366.53854080141,3157.191354219084
moradabad,2021,lmv,79829154.00818264,2.790493774312717,2.575986218393237,14.01948733541492,0.04831130801331621,0.04791340141347296,0.1686332000937973,0.16641089592600505,1.9881113714603316,1.9132282761588366,20.127543644263454,19.84748104868135,5.027405853788853,4.97577115937376,2.2608608251635705,2.238909093401067,1.125701474820041,1.1122654965856877,25775.90873220982,24372.682948689697,15.5498333175208,1973.6646112206959,1403.2257835201235,0.8863211090257258,0.6167273779067108,22366.53854080141,3157.191354219084
moradabad,2022,2w,686961176.7405735,64.4955725936571,61.517827252700016,15.21220482066074,0.38537926453171184,0.3835021242395612,0.5766544376184658,0.572266437973807,9.247031291448648,9.040478227893132,0.034774932281513064,0.034675236887763895,1.0282141746260622,1.0249985119288212,0.9066950644995926,0.9034819592803786,18.003541318166402,17.87832520974308,33432.70026822735,32603.154446231812,16.923729560093317,1973.6646112206959,829.5458219955399,0.8863211090257258,0.6327463329452127,24767.914823424882,3238.6697400662893
moradabad,2022,3w,19820952.442622926,1.9736781488364739,1.8825538952497305,15.21220482066074,0.011119382482280685,0.011065221185079896,0.2578930641909943,0.2559306503080741,0.525525833521311,0.5137870421762686,0.002443487031307819,0.002436481858738821,0.03729585300055374,0.03717921301813054,0.03288805647345066,0.03277150925703564,0.8129367710021699,0.8072827289967562,3308.7722872355052,3226.6736770487796,16.923729560093317,1973.6646112206959,82.09861018672564,0.8863211090257258,0.6327463329452127,24767.914823424882,3238.6697400662893
moradabad,2022,hdv,955986254.0,47.20557834178865,44.87593069243696,15.24116125229094,0.7042170909656671,0.7042170909656671,0.20211756507715645,0.20211756507715645,187.15497126065665,177.40169334262714,9.976267139788153,9.76878474518801,5.805195667257248,5.657623076759489,4.144455922661135,4.01875125473091,6.163678817848905,5.840043554806511,31710.382457357595,29920.721627478808,17.143361549136213,1973.6646112206959,1789.660829878787,0.8863211090257258,0.6327463329452127,24767.914823424882,3238.6697400662893
moradabad,2022,lmv,99269936.81680322,3.3648241816935904,3.066322652190483,15.21220482066074,0.0645995469117856,0.0639805750989346,0.22198293366077365,0.21856568483531538,2.5417213277592094,2.429247366208167,25.303617805097396,24.87262047165694,6.408141061977478,6.329041470636708,2.9028802942988667,2.8692710968421804,1.5025677349188005,1.48215075039905,31407.2737138169,29442.48571362142,16.923729560093317,1973.6646112206959,1964.78800019548,0.8863211090257258,0.6327463329452127,24767.914823424882,3238.6697400662893
moradabad,2023,2w,978747981.0989838,65.21913235195692,61.23938062297499,13.99181154134654,0.3730185327262563,0.37066142191819373,0.5968204187798912,0.5910165978497065,9.126871088197591,8.86435245041008,0.033167357262836955,0.03301813522955225,0.9831407508017593,0.9787855641055908,0.8687322142963778,0.8645229696698497,17.553396870451138,17.391917582218305,33212.04195168944,32103.349279371454,16.18047064698602,1973.6646112206959,1108.6926723179859,0.8863211090257258,0.6276433790647296,26308.761297384663,3158.7936122174015
moradabad,2023,3w,20158622.05113453,1.42468576348606,1.3377496846696202,13.99181154134654,0.007682814947780601,0.0076342671021349595,0.1905308629466151,0.18867803255506055,0.37026383618020225,0.35961383828314625,0.0016636127945030069,0.0016561280955616066,0.025456007670827036,0.025343240840792654,0.022493680475545997,0.022384692455861208,0.5657930884800634,0.5605881776648459,2346.327551088153,2268.0018592642896,16.18047064698602,1973.6646112206959,78.32569182386351,0.8863211090257258,0.6276433790647296,26308.761297384663,3158.7936122174015
moradabad,2023,hdv,725755406.0,46.71427746786584,44.732720571806425,15.605472590026512,0.6982334997277798,0.6982334997277798,0.2004002127053751,0.2004002127053751,185.187551152345,176.89162752139293,9.889507864863175,9.713584033066924,5.751359300874412,5.625947626739661,4.104947444741188,3.998078163699995,6.099085690222815,5.823835838219183,31269.992510543783,29746.61639792181,17.28571998224743,1973.6646112206959,1523.3761126219724,0.8863211090257258,0.6276433790647296,26308.761297384663,3158.7936122174015
moradabad,2023,lmv,142516769.8498819,3.568400747377993,3.1573495679492747,13.99181154134654,0.06323022785411499,0.062464128275472326,0.23287933918706213,0.2283880131773074,2.5739032884545723,2.4304894980404694,24.57455183255105,24.044154587347915,6.21624354757543,6.119203306594024,2.81930429162422,2.77811696262558,1.483989984892215,1.4579865056220496,32520.828995337888,29872.98825835292,16.18047064698602,1973.6646112206959,2647.8407369849665,0.8863211090257258,0.6276433790647296,26308.761297384663,3158.7936122174015
mumbai,2021,2w,4047699195.164946,850.483791775721,778.0794277383061,14.40766685322109,4.4551214283793765,4.420315411663169,3.795723205992016,3.7441739773084475,92.16916028685822,88.8397809749226,0.17535079483527263,0.17334627888813847,5.710356840437107,5.6649270251567305,5.4308481264693675,5.3905987711199375,220.83985531864914,218.2061868555041,243376.5784626044,232806.2063758085,16.333570873117395,6837.4370891809085,10570.372086795891,0.9410280782733949,0.6968516776381503,378064.0716412014,50390.220194503876
mumbai,2021,3w,601398180.1174669,134.02136132913645,122.61170070032622,14.40766685322109,0.6619320730231544,0.6567606721603467,8.74138226010476,8.622666671880285,26.97360085729598,25.99924730581317,0.0634472842586867,0.06272198903993184,1.0666004422854531,1.0581149023402316,1.0143928261467374,1.0068749106439083,51.34969114481381,50.73731045852326,124032.57485231846,118645.57140542027,16.333570873117395,6837.4370891809085,5387.00344689819,0.9410280782733949,0.6968516776381503,378064.0716412014,50390.220194503876
mumbai,2021,hdv,3893915321.0,738.063753765752,696.4044178820901,14.264453460749314,10.777315386150397,10.777315386150397,3.0932006221693538,3.0932006221693538,2929.6633221858237,2755.26178728155,154.18544509687882,150.5966107016659,89.85595961645758,87.24121490832468,64.28114452478793,62.044788514320416,96.5062086602041,90.72510663841129,495423.33520768763,462117.79612279555,16.020658307553614,6837.4370891809085,33305.53908489208,0.9410280782733949,0.6968516776381503,378064.0716412014,50390.220194503876
mumbai,2021,lmv,1894243465.7175853,142.27714666929026,121.82334524148911,14.40766685322109,2.4205569959978566,2.3864123744683345,4.73820799127504,4.624582049527385,82.11320189315678,76.68838903899866,414.6626512187301,402.2594205804847,115.50123284012741,113.18165753545233,56.411232324637865,55.395000821225025,59.7279231398796,58.476833215623174,736927.7892083423,666503.176939643,16.333570873117395,6837.4370891809085,70424.61226869933,0.9410280782733949,0.6968516776381503,378064.0716412014,50390.220194503876
mumbai,2022,2w,11722328336.842787,955.2152917944587,854.9272792410142,14.64396404613964,5.02260588746526,4.97585371113305,4.216127471825593,4.14777440709546,103.41488892916992,98.90782808122229,0.1957709145509247,0.1930054621383557,6.380968126045869,6.3185780557588895,6.072545617237928,6.01750048910078,248.93104427562594,245.36107943557622,271192.9747583919,256126.88806971197,16.855715958737118,6837.4370891809085,15066.086688679934,0.9410280782733949,0.7807309397627735,420731.9306429071,54940.39603840568
mumbai,2022,3w,1807450032.1484168,156.2096247300193,139.80918292337384,14.64396404613964,0.7744288431365463,0.7672201879797824,10.076224832690032,9.912866193078973,31.40761111112925,30.03879453324279,0.07351094532197479,0.07247253253447156,1.2368687745266067,1.2247752601485145,1.1770850296511872,1.1664152380399835,60.06728214689796,59.205846459252946,143428.0032502811,135459.8811686594,16.855715958737118,6837.4370891809085,7968.1220816216955,0.9410280782733949,0.7807309397627735,420731.9306429071,54940.39603840568
mumbai,2022,hdv,6020708343.0,792.8504019701276,741.3264010053061,14.027434713368647,11.552494104920713,11.552494104920713,3.315684905989613,3.315684905989613,3147.4997612439774,2931.8040918128704,165.394405294304,160.9967499614739,96.42022883058101,93.19449441101722,68.99333029405648,66.23131077514653,103.68209981075823,96.53417095821735,533014.43321384,491252.4675752542,16.031353342036454,6837.4370891809085,41761.965638585796,0.9410280782733949,0.7807309397627735,420731.9306429071,54940.39603840568
mumbai,2022,lmv,5590529939.008795,162.46374616582926,134.57731876767647,14.64396404613964,2.780678038310609,2.7348069511092112,5.362475645060264,5.21182659036237,93.82594402495805,86.5243741269079,471.66582252291767,455.04068088184806,131.50642659389695,128.39861273783555,64.27090228654873,62.90977810792253,68.59726891359804,66.90688122473468,835516.1406246267,739482.3132819406,16.855715958737118,6837.4370891809085,96033.82734268601,0.9410280782733949,0.7807309397627735,420731.9306429071,54940.39603840568
mumbai,2023,2w,19529209428.747066,1042.4494437909718,929.1267030042724,14.664460761936942,5.653527883882406,5.598613026467291,4.8220327647121115,4.740518541678442,114.70311557116241,109.42220291349501,0.21527584022852958,0.2118817509208375,7.050027179464711,6.974407407718565,6.722634661653012,6.656323236655164,281.3515250191525,277.21292517074977,295858.5056666526,278706.7957800037,16.892959687963085,6837.4370891809085,17151.709886648867,0.9410280782733949,0.8095482909575786,448931.97370763216,55470.88069575184
mumbai,2023,3w,2887013981.7492642,163.44563653603566,145.6777652860567,14.664460761936942,0.8357641975487275,0.8276461033810324,11.04907902063427,10.862299474423883,33.39941465132664,31.8617110701066,0.07750164793716631,0.0762797388074061,1.3102061928252313,1.2961527018641728,1.2493622140146274,1.2370386246899923,65.09085865331421,64.13339088150569,150020.76749094974,141323.66184181787,16.892959687963085,6837.4370891809085,8697.105649131874,0.9410280782733949,0.8095482909575786,448931.97370763216,55470.88069575184
mumbai,2023,hdv,8779019085.0,810.7419754453128,762.4028410156528,13.854222668046862,11.816903673447333,11.816903673447333,3.391573178028596,3.3915731780285956,3218.4741247750567,3016.11362796636,169.19352964969124,165.09902207370365,98.61815230507544,95.59804850193893,70.56212062373761,67.97380316951168,106.02158994511701,99.31710306295471,544306.1938817619,504596.6325649549,15.721648877082545,6837.4370891809085,39709.56131680694,0.9410280782733949,0.8095482909575786,448931.97370763216,55470.88069575184
mumbai,2023,lmv,9508390596.503674,179.1578711203481,147.5967835989076,14.664460761936942,3.1920874662107006,3.137797834885716,6.250559187231484,6.069502163246955,105.70971519202192,97.17261815930627,527.8698497664299,508.1917572459719,148.03404049551872,144.3585482028045,72.51106552948497,70.90198832317141,79.03443456040183,77.04962941828333,922243.9998730005,813508.8923049135,16.892959687963085,6837.4370891809085,108735.10756808706,0.9410280782733949,0.8095482909575786,448931.97370763216,55470.88069575184
muzaffarpur,2021,2w,223880981.32883662,8.96049698695868,8.489180947931109,10.557232329927567,0.04640850746198009,0.046171437003304144,0.052436267155920424,0.05200234853187924,1.138137075367867,1.112633887662304,0.004033223775199574,0.004027536503609045,0.11970608150757686,0.11942902717548512,0.10596006020897762,0.105650421821643,2.1451449332518933,2.1280750101871933,4086.5344794519333,3984.104655828153,12.611105994096718,598.5609339118087,102.42982362378007,0.8309793865293748,0.4941320323745607,4146.429336758185,505.65531648061653
muzaffarpur,2021,3w,16681807.084584706,0.7081285350669804,0.6708814563886532,10.557232329927567,0.0034579880969306124,0.003440323516252018,0.06056048691564848,0.0600593390540823,0.16703976885214833,0.16329676928599038,0.0007318627294646159,0.0007308307257025026,0.011213126961498947,0.011187174684372728,0.009925507484731545,0.009896502988839517,0.2501433923452876,0.2481528841999921,1044.4415951492388,1018.2624526718153,12.611105994096718,598.5609339118087,26.17914247742351,0.8309793865293748,0.4941320323745607,4146.429336758185,505.65531648061653
muzaffarpur,2021,hdv,288325306.0,7.678335391908851,7.324093102164249,14.864702912285788,0.10981480870173006,0.10981480870173006,0.03151798220882644,0.03151798220882644,30.51261498018488,29.02966402675755,1.5852805305426207,1.5552972785954544,0.9256139457038621,0.9034862696535211,0.6635226369795175,0.6445568719363974,1.0052848299475496,0.956153680144701,5159.993399464488,4867.5001885703505,17.097237787055008,598.5609339118087,292.4932108941375,0.8309793865293748,0.4941320323745607,4146.429336758185,505.65531648061653
muzaffarpur,2021,lmv,35128166.5865787,0.5747346688762592,0.5124661218090801,10.557232329927567,0.008561507200008013,0.008470345761823938,0.022410221778587376,0.022020489127449635,0.3617454973820188,0.3440773305788686,3.3151426372355934,3.258886440557591,0.8313014793950684,0.8208226160033417,0.3767736251746445,0.3722735344110719,0.19823788347049637,0.1949939774203875,4663.717718059553,4312.558015391781,12.611105994096718,598.5609339118087,351.15970266777185,0.8309793865293748,0.4941320323745607,4146.429336758185,505.65531648061653
muzaffarpur,2022,2w,268675690.52231455,10.458661885030448,9.913995595953482,11.328100546825599,0.05658207324785763,0.0562837673099881,0.06443471187266359,0.06388154971406904,1.3946209941219494,1.3618233856142197,0.005887556487862779,0.005875811159009465,0.16944120172301422,0.16894493115882864,0.1467075662455381,0.1461863310841468,2.5779465342959598,2.5574631609654466,5254.78507091272,5111.036268798989,13.259675721888339,598.5609339118087,143.74880211373056,0.8309793865293748,0.5535311591922402,4548.750062145425,558.460615611923
muzaffarpur,2022,3w,19730068.334842503,0.814573811099615,0.7721524287327237,11.328100546825599,0.00415507696113868,0.0041331710100367645,0.07334184057231738,0.07271221207445966,0.2017231917322698,0.1969792230861286,0.001052899022313121,0.001050798550701189,0.01564241741391305,0.015596602870364662,0.013543701093099067,0.013495581876035086,0.2962651885140781,0.29391117908043185,1323.6046135206736,1287.3963623556538,13.259675721888339,598.5609339118087,36.208251165019874,0.8309793865293748,0.5535311591922402,4548.750062145425,558.460615611923
muzaffarpur,2022,hdv,304360146.0,8.470681614276666,8.148591079155482,13.935914516744134,0.11924962938901561,0.11924962938901561,0.03422587301227005,0.03422587301227005,33.68947122025891,32.34111760963371,1.7328187775347708,1.7055795674119472,1.0134469365360215,0.9933321353019844,0.7276423629387584,0.7104001244505966,1.1100588294187437,1.0653880868758951,5710.769182851344,5445.7314714764325,15.664368753138053,598.5609339118087,265.03771137491185,0.8309793865293748,0.5535311591922402,4548.750062145425,558.460615611923
muzaffarpur,2022,lmv,34258719.1428429,0.5289816796671404,0.4728910662536532,11.328100546825599,0.008460353276138375,0.008370250961841526,0.022281244799716167,0.021892513519454277,0.3555246443648575,0.3380255913731985,3.903945632332596,3.8365612808047316,0.9516077715609389,0.9392414448485631,0.42212954984002915,0.41690804381113045,0.19281131836197513,0.1897218127222459,4748.886557397136,4390.865788047605,13.259675721888339,598.5609339118087,358.0207693495313,0.8309793865293748,0.5535311591922402,4548.750062145425,558.460615611923
muzaffarpur,2023,2w,282740868.35537785,11.364925954956952,10.711666329072502,11.846802800738958,0.06314072965906468,0.06276376738385021,0.068546794034537,0.06787402757959322,1.5573382018259134,1.515338372020555,0.007818992235514901,0.007798761066298557,0.2173159208510364,0.21649426946910302,0.18377421199631658,0.1829460806978364,2.832415840025565,2.8074111698533097,6090.7484815258795,5889.638530366376,13.957523895740998,598.5609339118087,201.1099511595039,0.8309793865293748,0.5507204314147989,4772.8424730839915,536.9583712705518
muzaffarpur,2023,3w,23395204.68112375,0.9973761450215726,0.9400466410771419,11.846802800738958,0.00522453758694917,0.005193346094764108,0.08791381109145556,0.08705096310765642,0.2538169467189073,0.246971761420421,0.0015755800141622706,0.0015715032962272378,0.022605516699786082,0.022520047333515265,0.01911645958567582,0.019030316169104687,0.3667767338763617,0.3635388155142922,1728.6697264448824,1671.5909149801296,13.957523895740998,598.5609339118087,57.07881146475279,0.8309793865293748,0.5507204314147989,4772.8424730839915,536.9583712705518
muzaffarpur,2023,hdv,277632517.0,7.868436991424498,7.5846209300114324,13.405591818053919,0.10976531628865514,0.10976531628865514,0.03150377737604288,0.03150377737604288,31.309107446550662,30.12099208522544,1.6001714209344782,1.576324090796081,0.9371326661447781,0.9194390106001082,0.67351287138982,0.65833426701615,1.031637723318967,0.9922832139058502,5331.641466192235,5093.823408898609,15.179472601073336,598.5609339118087,237.81805729362623,0.8309793865293748,0.5507204314147989,4772.8424730839915,536.9583712705518
muzaffarpur,2023,lmv,29907271.9634984,0.470808102711966,0.41644685746468557,11.846802800738958,0.007822909690489302,0.007730516528105696,0.019625944020746,0.019244441103464127,0.3274826254409728,0.30953670671997924,4.287178474668834,4.204602316979516,1.0103161126270916,0.9954074307548493,0.43784262724931805,0.4316630336869185,0.17542892920914896,0.17235072117147876,4516.774480516732,4135.607728664464,13.957523895740998,598.5609339118087,381.16675185226813,0.8309793865293748,0.5507204314147989,4772.8424730839915,536.9583712705518
mysuru,2021,2w,984677782.8741256,79.52581002846759,75.988430354854,14.809256090985093,0.4296786813030816,0.4277609361308945,0.5425947944206437,0.5387897322684917,10.223385388312511,10.026377249336548,0.02975638431670272,0.02972188053488145,0.9113114283477539,0.9096695222635425,0.8269358300888832,0.8250503122447722,20.417662162623856,20.2800405109993,34288.134971441286,33666.01351104637,16.839119013032775,2288.377005675771,622.1214603949193,0.8776258760108085,0.5049715110649633,31894.9718691777,4634.185483005623
mysuru,2021,3w,51246942.70131475,4.389712000487225,4.194453656083281,14.809256090985093,0.02236235969135332,0.022262551836779877,0.4377046326844412,0.4346351352458829,1.0480161411245228,1.02782051103356,0.003771424353044184,0.0037670512275445297,0.059624571495345696,0.05951714614802598,0.05410411083353908,0.053980746646495166,1.662977366586548,1.6517683608746774,6120.977521232963,6009.918944330905,16.839119013032775,2288.377005675771,111.05857690205812,0.8776258760108085,0.5049715110649633,31894.9718691777,4634.185483005623
mysuru,2021,hdv,1129748828.0,64.45107876399987,62.85953594942898,17.964056918712558,0.9942462398415185,0.9942462398415185,0.28535892079575137,0.28535892079575137,255.04138576466488,248.37830808461882,13.9007200974479,13.759763368413234,8.05919944840216,7.958539562259599,5.733920930367609,5.648118289848554,8.39768751692397,8.176630404742209,42982.65908246803,41739.49220547727,19.37552582243741,2288.377005675771,1243.1668769907628,0.8776258760108085,0.5049715110649633,31894.9718691777,4634.185483005623
mysuru,2021,lmv,201059861.42455965,5.97509388792969,5.400902337998703,14.809256090985093,0.10216397901457618,0.10118397750026861,0.2969851737536555,0.29237896402109287,4.031548521279383,3.8537007420299685,30.96778914114132,30.46786568717302,8.088357806249563,7.994436087411757,3.766468144851,3.7255834229382185,2.4198662691268713,2.385418688273622,46477.53773258098,43542.04841031949,16.839119013032775,2288.377005675771,2935.489322261492,0.8776258760108085,0.5049715110649633,31894.9718691777,4634.185483005623
mysuru,2022,2w,1133479397.236143,89.87154996856287,86.11066280323415,14.309844000531895,0.48623089996698127,0.4841636681849679,0.6106038426058307,0.6065021907791398,11.557775053842157,11.34432415765684,0.033873824310484635,0.03380931455900274,1.0377115858959467,1.0354644695237627,0.9411363479509525,0.9387641206915253,23.073813579417372,22.926794638363123,38725.19189996272,38030.80932852627,16.097761787627675,2288.377005675771,694.3825714364502,0.8776258760108085,0.5284379794199145,36292.34016741808,5776.245682645673
mysuru,2022,3w,60130577.93469995,5.056593985274432,4.844988873020893,14.309844000531895,0.02579433300333091,0.025684667276648504,0.502080065624266,0.49870740814224906,1.2076898098788678,1.185385995257833,0.004376202379060995,0.004367868282346076,0.0692058879394028,0.06905602579470493,0.0627652013500053,0.062606995451455,1.9156123561013827,1.9034066884472207,7046.580621912596,6920.228174525949,16.097761787627675,2288.377005675771,126.35244738664733,0.8776258760108085,0.5284379794199145,36292.34016741808,5776.245682645673
mysuru,2022,hdv,1111544697.0,84.63861910121888,81.79381030814832,17.933100702863793,1.2833331953039422,1.2833331953039422,0.36832985729135825,0.36832985729135825,335.2596056206251,323.3494852693427,18.08861436354775,17.83424787646795,10.497622643375662,10.317217157430651,7.480865115306811,7.327267831912092,11.04140105490024,10.646148058585672,56241.3419243339,54056.65166968096,19.831318696910838,2288.377005675771,2184.690254652938,0.8776258760108085,0.5284379794199145,36292.34016741808,5776.245682645673
mysuru,2022,lmv,229000284.8291572,6.766199408818281,6.171046864807518,14.309844000531895,0.11453387875991138,0.11352282077041205,0.3313725551413021,0.3266368508585329,4.53745081627198,4.353290078942806,35.01056688348733,34.47867369197706,9.135086346565032,9.03569084940294,4.250342300793585,4.207235439879863,2.7107699125486433,2.6752741177215533,52520.47315675239,49458.30676280388,16.097761787627675,2288.377005675771,3062.166393948515,0.8776258760108085,0.5284379794199145,36292.34016741808,5776.245682645673
mysuru,2023,2w,1134338524.655215,100.90926447367947,96.68533761485428,15.090529036566618,0.5552615126428009,0.5528280795706703,0.7065468631798602,0.7016596111777751,13.080951119732813,12.831165306395219,0.03754789403976523,0.037451383385887514,1.1549634836361666,1.1520076589545407,1.0506333072197627,1.0476469325584497,26.43640709542331,26.266099863690513,43369.5026419638,42578.88757608538,16.847843136767306,2288.377005675771,790.6150658784245,0.8776258760108085,0.5509613648176497,39977.36111165678,5908.1595675812905
mysuru,2023,3w,57018182.09175058,5.379672400462319,5.154486508339198,15.090529036566618,0.027910541120016376,0.027788223199043886,0.550482295007601,0.5466745564999524,1.2951182530303464,1.270387469829609,0.004596292811012979,0.004584478800242242,0.07298331239293249,0.07279653083734713,0.06639058286919385,0.06620187082944802,2.0795990881607063,2.06620200426272,7477.531057976299,7341.217557708263,16.847843136767306,2288.377005675771,136.31350026803648,0.8776258760108085,0.5509613648176497,39977.36111165678,5908.1595675812905
mysuru,2023,hdv,1061955547.0,83.89441151628503,81.52888284987279,17.394491264166813,1.2510013877896842,1.2510013877896842,0.359050295217163,0.359050295217163,332.6235444347315,322.7199539486179,17.739604748769125,17.527664812033393,10.317711470711076,10.167614621571408,7.365691086710485,7.23793053491149,10.95520229331834,10.62651774393541,56146.725609053625,54329.77944278852,19.011773344778224,2288.377005675771,1816.9461662651083,0.8776258760108085,0.5509613648176497,39977.36111165678,5908.1595675812905
mysuru,2023,lmv,237330835.25303417,7.683176499435328,7.011552110069775,15.090529036566618,0.1351529797282566,0.133948959682875,0.39564294425687985,0.38993784182092034,5.260502461518,5.044571756226146,39.93459376973505,39.30216741300779,10.485423383936165,10.367585738745158,4.895882322662329,4.844834609420866,3.2059094159698702,3.1641310154104376,59689.94418189229,56237.53665530659,16.847843136767306,2288.377005675771,3452.4075265857027,0.8776258760108085,0.5509613648176497,39977.36111165678,5908.1595675812905
nagpur,2021,2w,2139272751.9217455,178.6734904296689,170.482189813338,16.89355816315436,0.9808287073427505,0.9767899591302253,1.2282027527058907,1.2203787991494348,21.74788839190118,21.35156336766829,0.04574362595533325,0.04562435393654833,1.4648528832721186,1.4615229821279694,1.3768147452705057,1.3734866752397992,48.97978983701429,48.6685646984648,62623.691998909104,61503.82245492148,18.506942056283336,5602.619641624533,1119.8695439876246,0.9188866430846268,0.5553744392662724,70083.22815683253,9341.033871412132
nagpur,2021,3w,101290198.33453391,8.972541753040373,8.561194850850287,16.89355816315436,0.04644023732350418,0.046249010839128815,0.9013698485735857,0.8956279009864372,2.028232671928204,1.9912709518583491,0.005274523948101179,0.00526077114415788,0.08719265545528944,0.08699444925555602,0.08195234830816286,0.08175425110206647,3.629315153068629,3.606253924853641,10170.516977918085,9988.642485267954,18.506942056283336,5602.619641624533,181.8744926501313,0.9188866430846268,0.5553744392662724,70083.22815683253,9341.033871412132
nagpur,2021,hdv,2721730837.0,127.23684346200062,123.70954142454046,13.331458310707594,1.7615359286533416,1.7615359286533416,0.5055789716877219,0.5055789716877219,506.48325369098734,491.7178575110453,25.74477392422751,25.45720191932981,15.096120221205776,14.877975205391472,10.858632652838677,10.670826939323456,16.68858439188239,16.19993293155449,86716.00440797932,83605.32242328516,14.669256435118786,5602.619641624533,3110.6819846941507,0.9188866430846268,0.5553744392662724,70083.22815683253,9341.033871412132
nagpur,2021,lmv,727744826.7437203,20.573266187427972,18.713034264315123,16.89355816315436,0.38553112811348417,0.38217629181400764,1.1055806331038063,1.0900963654458098,13.742320180367336,13.183815147214201,77.5226521979883,76.24929943361683,21.3403855270286,21.100315644710488,10.312628619700545,10.206966837585874,9.562294142383484,9.43962782709541,131751.95337620832,124326.68897864368,18.506942056283336,5602.619641624533,7425.264397564635,0.9188866430846268,0.5553744392662724,70083.22815683253,9341.033871412132
nagpur,2022,2w,2633302321.279856,207.909031856646,193.31930145266324,16.48158982234993,1.1611041689392398,1.1537950951347125,1.4793135587837325,1.464688594145073,26.14306164209881,25.391876891956038,0.0597208516196546,0.05934624870607055,1.8949339744124323,1.8856855738652438,1.767266231406225,1.7586838526565562,57.151264007827436,56.601976296010214,77787.31198595374,75191.45367734892,18.45346048328943,5602.619641624533,2595.8583086048166,0.9188866430846268,0.6154912374035264,77992.73747465531,10184.517914837763
nagpur,2022,3w,120920561.75012523,10.125742865807561,9.415182784636842,16.48158982234993,0.053317603233003025,0.05298197245366774,1.0529102901900633,1.042500883968998,2.3645870010247347,2.296643861086785,0.006678467947714005,0.006636576824536052,0.10939013255389983,0.10885624389317111,0.10202017058219764,0.10152472981131527,4.107066897636608,4.067593380862349,12252.121574983574,11843.253203311324,18.45346048328943,5602.619641624533,408.86837167224985,0.9188866430846268,0.6154912374035264,77992.73747465531,10184.517914837763
nagpur,2022,hdv,2897940123.0,141.90518783561126,135.65842750639482,13.019663885450422,1.9392711021926887,1.9392711021926887,0.5565907988148912,0.5565907988148912,565.2492611220515,539.1006988026462,28.501570300272483,27.999994856053895,16.73447490771973,16.349680915070348,12.052650076340345,11.720782659888483,18.62651355156638,17.761519569466895,96859.20141688015,91235.04383198086,14.941900342276625,5602.619641624533,5624.157584899294,0.9188866430846268,0.6154912374035264,77992.73747465531,10184.517914837763
nagpur,2022,lmv,782260290.9700193,21.20041197371318,18.532414277801617,16.48158982234993,0.399124189952246,0.394329323336543,1.1656679934293637,1.1430582445688342,14.530175449567345,13.708161569021676,88.7733567895307,86.70082145326579,24.175991160704257,23.78908047494323,11.588256672230145,11.419473197771937,9.763405446951415,9.59008754700458,144696.93186096425,132901.29872260138,18.45346048328943,5602.619641624533,11795.633138362871,0.9188866430846268,0.6154912374035264,77992.73747465531,10184.517914837763
nagpur,2023,2w,2752223672.5202527,219.4681993773836,204.8564837059909,15.644686033569641,1.224146300063126,1.2162599343328842,1.607878895018809,1.5917192130384423,27.536844531511175,26.736035060297986,0.06189508346887464,0.06143885548111244,1.9696774794215577,1.9587967179696584,1.839947353498445,1.8300387217837701,60.52885261298776,59.95169841735629,81397.58083185175,78856.79180726815,17.508969829009036,5602.619641624533,2540.7890245836024,0.9188866430846268,0.6551015468090143,83220.29068688772,10282.855948158669
nagpur,2023,3w,110632670.60617825,9.356757524268897,8.733804946452874,15.644686033569641,0.049207691853271444,0.04889067920970433,1.0018084787663482,0.9917399925935076,2.1802849628233063,2.1168792648256805,0.00605908775910633,0.00601442628906563,0.09953582527371059,0.09898597608162905,0.09298003363699475,0.09247931011989237,3.8077516441249166,3.771444003347703,11223.137067664673,10872.811871368898,17.508969829009036,5602.619641624533,350.32519629577473,0.9188866430846268,0.6551015468090143,83220.29068688772,10282.855948158669
nagpur,2023,hdv,2453505441.0,150.24605038771358,145.19734856495896,14.50931245333792,2.129728923862625,2.129728923862625,0.6112541571168603,0.6112541571168603,597.3393717880573,576.2043848003385,30.852069711654146,30.427450325588826,18.033416935333623,17.718589630857874,12.939129931143727,12.669084485208737,19.681021425967007,18.980937310228615,101316.81216232768,97119.51317409286,16.00371526752077,5602.619641624533,4197.298988234819,0.9188866430846268,0.6551015468090143,83220.29068688772,10282.855948158669
nagpur,2023,lmv,828423478.8735678,22.834403279643183,20.102422740943986,15.644686033569641,0.42671190980825463,0.4215722075635448,1.2854667134588944,1.260590279996262,15.566698190402228,14.694072631714045,93.45245942691606,91.20415943065228,25.502907380695184,25.08426960421429,12.241575731424678,12.05924352365538,10.489084516253346,10.305557402632724,154395.94731513588,142397.426549387,17.508969829009036,5602.619641624533,11998.520765748894,0.9188866430846268,0.6551015468090143,83220.29068688772,10282.855948158669
nalgonda,2021,2w,233068484.26570916,16.6401475053618,16.22094647572898,14.345658579156265,0.08572048475633631,0.0854733470806366,0.10751855187140136,0.1070420459014986,1.9487596354988839,1.9257397424200038,0.0043303986055723805,0.004325966105955202,0.13789513414679283,0.13773774667207084,0.12881991151029776,0.12864461239749372,4.2391560865859494,4.221259641971133,5869.971215781744,5821.008405829829,15.639367782630224,1086.9552922764417,48.962809951915006,0.8833308715248982,0.4988937574019403,6981.558190523796,979.9695546898888
nalgonda,2021,3w,11385541.87059345,0.862147214111946,0.8404278754020973,14.345658579156265,0.00418749953017319,0.004175426699462743,0.08141140643635095,0.0810506033887848,0.1875114729285342,0.18529647730811585,0.0005151686740666955,0.0005146413588796722,0.008468446082352714,0.008458780568395552,0.007911116528572426,0.007900351021187043,0.32408286040847584,0.3227146798453056,983.5789457521889,975.3746825244426,15.639367782630224,1086.9552922764417,8.20426322774631,0.8833308715248982,0.4988937574019403,6981.558190523796,979.9695546898888
nalgonda,2021,hdv,374465333.0,13.63935043805243,13.351259688969385,13.184898602088262,0.1918547181484974,0.1918547181484974,0.055064281992311,0.055064281992311,54.24798782712956,53.0419503111626,2.7807066585953675,2.7561304518678393,1.629577100043527,1.611543311924913,1.1705036022416073,1.15506129052505,1.7870697057322908,1.7471035085785322,9324.865490890548,9081.081424566875,14.164460645225487,1086.9552922764417,243.78406632367296,0.8833308715248982,0.4988937574019403,6981.558190523796,979.9695546898888
nalgonda,2021,lmv,70353786.86369741,1.855270832908842,1.7421830899602608,14.345658579156265,0.03010312444129826,0.029907196703124174,0.0868748543899634,0.08596896336730576,1.13368444428289,1.1007331777881333,6.640583395675706,6.562742109633883,1.805446603347577,1.7907383693036312,0.8657906738597295,0.8593138961826451,0.7421188086984133,0.7351182874479875,11753.8326362728,11289.657445186709,15.639367782630224,1086.9552922764417,464.1751910860912,0.8833308715248982,0.4988937574019403,6981.558190523796,979.9695546898888
nalgonda,2022,2w,262687669.87784722,18.410466818484608,17.973686616451552,13.653884664903707,0.09512216378712962,0.09486447317421334,0.11843337664337113,0.11793637889963107,2.159929782467256,2.1357489677623596,0.004825729296551882,0.004819017842490403,0.15375538962872054,0.15355228925364606,0.14360193039948785,0.14339005642103472,4.696160833845474,4.67760232503399,6481.544419184545,6429.889509217639,14.752809956634755,1086.9552922764417,51.654909966906416,0.8833308715248982,0.5314889342398037,7832.512158139495,992.7728526569404
nalgonda,2022,3w,13213672.085005812,0.9822063599914503,0.9589039474787772,13.653884664903707,0.004784819481187773,0.004771857170242446,0.09233995244620624,0.09195245401186689,0.2140044905284549,0.2116086705469493,0.0005911507061167257,0.0005903285545695286,0.00972296711965883,0.009710123743738095,0.009080896942639251,0.009067498753925447,0.36968625326617305,0.3682253097781905,1118.3183153298594,1109.4058358100515,14.752809956634755,1086.9552922764417,8.912479519807903,0.8833308715248982,0.5314889342398037,7832.512158139495,992.7728526569404
nalgonda,2022,hdv,378261906.0,14.119489483906834,13.781320593302816,13.931504168488985,0.20285372434551077,0.20285372434551077,0.058221110162670314,0.058221110162670314,56.09463380674749,54.67887707794213,2.915157772066388,2.8852764973474,1.7042636669466362,1.6828893373641451,1.221505095239194,1.2032804170711608,1.847693651246137,1.8007272695406544,9596.140558320076,9326.540947388872,14.994052642709855,1086.9552922764417,269.59961093120364,0.8833308715248982,0.5314889342398037,7832.512158139495,992.7728526569404
nalgonda,2022,lmv,78620944.03714697,2.0658518253542932,1.9513767937529953,13.653884664903707,0.033169019978775166,0.03297222354318834,0.0951094610005365,0.09420360501233742,1.2546971427879083,1.2214136687960668,7.36827043816768,7.288433721638802,2.001528434684326,1.986486156127159,0.9592580598228547,0.9526486190834168,0.8168695966285247,0.8098264107809949,13037.350260881543,12569.863330811568,14.752809956634755,1086.9552922764417,467.48693006997564,0.8833308715248982,0.5314889342398037,7832.512158139495,992.7728526569404
nalgonda,2023,2w,278915718.04978603,22.194640927667656,21.52504323961396,16.444417727091928,0.11954944870205234,0.11914245094166068,0.14694716360110616,0.14616531146797626,2.6545334549083694,2.6159826467979923,0.005939832415340483,0.005929171753047657,0.1897427268546599,0.1894248083434869,0.17749768091639456,0.17716678453939033,5.903126869719018,5.874094180377748,7918.925064287793,7826.749844379833,17.880770507284755,1086.9552922764417,92.17521990796013,0.8833308715248982,0.5203084349575824,8496.064915810872,952.7668059349676
nalgonda,2023,3w,14435697.37713615,1.2183358049954567,1.181579416777388,16.444417727091928,0.006187459334071091,0.006166394560299049,0.11788476599525778,0.11725754425447542,0.27061533286842115,0.266685286422841,0.000748669932618682,0.0007473262385946169,0.012345666748946762,0.012324981286809034,0.011548939206419329,0.011527409335595568,0.47813815321173975,0.4757865797540164,1405.8342262651952,1389.4705054434748,17.880770507284755,1086.9552922764417,16.363720821720335,0.8833308715248982,0.5203084349575824,8496.064915810872,952.7668059349676
nalgonda,2023,hdv,364669792.0,13.954516445082044,13.52903600597693,15.065370647753154,0.20328891138328867,0.20328891138328867,0.05834601332897686,0.05834601332897686,55.397438200500254,53.616115321718965,2.903387604630509,2.8653447606915026,1.6954245798141303,1.6684426825604852,1.2135292942811589,1.1905568112258091,1.824498960119651,1.7653834767741674,9453.46827996328,9116.207537201271,16.457777572256536,1086.9552922764417,337.2607427620078,0.8833308715248982,0.5203084349575824,8496.064915810872,952.7668059349676
nalgonda,2023,lmv,86242414.57307781,2.395286655641815,2.2281896032153035,16.444417727091928,0.04277609226191818,0.04245752763589788,0.12054992977351446,0.11909938789094125,1.541077114124744,1.4887430846919598,9.183272389404575,9.054897882997766,2.518546968349814,2.49436005675389,1.2109987992823708,1.2003681318368906,1.0504742328535217,1.0393253362994634,15490.959199385072,14784.675338485764,17.880770507284755,1086.9552922764417,706.2838608993079,0.8833308715248982,0.5203084349575824,8496.064915810872,952.7668059349676
nashik,2021,2w,1094047561.3578901,118.73080475786959,114.29660208858455,14.665987371929745,0.6561529069648585,0.6536414972670368,0.8807150494128085,0.8755746294861615,15.073756205686193,14.824619242937462,0.03725290882944669,0.03719481353895163,1.170663451819782,1.168635201903621,1.0827651403301348,1.0805723353176901,32.00425469191135,31.822955863684847,47177.194726115005,46537.48096072145,16.10868976934695,3646.317072081195,639.713765393557,0.8939760685520735,0.5601901806137306,49399.47244617393,6584.202204798328
nashik,2021,3w,42300219.47760251,4.868822413239827,4.686988007374466,14.665987371929745,0.0253694747429732,0.025272373679757845,0.5278050412523507,0.524724431294286,1.1479614973229884,1.1289881480865422,0.0035076643400567507,0.003502194195974106,0.05690142075820374,0.05680283537766341,0.05262902394062711,0.05252244017356766,1.9365139904674735,1.9255439578672549,6256.646680121107,6171.807744069198,16.10868976934695,3646.317072081195,84.83893605190951,0.8939760685520735,0.5601901806137306,49399.47244617393,6584.202204798328
nashik,2021,hdv,1414582858.0,85.59658307511337,83.0518548193727,14.094679141883164,1.2494423109454713,1.2494423109454713,0.35860282408991667,0.35860282408991667,339.7702918927543,329.1166605371917,17.841473310218234,17.616195135762325,10.411944083097847,10.251017943342601,7.450493983142949,7.313312925030633,11.190646882093752,10.837202261371601,58091.41106263156,56105.96028532334,15.358193616048677,3646.317072081195,1985.4507773082223,0.8939760685520735,0.5601901806137306,49399.47244617393,6584.202204798328
nashik,2021,lmv,282592042.1645075,10.801745003402337,9.939452609155422,14.665987371929745,0.1964172163393562,0.19479687943891325,0.6049888060921237,0.597013158371959,7.349551022563384,7.07108348003243,48.34569787667527,47.628867271781786,13.021742217698257,12.886812864971512,6.1881041381093995,6.128993470832469,4.7658845410538175,4.7089392075005465,77729.66339511456,73780.77775236579,16.10868976934695,3646.317072081195,3948.885642748777,0.8939760685520735,0.5601901806137306,49399.47244617393,6584.202204798328
nashik,2022,2w,1360044210.413869,141.54978451162015,134.13830707905268,15.81963000759236,0.8103640332122692,0.8058557090010715,1.081624388012137,1.0722600265577633,18.35843703095723,17.90325748997642,0.04538354487257393,0.04515283279116369,1.4296007109663087,1.4237259107203353,1.3238935237387413,1.3183497677370024,39.50900850245628,39.19444235268286,56745.11298485803,55424.59782918286,17.505512870531813,3646.317072081195,1320.5151556751734,0.8939760685520735,0.6461874737442815,54974.63783002547,7178.747688187703
nashik,2022,3w,53136869.805478364,5.865516466410744,5.558400895227465,15.81963000759236,0.03166088851974838,0.031484748483404705,0.6550147962723156,0.649343885577033,1.412791464112008,1.3777626776716525,0.004318100802079929,0.004296149276993377,0.0702170094579933,0.06992845972430124,0.06502504046385439,0.06475275047083684,2.415714326968005,2.3964806892840937,7604.5672617347445,7427.601426383397,17.505512870531813,3646.317072081195,176.96583535134778,0.8939760685520735,0.6461874737442815,54974.63783002547,7178.747688187703
nashik,2022,hdv,1423910640.0,105.4826613917449,101.30402834689153,16.530058639108304,1.5955842998803718,1.5955842998803718,0.457949143388346,0.457949143388346,417.87935982647343,400.38454432251797,22.49247915396744,22.11228981516812,13.063779238055403,12.797481716255502,9.31270216334755,9.086466142391856,13.761692762451892,13.180784182708631,70386.07483989258,67310.9014405323,18.155966537229645,3646.317072081195,3075.173399360283,0.8939760685520735,0.6461874737442815,54974.63783002547,7178.747688187703
nashik,2022,lmv,357398771.7806525,12.725068006300917,11.428798632014283,15.81963000759236,0.24617478025881803,0.24349766055020353,0.7527474447725714,0.7395875177701821,8.991308318569377,8.539417733891405,59.48622941740053,58.22841372722312,16.10136046591117,15.867114080918714,7.665596239279014,7.563726120886972,5.96349807087606,5.871628509492551,92910.6360428231,86721.06565542235,17.505512870531813,3646.317072081195,6189.570387400745,0.8939760685520735,0.6461874737442815,54974.63783002547,7178.747688187703
nashik,2023,2w,1499125005.5406437,151.71371271491202,143.8333377387771,16.192117560174445,0.8790781771723786,0.8740053639117336,1.199166581471732,1.1884230136239,19.823921968566406,19.313061008905215,0.049002941255436416,0.04870962552082361,1.546183548538169,1.5389889177851321,1.4326333450011155,1.425971705404754,42.920683140696546,42.57347000096524,61212.8987118885,59764.03316067974,17.907091540790898,3646.317072081195,1448.865551208757,0.8939760685520735,0.6212406214631937,58659.37635677678,7248.06308782335
nashik,2023,3w,52929678.03598636,5.6812034864538985,5.386108119081866,16.192117560174445,0.03103765510829798,0.030858549048676343,0.6562549906982602,0.6503754739347158,1.3786384929868878,1.3431110839973905,0.004213422127874641,0.004188201947717918,0.06862890729444616,0.06830956639379132,0.06358886764379953,0.06329318409011024,2.371562269995058,2.3523771703745777,7413.229562306912,7237.763718309189,17.907091540790898,3646.317072081195,175.4658439977229,0.8939760685520735,0.6212406214631937,58659.37635677678,7248.06308782335
nashik,2023,hdv,1246996501.0,106.2693536138057,101.68296890785042,16.405702931377572,1.5983564230090281,1.5983564230090281,0.4587447713048592,0.4587447713048592,421.1318284622634,401.93053927108303,22.587254364960863,22.179052243538237,13.125089804916584,12.834616785362243,9.361627623808078,9.114177993698528,13.869530751206327,13.232402779234446,70963.80915215249,67432.84985236707,18.339608374153897,3646.317072081195,3530.9592997854197,0.8939760685520735,0.6212406214631937,58659.37635677678,7248.06308782335
nashik,2023,lmv,393780328.42337006,13.517056371571364,12.144495096896295,16.192117560174445,0.2667209930942214,0.2637687790917609,0.8330813662809904,0.81828224959956,9.667375181717526,9.172806353403423,64.051636059796,62.64024893240783,17.380039156854124,17.117886924511772,8.280458887547155,8.166656538874468,6.468260955780227,6.368070893196009,99490.00790677094,92843.3128496871,17.907091540790898,3646.317072081195,6646.695057083838,0.8939760685520735,0.6212406214631937,58659.37635677678,7248.06308782335
nellore,2021,2w,620442857.8044453,39.03468963386966,38.054513226028206,10.698901012563063,0.20753975289645232,0.20698826212960436,0.20934736232267548,0.2084259785267236,4.929803554048826,4.873125983804224,0.016968616102637384,0.016956876328515818,0.5085625372454022,0.5079719173327772,0.4530841078255125,0.45241271397610133,9.532189942318837,9.494324239640719,17171.95653151285,16982.033384495313,11.702354815730022,2007.453429647987,189.9231470175364,0.8853476884471014,0.53784385477615,18349.2703781418,2397.6504084494645
nellore,2021,3w,60442940.34785205,4.033189507548102,3.9319145328849965,10.698901012563063,0.020218321069112876,0.020164595374468023,0.3161134576570256,0.3147221727880117,0.9459601117966495,0.9350844815413799,0.004025702132352006,0.004022916941536877,0.062283468630256716,0.062211135624763166,0.05548904559401516,0.05540682023391519,1.453258875429722,1.4474859450932145,5738.080982306038,5674.617369641917,11.702354815730022,2007.453429647987,63.463612664120774,0.8853476884471014,0.53784385477615,18349.2703781418,2397.6504084494645
nellore,2021,hdv,760037551.0,30.894638292533912,30.11701058875275,11.661213475736252,0.4275377445127355,0.4275377445127355,0.12270774028076865,0.12270774028076865,122.98230268507282,119.72694149609939,6.240512967021899,6.174585294474568,3.6629667781016924,3.614370730762812,2.6353231070347882,2.5936793919283763,4.051825193770696,3.9439676030198703,21214.640606770692,20559.734757856666,12.760914751151535,2007.453429647987,654.9058489140261,0.8853476884471014,0.53784385477615,18349.2703781418,2397.6504084494645
nellore,2021,lmv,106677864.84770252,2.683605259503729,2.5362004762523234,10.698901012563063,0.04185205555611931,0.041615540017506725,0.09764727356631765,0.09673607064101591,1.6975331924489503,1.653803273153414,15.17545514976061,15.035453938089063,3.852022547102862,3.825888464892786,1.7582229561753973,1.7469610182763056,0.9617851387224337,0.9536534978773828,21035.694990912158,20240.353796825406,11.702354815730022,2007.453429647987,795.3411940867518,0.8853476884471014,0.53784385477615,18349.2703781418,2397.6504084494645
nellore,2022,2w,635264183.8569825,43.74585101481774,42.56314870977887,11.663786031690519,0.24351850723945406,0.24280415696987862,0.24322220822582538,0.2420349062653035,5.725397229955913,5.651537330917437,0.021188921052591837,0.021169567626187675,0.6288477471223739,0.627957712216213,0.5561596636075231,0.5551767836443314,11.09498924562874,11.04756381985517,20194.44152745845,19935.66572061247,12.738540777994412,2007.453429647987,258.7758068459807,0.8853476884471014,0.5521745497007962,19269.666985726508,2404.2530329890446
nellore,2022,3w,62937908.07641227,4.596729069578975,4.472453008190005,11.663786031690519,0.024126254577249043,0.02405548132614595,0.373501937104378,0.37167866781734377,1.1172824410833502,1.102869053683064,0.005112321949944919,0.005107652483936381,0.07832277653299766,0.07821192298318246,0.06926950004787467,0.06914708267726616,1.7202490296909325,1.7128958416108446,6862.666270227828,6774.726626104553,12.738540777994412,2007.453429647987,87.93964412327477,0.8853476884471014,0.5521745497007962,19269.666985726508,2404.2530329890446
nellore,2022,hdv,755832925.0,28.800726715574093,28.158630671441703,10.861929417969344,0.3956240770607414,0.3956240770607414,0.11354818871516537,0.11354818871516537,114.69056287528939,112.00264160062362,5.790889401820449,5.737363370975035,3.4024494323515055,3.3625046232178937,2.4498038771266506,2.4155046866007517,3.778719834411389,3.689707302488646,19860.27480493179,19301.892265838702,11.863793922934025,2007.453429647987,558.382539093087,0.8853476884471014,0.5521745497007962,19269.666985726508,2404.2530329890446
nellore,2022,lmv,101926716.06660537,2.6901765132124558,2.531699890092873,11.663786031690519,0.04564056496017627,0.04535956433362224,0.10516026474384306,0.1040875323394871,1.803888204636293,1.7528485593518544,17.480897445775703,17.30181893082527,4.411218662595009,4.377961119276951,2.0006566225177105,1.9864065922127134,1.0383128160469002,1.0289435012211732,22246.124528977332,21334.079283532596,12.738540777994412,2007.453429647987,912.0452454447368,0.8853476884471014,0.5521745497007962,19269.666985726508,2404.2530329890446
nellore,2023,2w,639674612.5488911,46.780102283072814,45.58906476481992,12.937694331133384,0.2687010578692928,0.2679120999015112,0.24591058057161147,0.24469226312810646,6.192574864047155,6.111695357244902,0.024138157189854473,0.024097720557660733,0.7125633540017116,0.7112373037923567,0.6275085287013386,0.6261764660543792,12.093228950012941,12.043216670721616,21794.086732565855,21506.73587423349,13.905982726306307,2007.453429647987,287.3508583323637,0.8853476884471014,0.582526494071145,19953.056403461975,2337.544514608586
nellore,2023,3w,76376519.3549932,5.9240132266299925,5.77318580926251,12.937694331133384,0.03208264193147519,0.03198844112638703,0.455102961172219,0.4528482396596345,1.4563690144944959,1.4373477817762172,0.007018693520719689,0.007006935691563732,0.1069569139488123,0.10675787166388806,0.09419004686324872,0.09399010210169857,2.259693444720071,2.2503483458935087,8925.704856344319,8808.021147769392,13.905982726306307,2007.453429647987,117.68370857492664,0.8853476884471014,0.582526494071145,19953.056403461975,2337.544514608586
nellore,2023,hdv,744619414.0,29.403686324872936,28.765660620510573,11.544716907530955,0.4067491048545571,0.4067491048545571,0.11674118638299869,0.11674118638299869,117.04960340839571,114.37862817455532,5.938255570219342,5.88381239549002,3.485607802729789,3.445665938679046,2.507808012811821,2.4736069763172432,3.8563838786904463,3.7678712041671383,20194.39556570677,19660.75045223797,12.500360254983047,2007.453429647987,533.6451134687995,0.8853476884471014,0.582526494071145,19953.056403461975,2337.544514608586
nellore,2023,lmv,100701335.09611575,2.7500113393932915,2.601205220604367,12.937694331133384,0.049295177522236985,0.049005295591218766,0.10391257406936422,0.10289281413100938,1.8921771873864708,1.840983501523333,19.40804452433979,19.208676848199186,4.8826528941045835,4.846058812480029,2.2062287672899474,2.1906827443998984,1.1064810740234385,1.0971619782708606,23043.069083776507,22159.767940518585,13.905982726306307,2007.453429647987,883.3011432579224,0.8853476884471014,0.582526494071145,19953.056403461975,2337.544514608586
noida,2021,2w,1117963071.9324927,46.00097565213882,43.57370888629754,15.541909310209576,0.23292329980456117,0.23180766887407458,0.2273712786857226,0.22552351565960863,4.6912344067602,4.59017708033757,0.007431646481783088,0.0073834434214906965,0.2463365615895071,0.24524253324225975,0.23758083549852171,0.23659954836269265,12.277136731639304,12.186786185351107,11412.476039972244,11170.463740094368,17.159709217964636,4088.0609991149427,242.0122998778752,0.9040087161080578,0.6749156693439601,20660.54483663492,2916.3785631239784
noida,2021,3w,116718752.55654205,5.093711298252759,4.82493882171803,15.541909310209576,0.024317902511348306,0.024201427241467708,0.3679429460289738,0.3649528085968335,0.9647165512785666,0.9439348833901781,0.0018895119422144512,0.0018772562114962293,0.0323315619677124,0.03218797124339922,0.03118237688996199,0.031053583398506803,2.0059346223208405,1.991172443410017,4086.9201907710053,4000.2532000740202,17.159709217964636,4088.0609991149427,86.66699069698507,0.9040087161080578,0.6749156693439601,20660.54483663492,2916.3785631239784
noida,2021,hdv,2196732621.0,43.10865641291706,41.26464813855095,15.91655016988477,0.6574930503891073,0.6574930503891073,0.18870728374054385,0.18870728374054385,170.6991815857886,162.9792542974876,9.246081747009093,9.084254212648965,5.3624245886466015,5.246093692778639,3.8190887204630655,3.7198166156568195,5.621589032950305,5.365542096847047,28619.92089257939,27190.734044594097,17.37010658170053,4088.0609991149427,1429.1868479852928,0.9040087161080578,0.6749156693439601,20660.54483663492,2916.3785631239784
noida,2021,lmv,694822095.510965,9.931191334987792,8.944710076872537,15.541909310209576,0.16756280414181535,0.16595007563564698,0.375057085872498,0.3689991408736951,5.469833869024386,5.2240300110920534,23.13469020647201,22.652425410573162,6.5789395706500144,6.487966600538456,3.260823248924272,3.2206171898064495,4.390713948543116,4.3282198948663115,44731.299566968446,41963.34895944901,17.159709217964636,4088.0609991149427,2767.9506075194367,0.9040087161080578,0.6749156693439601,20660.54483663492,2916.3785631239784
noida,2022,2w,2474591188.0332117,50.948108027186606,47.17430490376444,15.79350178686935,0.26484394851241005,0.26308520756855497,0.2549680662765693,0.25207936123378977,5.243128013275515,5.080295384298257,0.008260509367842667,0.008169496747892293,0.2748690625259565,0.2728484717918204,0.26552778152768125,0.2637504990138278,13.9873524581481,13.847023527863909,12568.407390855029,12129.804903628516,17.597772855811893,4088.0609991149427,438.6024872265134,0.9040087161080578,0.79264974822282,22878.757648879768,2991.6422361747705
noida,2022,3w,268069841.4026486,5.853648775347669,5.420060191056459,15.79350178686935,0.02869026432224577,0.028499741779303103,0.42811651718895183,0.42326609666311416,1.1187534134810566,1.0840089710350296,0.0021792283651832617,0.0021552180682205095,0.037433030549886254,0.03715785649433903,0.03616088862976566,0.035918849492929124,2.371300083245902,2.347509876696063,4670.117891209567,4507.143756219644,17.597772855811893,4088.0609991149427,162.97413498992228,0.9040087161080578,0.79264974822282,22878.757648879768,2991.6422361747705
noida,2022,hdv,3156191724.0,45.04641811185495,42.189467567428906,15.401117213652622,0.7010808487989483,0.7010808487989483,0.20121743124291452,0.20121743124291452,178.16354750416244,166.20270787227264,9.777714009614758,9.523794799720616,5.659760789261579,5.478890666304588,4.022683387837873,3.8685760638686673,5.866480063995764,5.46961869076564,29805.750100642992,27648.97525557337,17.075084778617633,4088.0609991149427,2156.7748450696236,0.9040087161080578,0.79264974822282,22878.757648879768,2991.6422361747705
noida,2022,lmv,1591026033.5641394,11.204490651654554,9.781399430329524,15.79350178686935,0.19681015997208817,0.19439087041108524,0.43402722304257735,0.4250345930647513,6.278315666594256,5.9117764755391216,26.487386781925196,25.74636621555485,7.572816260756392,7.4334273401669,3.7608408315370667,3.6993780524151725,5.163958625337362,5.071081460752111,50305.9319324069,46204.702543198364,17.597772855811893,4088.0609991149427,4101.229389208536,0.9040087161080578,0.79264974822282,22878.757648879768,2991.6422361747705
noida,2023,2w,3837258726.93979,52.67985923932935,47.7414168663274,15.165135720013419,0.26614487455247815,0.26390536886995425,0.2643076496696675,0.2605559340117315,5.269376766150568,5.061373686271316,0.00800228458331414,0.007880465944657324,0.26707508061985963,0.26438731976019,0.25858324050845943,0.2562354632162309,14.248955286339884,14.067755694185747,12430.38841613404,11849.853933815768,17.242913061980182,4088.0609991149427,580.5344823182713,0.9040087161080578,0.810827407579877,24302.077024094826,2917.858609898033
noida,2023,3w,377389115.16325223,5.494991155573075,4.9798664465515765,15.165135720013419,0.026174982157821675,0.025954729855834004,0.40291155109276966,0.39719242197604815,1.0207677872264973,0.9804740574350428,0.0019166097767682022,0.001887433259560968,0.03302070092444962,0.032688390821621574,0.03197078450407077,0.03168050938134512,2.193096863394447,2.1652079235237065,4193.301466204908,3997.4623649320906,17.242913061980182,4088.0609991149427,195.83910127281752,0.9040087161080578,0.810827407579877,24302.077024094826,2917.858609898033
noida,2023,hdv,2558030323.0,43.57350378705073,41.339004991241566,16.376332928135437,0.6747825091048593,0.6747825091048593,0.19366953663380712,0.19366953663380712,172.3881656312283,163.0332041678678,9.429785278977814,9.230335369983491,5.4610988493037915,5.319465537951576,3.8834434136626395,3.7628309267513305,5.67651961446857,5.366079816950854,28856.766609311202,27180.81990641423,17.90717905669189,4088.0609991149427,1675.9467028969702,0.9040087161080578,0.810827407579877,24302.077024094826,2917.858609898033
noida,2023,lmv,2591029745.896959,12.466461123710088,10.54080744610452,15.165135720013419,0.20816286618739338,0.2050418009020451,0.4742482171535313,0.4623442566602965,6.700530740645213,6.224819276671456,27.1237803511434,26.180736019736944,7.7602785116463915,7.5829469777571825,3.8605919927989194,3.782411390417037,5.542306847500713,5.420168691591158,53311.856833109116,47930.48622959493,17.242913061980182,4088.0609991149427,5381.370603514188,0.9040087161080578,0.810827407579877,24302.077024094826,2917.858609898033
panaji,2021,2w,55199204.65441251,28.436116729799096,27.076916397542682,17.44145281179183,0.14361792988567845,0.14288881396168185,0.1547025908082788,0.15342553647412221,2.952559821888042,2.8889229589425978,0.004770218975266788,0.0047411682597993015,0.15771075642427962,0.1570405780293828,0.15177363098946248,0.15116370264168297,7.575348911750311,7.518900167150418,7399.481472523988,7285.226573519211,19.565231984383324,168.05631147974825,114.25489900477623,0.8239406027992945,0.5807240724678536,12700.933483140318,1107.8881036601597
panaji,2021,3w,4158781.9923870508,2.2722584514931126,2.163648177045709,17.44145281179183,0.010820367147169042,0.010765434577142649,0.18066025532948993,0.17916892308435461,0.43815871777957327,0.4287150323155273,0.0008752317625173304,0.0008699015860552373,0.014937546887232759,0.014874071057025902,0.014375213083447195,0.01431744382598261,0.893187173996349,0.8865314680675285,1912.2194042298665,1882.6929521782563,19.565231984383324,168.05631147974825,29.52645205161025,0.8239406027992945,0.5807240724678536,12700.933483140318,1107.8881036601597
panaji,2021,hdv,102145891.0,16.932491243804616,15.909462049336431,18.067444419662625,0.26560043624530943,0.26560043624530943,0.07623006335123109,0.07623006335123107,66.93844038477216,62.65502378244994,3.683980694018857,3.5872860216821927,2.134064825508993,2.0681487168037247,1.5159922124494987,1.4602610397568159,2.2035635718943745,2.06115795642644,11277.641508507017,10555.670664963374,20.38135998264497,168.05631147974825,721.9708435436423,0.8239406027992945,0.5807240724678536,12700.933483140318,1107.8881036601597
panaji,2021,lmv,31290748.353200432,5.518925331117352,4.942506799770497,17.44145281179183,0.09419908938345127,0.09318985005609846,0.23259359873562194,0.2284936119374225,3.1302934670965126,2.9766079476587515,13.530588114511769,13.221218507342797,3.83931322801356,3.7809528152578613,1.8989457324093846,1.873153085466738,2.4691759614367594,2.4309616639766296,26225.95772032652,24552.854444242228,19.565231984383324,168.05631147974825,1673.1032760842936,0.8239406027992945,0.5807240724678536,12700.933483140318,1107.8881036601597
panaji,2022,2w,79142286.60202104,32.97434750450912,31.070237287517433,16.687987269141974,0.17406741512128515,0.17281524239383902,0.18874358942317582,0.18651316378282204,3.574487883066333,3.461740735382045,0.006140246297080318,0.006062176321852205,0.20291151909445726,0.2011974584243202,0.1946501919951941,0.19315407165924245,9.030807398066619,8.94257751274389,9111.416160845249,8874.563090284966,18.866173323185407,168.05631147974825,236.8530705602825,0.8239406027992945,0.6816540332567635,15180.521702048594,1205.8908357175633
panaji,2022,3w,5851035.877921807,2.585559177720452,2.4362555517348,16.687987269141974,0.01286890655779637,0.012776332690295107,0.21628583394917247,0.21372993538244583,0.5205199906028057,0.5041016542780021,0.001105506699788247,0.0010914507683986508,0.018858862828509158,0.01869955578077665,0.018091044248067092,0.017951992860957222,1.044857946642881,1.034649812115443,2310.5381825544146,2250.4752841504824,18.866173323185407,168.05631147974825,60.062898403932195,0.8239406027992945,0.6816540332567635,15180.521702048594,1205.8908357175633
panaji,2022,hdv,122470022.0,18.021586479101025,16.535393203739417,17.56507586357581,0.2847254920965018,0.2847254920965018,0.08171915154604753,0.08171915154604753,71.21334998480681,64.99014953923627,3.935101161435756,3.787625600417247,2.2789773291492654,2.1818234753684895,1.617887846293409,1.5362602221720825,2.344022180706985,2.13678514452952,12021.695624807324,11036.459549031677,20.31744023583197,168.05631147974825,985.2360757756469,0.8239406027992945,0.6816540332567635,15180.521702048594,1205.8908357175633
panaji,2022,lmv,40165189.520057164,5.821251259197424,5.146963074659685,16.687987269141974,0.10234762541472456,0.10101188351218368,0.25461275584223836,0.2491326879981557,3.4163070181323514,3.2124141586153208,15.653467829076213,15.184738375991348,4.433484312203486,4.345882858860706,2.185131496494974,2.146723220069766,2.640381692338265,2.5925042415031267,29286.82375637209,27068.734661180737,18.866173323185407,168.05631147974825,2218.0890951913534,0.8239406027992945,0.6816540332567635,15180.521702048594,1205.8908357175633
panaji,2023,2w,104019132.17412058,35.010566175714075,32.74614997583007,16.442540496087975,0.18798583225898252,0.18634085250148166,0.19819164019686977,0.1953055927270666,3.8064320476243134,3.657955430264206,0.006555223189074661,0.006436606854591196,0.2173653520143805,0.2148017035385118,0.20872752063047825,0.20652042506597515,9.73325140859222,9.621799054238066,9612.059733363394,9284.700056491653,18.606555300777686,168.05631147974825,327.3596768717416,0.8239406027992945,0.7194503145654213,16414.661711355864,1086.8216934308446
panaji,2023,3w,8406978.55266161,3.0010964411314007,2.806991285430542,16.442540496087975,0.015193290185886617,0.015060340513534779,0.24828114714294833,0.2446657011241356,0.6059603548769067,0.5823237990102107,0.0012902254850019788,0.0012668789393125578,0.022085216668020522,0.021824739404622737,0.021207577357581157,0.02098332734120388,1.2310938373426503,1.2169969748613623,2664.687431561329,2573.9356841983445,18.606555300777686,168.05631147974825,90.75174736298459,0.8239406027992945,0.7194503145654213,16414.661711355864,1086.8216934308446
panaji,2023,hdv,92914040.0,15.957594734418345,14.811093491435798,15.899770728373628,0.2474500296939127,0.2474500296939127,0.07102070955338691,0.07102070955338691,63.12686257700831,58.326408717522064,3.4473314116781824,3.3381485256526027,1.999547573194469,1.9255129655363472,1.422119175362543,1.3595840222299969,2.0782349368801603,1.9186000933423344,10672.1368145344,9866.684890468585,18.390874094327557,168.05631147974825,805.4519240658155,0.8239406027992945,0.7194503145654213,16414.661711355864,1086.8216934308446
panaji,2023,lmv,53594488.273217805,6.2815334767413775,5.5033268487417075,16.442540496087975,0.11222315351789242,0.11056633969538548,0.27146547972362856,0.264811751372325,3.6951230604286005,3.445108777312785,16.970777068556508,16.365174520473307,4.82244277636815,4.709712328368317,2.379193278354255,2.329925339906435,2.8893755367752942,2.831482049265647,31395.783027389865,28737.062479082117,18.606555300777686,168.05631147974825,2658.7205483077487,0.8239406027992945,0.7194503145654213,16414.661711355864,1086.8216934308446
patiala,2021,2w,602258030.463302,61.82603965455549,60.252548479286645,17.049437837405993,0.32292328984378676,0.32209117043400515,0.4457467082581305,0.444134766212295,7.093374121268935,7.018507211774243,0.01309721216244787,0.013087345981132,0.4250772090996086,0.42471339547521836,0.40378916716355906,0.4033729224734477,16.68405735418725,16.61902096951009,19496.10645489703,19379.759361767992,18.36551603153033,2964.808153205441,116.34709312903942,0.8807918492702931,0.5470685258749441,24447.39976079447,3985.2388357192513
patiala,2021,3w,15776691.003024986,1.7177456313217774,1.674028491952293,17.049437837405993,0.008459266134860016,0.008437468018202866,0.18098940944649602,0.18033490222629056,0.3660038072512271,0.36214082562305827,0.000835532990826937,0.0008349035805462875,0.01399863767031578,0.013986656564299402,0.013297580122665865,0.013283872357407387,0.6839769983367885,0.6813107769117587,1751.7991321109316,1741.3449043789171,18.36551603153033,2964.808153205441,10.454227732014488,0.8807918492702931,0.5470685258749441,24447.39976079447,3985.2388357192513
patiala,2021,hdv,1001345627.0,58.218506586778595,55.91835373730205,17.663140710933977,0.8799827984678228,0.8799827984678228,0.2525641351478781,0.2525641351478781,230.6456893397905,221.01524815516646,12.379760274750463,12.166186350685775,7.201812695592271,7.05437186544685,5.135663375462182,5.0107225820585395,7.594304094733918,7.274319351579753,39217.40817182002,37536.30662376927,19.416472847838573,2964.808153205441,1681.1015480507485,0.8807918492702931,0.5470685258749441,24447.39976079447,3985.2388357192513
patiala,2021,lmv,243646984.53367308,8.610490694259772,8.104092754274923,17.049437837405993,0.15102874373298197,0.15010458307114816,0.4776076475918765,0.4730639770623898,5.35332218630439,5.20546995624657,26.424974524921875,26.120076791364287,7.369779627274393,7.311900272985237,3.5990958823308628,3.5734351178011963,3.8780221687981635,3.8437523989749605,49278.58360556904,47541.46534992367,18.36551603153033,2964.808153205441,1737.1182556453714,0.8807918492702931,0.5470685258749441,24447.39976079447,3985.2388357192513
patiala,2022,2w,720575903.649157,71.44142921040584,68.92481120928748,18.28257596970295,0.3822770289815567,0.38087014008182146,0.5247954567563229,0.5220540985135519,8.327514112427709,8.200069976772674,0.015505018452887176,0.015483696361503325,0.5033811837840831,0.5026775402554925,0.4781661511381531,0.47739316139067023,19.72061594255523,19.6129956620363,22874.147979553643,22664.59092779898,20.102246139974774,2964.808153205441,209.5570517546621,0.8807918492702931,0.5624425837248542,27130.997993031102,4247.0389776513
patiala,2022,3w,19421772.403043635,2.042270969970758,1.9703292977086748,18.28257596970295,0.010303560546768491,0.01026564049439282,0.219245601953471,0.21810033529696968,0.4421034658408875,0.4353375218492582,0.001017730600011889,0.0010163310438021666,0.017056532075540993,0.017032689868478473,0.016202147710440054,0.016175955781049904,0.8318329195578594,0.8272934015018074,2114.74083250716,2095.3670462362343,20.102246139974774,2964.808153205441,19.373786270925848,0.8807918492702931,0.5624425837248542,27130.997993031102,4247.0389776513
patiala,2022,hdv,1126878348.0,63.09072996494113,60.215589559748295,17.827594274850423,0.960427220414313,0.960427220414313,0.27565251357045856,0.27565251357045856,249.84687092652212,237.80861141596176,13.470525721226966,13.19789201167102,7.831501149685821,7.646073760308448,5.580787022708548,5.4240754409480365,8.226002799723158,7.825738221365688,42442.27705137746,40406.03830075492,19.774353420603376,2964.808153205441,2036.2387506225423,0.8807918492702931,0.5624425837248542,27130.997993031102,4247.0389776513
patiala,2022,lmv,292058420.947799,9.684438830137681,8.899330870787496,18.28257596970295,0.17863337613263844,0.1770953360655775,0.5607951030868792,0.5532572814761441,6.2119078333228,5.969406697162395,31.084758336470625,30.569622337446198,8.697099026463343,8.599440110306007,4.250155561482163,4.2069022590213025,4.574622112175214,4.518670129929489,56558.40097970876,53781.47391136801,20.102246139974774,2964.808153205441,2776.927068340745,0.8807918492702931,0.5624425837248542,27130.997993031102,4247.0389776513
patiala,2023,2w,694272048.793393,73.94801526840624,71.90212377700463,19.070190029282998,0.393474268239886,0.39221447543484017,0.5308774241018337,0.5284544294324185,8.45751937541919,8.346178164932324,0.015193979221523813,0.015171245426477601,0.49551185337579906,0.4948363903950741,0.4722854751500712,0.47157080719472977,20.47009129714705,20.37595761116875,22873.857319707928,22721.959243817633,20.613760635919842,2964.808153205441,151.89807589029442,0.8807918492702931,0.5549252243194625,28418.978735504614,4202.119286149933
patiala,2023,3w,19731825.75207144,2.2290418239016483,2.167371775220207,19.070190029282998,0.011182886755021465,0.0111470823291396,0.23386409278252485,0.23279670617979184,0.47345641876339467,0.4672234787678798,0.001051624119988099,0.001050050640989549,0.017704198515723833,0.017680064823221216,0.01687434064631438,0.016848806194882,0.9104662947371193,0.9062794278082668,2229.872838642419,2215.064956048084,20.613760635919842,2964.808153205441,14.807882594335297,0.8807918492702931,0.5549252243194625,28418.978735504614,4202.119286149933
patiala,2023,hdv,995052315.0,61.401584624770784,58.96497340335896,17.56318254892378,0.9273134963110151,0.9273134963110151,0.26614853337421296,0.26614853337421296,243.2675404590327,233.0656302473203,13.046686138852921,12.818612056523293,7.5917415140102165,7.435189182496529,5.414345740353391,5.281819043603293,8.009777321887738,7.670715441334401,41400.95874849398,39626.26186018742,19.423755609584035,2964.808153205441,1774.6968883065565,0.8807918492702931,0.5549252243194625,28418.978735504614,4202.119286149933
patiala,2023,lmv,302739416.45453537,10.593950374363185,9.884560887825726,19.070190029282998,0.1974488549193358,0.19596405971790676,0.608459287725783,0.6013006403625137,6.7273345432531,6.499660269436223,32.58865727060464,32.10214640599769,9.177031587367676,9.084878215148615,4.501980497708794,4.461166161781773,5.095758678834595,5.042504674460827,59935.74232933233,57486.96792299802,20.613760635919842,2964.808153205441,2448.7744063343125,0.8807918492702931,0.5549252243194625,28418.978735504614,4202.119286149933
patna,2021,2w,778023683.5914178,39.26948970633619,37.066058148596674,11.286318230065332,0.20033326519822187,0.19922482844055245,0.2001615760200267,0.19831968998379462,4.490312228892562,4.3810885101708665,0.010257703107719974,0.010196403458788474,0.32640903056533765,0.3249262952336508,0.3044699408689738,0.3031107117365054,9.68817649981495,9.606302627997078,13217.788661775938,12876.937098182558,12.927490596037769,2465.9686100112895,340.85156359338,0.8974316318572181,0.6640815651790419,18092.693696235554,2206.396398909712
patna,2021,3w,77144372.2429519,4.12972178040599,3.8980009364714547,11.286318230065332,0.019863899144763907,0.019753992904575034,0.30762656915297176,0.30479579067209034,0.8769753551130343,0.855643540167874,0.0024769256848037728,0.0024621236698386868,0.04068723990549058,0.04050241533721132,0.037952508564761456,0.037783079178253715,1.5033495670075143,1.4906449006805778,4495.451688597226,4379.525963324586,12.927490596037769,2465.9686100112895,115.9257252726402,0.8974316318572181,0.6640815651790419,18092.693696235554,2206.396398909712
patna,2021,hdv,1117230883.0,27.77257897662,26.729430459186542,10.740213598060055,0.37582417106192695,0.37582417106192695,0.10786541157076338,0.10786541157076338,110.6807532583937,106.31405242509719,5.538306233679871,5.45260424307022,3.258429342429668,3.1937852982387964,2.3495371431889,2.2939339792077638,3.647036079601354,3.5024908195748443,19150.89163996739,18240.306606711212,12.145928322314823,2465.9686100112895,910.5850332561786,0.8974316318572181,0.6640815651790419,18092.693696235554,2206.396398909712
patna,2021,lmv,239374449.16563013,4.791894508085719,4.295758180028605,11.286318230065332,0.07224944926403724,0.07149238233798774,0.16690623113488634,0.16401298639344541,2.758156208059387,2.6266963728847235,16.392748893534993,16.065147023328652,4.4197631753573985,4.3587077707599535,2.1124056283212944,2.0858068087194064,1.747551419979654,1.7198925528231084,28771.185935126694,26786.181186420807,12.927490596037769,2465.9686100112895,1985.0047487058873,0.8974316318572181,0.6640815651790419,18092.693696235554,2206.396398909712
patna,2022,2w,1009549688.2498398,41.96875150223792,39.126698452109686,10.32164649865214,0.2158499697182181,0.21438757649304735,0.21312154335206945,0.21071484203234336,4.819899275531311,4.673443117471103,0.011156093850542679,0.011047825401657885,0.35531809868018505,0.3528462120269094,0.33123569015480303,0.3290583037871119,10.402867498282545,10.296838127713139,14132.586979007294,13628.590949997759,11.934022063978796,2465.9686100112895,503.99602900953505,0.8974316318572181,0.7431579569989045,19848.195855056772,2436.8091287858174
patna,2022,3w,103030735.10579176,4.542754359230588,4.235126697684683,10.32164649865214,0.022028812758275285,0.02187956656390096,0.33713058185964445,0.3333234931743806,0.9688944736809055,0.9394539077957542,0.002772698696758016,0.002745790014279671,0.045587005049253365,0.045269864127463484,0.042497252843771365,0.04221789605415999,1.6614935858590865,1.6445591089811646,4947.250096071385,4770.821363905029,11.934022063978796,2465.9686100112895,176.42873216635599,0.8974316318572181,0.7431579569989045,19848.195855056772,2436.8091287858174
patna,2022,hdv,1267470984.0,31.23004973005388,29.768824754310426,10.356983657472357,0.42457579107065535,0.42457579107065535,0.12185762910728914,0.12185762910728914,124.43063066770237,118.31377004931377,6.246624607631964,6.125775432570007,3.6724768061370097,3.581765307868152,2.646752205449221,2.5687883515188177,4.100104857134867,3.8975873070522242,21476.53866978325,20217.367934037076,11.886287632387956,2465.9686100112895,1259.1707357461746,0.8974316318572181,0.7431579569989045,19848.195855056772,2436.8091287858174
patna,2022,lmv,305304310.6443684,5.139243192685539,4.5498889119943895,10.32164649865214,0.07666208669917661,0.0757613241069509,0.17522914848422433,0.171820325272579,2.9373546383783236,2.779813976195581,17.617959570475655,17.201552468860438,4.745790656343589,4.668844310200852,2.265872682554862,2.232572201193049,1.849792124756479,1.8171190926369207,30791.398666981728,28363.178232958737,11.934022063978796,2465.9686100112895,2428.220434022991,0.8974316318572181,0.7431579569989045,19848.195855056772,2436.8091287858174
patna,2023,2w,967701116.5411979,41.18057373409317,38.68917607027962,9.579860798975854,0.2087732861758172,0.20748878157997988,0.19341249665171603,0.19141055287055636,4.653495116430791,4.525788581227146,0.010944037963171036,0.010847796818151787,0.3480819571237273,0.3458816360179728,0.32404848784251494,0.32211098871152194,9.983514153299021,9.891039172766796,13699.680090299691,13262.677965749666,11.049035640676385,2465.9686100112895,437.00212455002475,0.8974316318572181,0.7194911601393796,20826.009540393163,2342.985385739902
patna,2023,3w,115647936.59894805,5.219671166168274,4.90388448885687,9.579860798975854,0.0249500588048428,0.024796550346992303,0.35827200610001486,0.35456366032612696,1.0954065300433549,1.0653451312256466,0.0031851189572954697,0.003157109232136967,0.05229531587819188,0.051964742905637656,0.04868456317473281,0.04839347618503,1.8671817202500196,1.8498864482066384,5615.7811048671165,5436.644931054379,11.049035640676385,2465.9686100112895,179.13617381273707,0.8974316318572181,0.7194911601393796,20826.009540393163,2342.985385739902
patna,2023,hdv,1083815676.0,27.512462945213272,26.404725929114065,9.973397938947725,0.37036096491543125,0.37036096491543125,0.10629741508500627,0.10629741508500627,109.67272290357651,105.03571351576745,5.466340469495498,5.37619496553292,3.2193134645050083,3.150838739872419,2.3227283025787626,2.2637642770201882,3.613752211027456,3.460301391529445,19069.99474917363,18080.922674379148,11.510582227828346,2465.9686100112895,989.0720747944833,0.8974316318572181,0.7194911601393796,20826.009540393163,2342.985385739902
patna,2023,lmv,290962271.8598536,5.1360380831481045,4.606452173885282,9.579860798975854,0.07388071191777638,0.07309328210887042,0.1586738657888882,0.15586060863360374,2.849932046424377,2.7119008762758368,17.28697062732449,16.91860868328066,4.640743520536791,4.572732767301759,2.2116254767055725,2.1822181525040016,1.7708995357274264,1.7424213871824854,30311.613389082133,28148.548452590658,11.049035640676385,2465.9686100112895,2163.0649364914752,0.8974316318572181,0.7194911601393796,20826.009540393163,2342.985385739902
pune,2021,2w,2350442041.7033415,267.70268854394925,254.4957904839982,14.524158701497141,1.3476714345412575,1.3416586126920327,1.1992575644425547,1.1899337258400742,28.214688456302728,27.66878479608271,0.05149278249803735,0.051317487724735183,1.6778463028452464,1.67333099752063,1.598793932986494,1.594426084249707,67.68834136035834,67.20925883475837,74475.3071559948,73198.55462391647,16.31411067786743,5805.089663398518,1276.7525320783316,0.9364618721038268,0.6298587511307808,123930.58291403884,16518.07148656617
pune,2021,3w,316507956.7958105,38.233312193216555,36.34710231099045,14.524158701497141,0.1814759626532279,0.18066628263376378,2.503106052909804,2.483645215193036,7.483586135195361,7.3387921542480985,0.016886236433158515,0.016828751309149334,0.2840350223633272,0.283270646718979,0.27065260372186495,0.2699131903372605,14.264464111443967,14.163503512388086,34399.369928100656,33809.65121011527,16.31411067786743,5805.089663398518,589.7187179853863,0.9364618721038268,0.6298587511307808,123930.58291403884,16518.07148656617
pune,2021,hdv,3425478040.0,234.1513078928586,225.59120979618376,14.516314565927301,3.3633305191885015,3.3633305191885015,0.9653105325176069,0.9653105325176069,930.2670572422289,894.4323896860412,48.44877231947685,47.72618248388608,28.282014595522107,27.74769641477134,20.265821158163973,19.807706665751432,30.647404487060562,29.460272903646715,157697.10669710138,150627.150814348,16.08231571461755,5805.089663398518,7069.955882753391,0.9364618721038268,0.6298587511307808,123930.58291403884,16518.07148656617
pune,2021,lmv,1142164367.500848,46.68083301709679,41.99611853065608,14.524158701497141,0.7607984050789768,0.7534341323071683,1.5560881036868022,1.5305367921675181,26.170576168610385,25.002469515215306,126.68371144026915,124.3060144609641,35.28403209579346,34.83440726513508,17.26328933314999,17.064481447449428,19.02565182256485,18.747750419953142,235093.36762880636,220508.2790786948,16.31411067786743,5805.089663398518,14585.08855011157,0.9364618721038268,0.6298587511307808,123930.58291403884,16518.07148656617
pune,2022,2w,4208884387.710154,323.3565535669003,299.78570602130435,15.370278208392108,1.757640344430664,1.7456811451418224,1.5723378279459255,1.5538505768486612,36.568821314324836,35.434984737266774,0.07269639759211663,0.07211535973690007,2.360226890136376,2.346589636396398,2.237400912952904,2.2249806045181937,86.66558592215492,85.77363713096531,98437.56622669796,95223.09891777902,17.541729647501782,5805.089663398518,3214.4673089189455,0.9364618721038268,0.7323113680577676,137917.24029415034,18009.63333281137
pune,2022,3w,548669905.3149544,44.70745160166445,41.44853349955485,15.370278208392108,0.22912588527554661,0.22756688480487283,3.17703284280498,3.13967789092042,9.389760658529513,9.098625924025747,0.023078546503187455,0.022894087443235622,0.38679649442109754,0.3845616067659325,0.36666764257344,0.36463218920992974,17.680613212084506,17.49864707853557,44015.750376465854,42578.421152611954,17.541729647501782,5805.089663398518,1437.3292238538997,0.9364618721038268,0.7323113680577676,137917.24029415034,18009.63333281137
pune,2022,hdv,4337795998.0,275.3575951896487,258.8719459481763,15.660170907094642,4.102107695808365,4.102107695808365,1.1773471984670605,1.1773471984670605,1091.7984706740722,1022.7831350942221,58.269832354495534,56.84623323827141,33.86441642733908,32.82901742855576,24.174049722304005,23.288743869516694,35.96323012243142,33.67532770102989,183054.50766168683,170010.33222158407,17.796664383509214,5805.089663398518,13044.175440102757,0.9364618721038268,0.7323113680577676,137917.24029415034,18009.63333281137
pune,2022,lmv,1800796543.9748914,48.288172223503715,41.80358588148651,15.370278208392108,0.8714634555086308,0.859942898195443,1.788873619138672,1.7488162512687349,29.49558567605162,27.668520833061176,156.3355356048935,152.10859369338604,43.49465613017981,42.70209074975146,21.18310379781943,20.835271689251055,21.369263430461398,20.953868938527105,267401.3353787182,244291.48698363258,17.541729647501782,5805.089663398518,23109.84839508563,0.9364618721038268,0.7323113680577676,137917.24029415034,18009.63333281137
pune,2023,2w,8846110776.895649,355.0875465483701,320.95753044890165,15.8778740822858,2.061898185674517,2.042324214705396,1.8498551504481218,1.8196618854942823,42.382562160494736,40.47914159744333,0.08977932591228216,0.0883618721582939,2.9118221932600976,2.880480516681477,2.7508967473774435,2.723563147092193,100.42924871787164,99.06005166299936,115186.63886155408,109160.5487544628,18.091038365436148,5805.089663398518,6026.0901070912805,0.9364618721038268,0.7758277179815205,147161.30244488845,18183.527859541897
pune,2023,3w,1127914283.4769964,48.01901735131641,43.40356448282827,15.8778740822858,0.26290021381732315,0.26040445472078333,3.655890202737774,3.5962189027948215,10.64413434227774,10.166101322323652,0.027877349690454717,0.027437216579981303,0.4667380493107531,0.4617142696918281,0.44094319519171143,0.43656187297110727,20.0396641783389,19.766454435919233,50376.60868622969,47741.11218912493,18.091038365436148,5805.089663398518,2635.4964971047593,0.9364618721038268,0.7758277179815205,147161.30244488845,18183.527859541897
pune,2023,hdv,4274869899.0,271.2764422780119,255.90433526311736,14.869919384114217,3.9758256094968756,3.9758256094968756,1.1411029378184845,1.1411029378184845,1076.5873582909933,1012.2348240588097,56.82435555148015,55.51150369447489,33.09176174796422,32.129205852660995,23.662946879790447,22.838824912193065,35.46454595252827,33.33193035761331,181435.57275129118,168985.14840078523,17.003570195527924,5805.089663398518,12450.424350505957,0.9364618721038268,0.7758277179815205,147161.30244488845,18183.527859541897
pune,2023,lmv,3476563726.627351,47.654789977747015,40.02746293010121,15.8778740822858,0.9371258024528567,0.9218270915955646,1.926593673146328,1.8733354209837463,31.081633622612745,28.669852109696055,176.27130878512273,169.89887815452647,49.09405539734116,47.912204352175635,23.840777460113767,23.326781153108325,22.67872093126359,22.15079490563328,282205.3133372576,251706.58450651926,18.091038365436148,5805.089663398518,30498.728830738342,0.9364618721038268,0.7758277179815205,147161.30244488845,18183.527859541897
raipur,2021,2w,925596003.3715204,68.72797272265603,66.20009054461383,13.964014108721546,0.36960285036182977,0.3683210932251505,0.5242006535439774,0.5214874971243508,8.649999846524407,8.52026987198556,0.02133883130067097,0.021307994264312964,0.6698078344748231,0.6687517605499375,0.6187702171794812,0.6176358434538085,18.077375733354074,17.980838435602106,27109.52116419978,26741.987933635635,15.342839898813285,2877.2074839849047,367.5332305641459,0.894192598043041,0.5627293941893504,27613.086199881254,3735.535150401755
raipur,2021,3w,28314516.09517381,2.2298482634172876,2.1478322594304156,13.964014108721546,0.011306364566476634,0.01126715487569965,0.24855180954867123,0.2472653557201085,0.521198538941712,0.5133817673363623,0.0015896800456919637,0.0015873827773610102,0.02575861619961562,0.025718003054308256,0.023795876548049197,0.02375225224877619,0.8654252467850995,0.860803679143685,2844.5437578322326,2805.979286314462,15.342839898813285,2877.2074839849047,38.56447151777047,0.894192598043041,0.5627293941893504,27613.086199881254,3735.535150401755
raipur,2021,hdv,1120857443.0,51.69869961623611,50.143195517706886,14.909264479100813,0.7472818336571798,0.7472818336571798,0.21447759019604,0.21447759019604,205.32519931161437,198.81333492696203,10.729043910717545,10.595805235280983,6.261882643842671,6.164403664207735,4.484543594819824,4.401113530342844,6.7637434504360785,6.547923946407523,34894.04345750067,33625.94440491377,16.290024664607586,2877.2074839849047,1268.0990525869056,0.894192598043041,0.5627293941893504,27613.086199881254,3735.535150401755
raipur,2021,lmv,230938352.5333057,6.350516919441757,5.867227030661882,13.964014108721546,0.10741676540521511,0.10662035303619802,0.3507797507571752,0.3466697030186427,4.176277321989357,4.033855155757452,27.159351514377253,26.80721331611073,7.26826095433542,7.201956597819448,3.445469848263522,3.4164256770225863,2.6194077512438176,2.5903071089854897,45098.76956236418,42925.357348368874,15.342839898813285,2877.2074839849047,2173.4122139953033,0.894192598043041,0.5627293941893504,27613.086199881254,3735.535150401755
raipur,2022,2w,1247930203.5776794,78.05610840242373,74.40328476687603,14.117060299057524,0.4333964609173568,0.4314356857002939,0.6136804487868663,0.6094295538184967,10.076299755538395,9.87279273834529,0.025811415244080732,0.025709276025271056,0.8088652006239091,0.8062291867825381,0.7452297415575387,0.7427346818494532,21.072176087897454,20.92940060014104,31685.97588374674,31019.940443553172,15.59709509601128,2877.2074839849047,666.0354401935692,0.894192598043041,0.6406388157151355,30488.420296413402,4200.658293218528
raipur,2022,3w,38934476.43809614,2.582884835919639,2.462012517664889,14.117060299057524,0.01352164107220499,0.01346046637167264,0.2967686550356348,0.29471297217176873,0.6192193773988677,0.606713249996956,0.0019611340508430878,0.0019533735813748315,0.031725233447009275,0.0316218439645312,0.029229329564840804,0.029131468571881557,1.0288686455575513,1.0218974992414802,3390.8941217387605,3319.6179310571733,15.59709509601128,2877.2074839849047,71.2761906815872,0.894192598043041,0.6406388157151355,30488.420296413402,4200.658293218528
raipur,2022,hdv,1143288052.0,62.31540957835296,59.72682337652084,15.634860225364784,0.9097837485298879,0.9097837485298879,0.26111731504198016,0.2611173150419801,247.35679871101362,236.52013573817553,13.020693007582286,12.799386342251008,7.58678803852692,7.424652818015676,5.427339541769256,5.2885397755827155,8.14839788503353,7.789264312160929,41744.64713832945,39645.7753337829,17.310201437489468,2877.2074839849047,2098.8718045465503,0.894192598043041,0.6406388157151355,30488.420296413402,4200.658293218528
raipur,2022,lmv,297793847.9842242,6.868028330158341,6.257978467314635,14.117060299057524,0.12042228532818741,0.11936424539384999,0.3925145680109058,0.38702464555478977,4.644207731830289,4.455051875101855,31.38750126116911,30.873095866982077,8.388882087297626,8.293174404130456,3.9663729074139087,3.9248302682110605,2.9185879410754554,2.880665625812021,50238.91490166805,47323.207401673164,15.59709509601128,2877.2074839849047,2915.707499994889,0.894192598043041,0.6406388157151355,30488.420296413402,4200.658293218528
raipur,2023,2w,1267225029.9088063,82.52720365719397,78.6136077845557,14.12760652910864,0.44902477337929064,0.44699556746626573,0.6256914519621234,0.6213661141877823,10.285033376001516,10.077378020160483,0.023774842970307575,0.023661636109903128,0.7547214087002815,0.7519674524989568,0.702602733296306,0.7000680946145668,22.163183334551267,22.012225466898926,30958.51095259091,30290.524436701002,15.4931080964397,2877.2074839849047,667.9865158899083,0.894192598043041,0.6326822892936109,32694.471760503253,4384.234307857117
raipur,2023,3w,39930928.5954025,2.7580802708920404,2.627286895056785,14.12760652910864,0.014149007271948812,0.014085065924117157,0.305595945133118,0.3034833932019311,0.6383528322013773,0.6254644555012867,0.0018244196632876456,0.0018157324630231105,0.029896955780969136,0.029787862669491735,0.027832366495501918,0.027731961260252003,1.0929349374464148,1.0854907393296915,3346.0993405680056,3273.9011252290834,15.4931080964397,2877.2074839849047,72.19821533892218,0.894192598043041,0.6326822892936109,32694.471760503253,4384.234307857117
raipur,2023,hdv,1017665919.0,64.98894728822309,62.71017623328159,15.987564273842617,0.9596789850855434,0.9596789850855434,0.27543776231733536,0.27543776231733536,257.8079619511845,248.2683136890187,13.672657798431617,13.478213966545555,7.956563170045272,7.813907956928315,5.685236958409963,5.563085120689099,8.492132144099154,8.176000761491153,43409.71243586286,41549.40268846153,17.51413700812537,2877.2074839849047,1860.3097474013266,0.894192598043041,0.6326822892936109,32694.471760503253,4384.234307857117
raipur,2023,lmv,352036796.49579096,8.44323796141154,7.704810434374874,14.12760652910864,0.14523597246530123,0.14399142905623397,0.46584034104934974,0.45949472469056907,5.516399731719453,5.297293591478723,33.652083841740264,33.095266043744246,9.111309208922558,9.007600903140927,4.3529477485063515,4.307802911047681,3.5732073140194087,3.5277332283896436,57088.76866097078,53845.2425237165,15.4931080964397,2877.2074839849047,3243.526137254281,0.894192598043041,0.6326822892936109,32694.471760503253,4384.234307857117
rajkot,2021,2w,877931827.206696,100.01774631321297,95.50217122397662,15.271473000476428,0.5355388483060275,0.5335176385227764,0.5832159763819968,0.5796483366110557,11.70191064216923,11.50730810454346,0.02395100866404061,0.02390998540102028,0.7699298158606275,0.7686491342846935,0.7257820695641499,0.7244299552437872,26.627439864848416,26.465725458786586,32859.5768146858,32316.639787514796,16.816377678247502,2576.957205248351,542.9370271710068,0.8794165843350413,0.5002073247386971,39314.908227616615,5668.813242773736
rajkot,2021,3w,67244188.06379491,8.125032922701829,7.75820605829636,15.271473000476428,0.04101898793843384,0.040864175677880824,0.6923968302840856,0.6881613110784576,1.7654285871416868,1.7360695453953925,0.004467547596714826,0.0044598955857834,0.07413609915244247,0.07401278306006592,0.06988513805265177,0.06975494374239795,3.1917574134117395,3.172373155780397,8632.946027047581,8490.304322375408,16.816377678247502,2576.957205248351,142.64170467217264,0.8794165843350413,0.5002073247386971,39314.908227616615,5668.813242773736
rajkot,2021,hdv,1082653165.0,72.74016997317906,70.66496512747415,12.517332780069795,0.9984060321928159,0.9984060321928159,0.2865528240850308,0.2865528240850308,289.67963249052434,280.9927492335748,14.633965677158669,14.464629046267007,8.59311710537076,8.46474667283562,6.186913635554241,6.076408299133801,9.544878333675795,9.257384076743804,49869.59327394141,48029.40864846039,13.86275493552981,2576.957205248351,1840.1846254810225,0.8794165843350413,0.5002073247386971,39314.908227616615,5668.813242773736
rajkot,2021,lmv,324171403.7295088,12.873771096275851,11.70566091509155,15.271473000476428,0.22917710331951838,0.2272698419691103,0.5727160342403117,0.5648800333323053,8.145670273252007,7.828186493075635,44.4607891307295,43.78334207719584,12.246952174989426,12.118674155403681,5.931167946500798,5.874496224522915,5.6668020266138015,5.595364047908541,76984.43068486346,72682.14016999565,16.816377678247502,2576.957205248351,4302.290514867811,0.8794165843350413,0.5002073247386971,39314.908227616615,5668.813242773736
rajkot,2022,2w,1206299909.271445,114.50041894996815,109.01648768739074,15.4317126720523,0.628113418253894,0.6254943087789993,0.6866835684885507,0.6820214133519853,13.755622279281043,13.49834010841787,0.029457628859044578,0.029366304080132133,0.9435212951363886,0.9410970381234814,0.886260448770521,0.8839024295149494,30.961615732764702,30.759929687785252,39195.03965862362,38421.631568254765,16.908918460414853,2576.957205248351,773.4080903688518,0.8794165843350413,0.5670275948269956,43898.35648713777,6683.105337791457
rajkot,2022,3w,91597608.32653685,9.221254728231118,8.779608072715977,15.4317126720523,0.04769434734071263,0.04749547128841265,0.8081969227075555,0.8027097673313885,2.0573515000401046,2.0188712445189707,0.005447259247323436,0.005430371610208416,0.0900668922384139,0.0898354769049548,0.0846008720164013,0.08437577962338125,3.67924711425444,3.6552802513690894,10208.526167018597,10007.088515798436,16.908918460414853,2576.957205248351,201.43765122016157,0.8794165843350413,0.5670275948269956,43898.35648713777,6683.105337791457
rajkot,2022,hdv,1160330056.0,93.42728711179836,90.65574744189519,12.5900330166904,1.285499866529769,1.285499866529769,0.36895171426998724,0.36895171426998724,372.01850279754814,360.4169279927627,18.84298944159466,18.619416222150047,11.053819464036728,10.88288910630279,7.955626431774441,7.808286363102689,12.258748496066945,11.874918035377359,63621.374933544794,61150.18873629177,13.912853960398193,2576.957205248351,2471.186197253024,0.8794165843350413,0.5670275948269956,43898.35648713777,6683.105337791457
rajkot,2022,lmv,415983743.4020182,13.689087886536635,12.42932103575184,15.4317126720523,0.2509474674252222,0.24879253767072293,0.6294087093757702,0.620511529680867,8.926003016579166,8.56565283138083,51.023874820066155,50.19533105864585,14.008169361392184,13.852248557369249,6.7605019787113285,6.6919855850167815,6.150466198694757,6.071430923484784,85429.16783603784,80493.18938569106,16.908918460414853,2576.957205248351,4935.978450346782,0.8794165843350413,0.5670275948269956,43898.35648713777,6683.105337791457
rajkot,2023,2w,1319451916.4044151,124.51616531176076,117.78413572918792,15.355892250959895,0.6933303155167261,0.68983468753152,0.7993015819887794,0.7928096702191239,15.306563052703732,14.959520147703845,0.03395257190215165,0.03378387254402791,1.0844193026871398,1.0802581132640015,1.0153962420115012,1.011520487292301,34.075699368097425,33.816609976010206,44314.25292920842,43270.64609551905,16.97506919695347,2576.957205248351,1043.6068336893732,0.8794165843350413,0.597337818837825,46667.51525375362,6706.242954014207
rajkot,2023,3w,85248696.06997083,8.532455236333957,8.071143719719547,15.355892250959895,0.04479549774322081,0.04456964811279505,0.8004543099697263,0.7939530357660217,1.9479207248198709,1.9037558744401144,0.005342177009989878,0.005315633458733559,0.08807974491972843,0.08774176080044498,0.08247348766958137,0.08215868740164749,3.445446077368226,3.4192491526914472,9820.660731778895,9589.3828025898,16.97506919695347,2576.957205248351,231.27792918909472,0.8794165843350413,0.597337818837825,46667.51525375362,6706.242954014207
rajkot,2023,hdv,1037609420.0,97.98900391147154,95.49601622134996,13.968939634374083,1.3844614913262345,1.3844614913262345,0.397354720809509,0.397354720809509,389.64605532484245,379.2098992980244,20.081933490644403,19.872856307128306,11.742648855188971,11.587309413468041,8.428280109158033,8.29499140082595,12.838181156272547,12.492518601209673,66138.28538236444,64060.6811406296,15.105100641721265,2576.957205248351,2077.6042417348435,0.8794165843350413,0.597337818837825,46667.51525375362,6706.242954014207
rajkot,2023,lmv,422818309.52561414,13.899884967777389,12.487603679542424,15.355892250959895,0.257533292740604,0.2549992907471555,0.6813576379796795,0.6703920544246299,9.252185000439827,8.825847470911398,54.729694101916095,53.67914267055415,14.975332847098185,14.778845484330331,7.203603664841789,7.117707505500403,6.294582966702498,6.203370935347021,90135.4538125919,84304.28624727119,16.97506919695347,2576.957205248351,5831.16756532072,0.8794165843350413,0.597337818837825,46667.51525375362,6706.242954014207
ranchi,2021,2w,767461842.4388226,50.69500805506091,49.32456022353644,12.554977574777888,0.24796887248211674,0.24732484916197012,0.2976340874847739,0.2964583236486113,5.558953579264914,5.5019300713566,0.010662969701819774,0.010661630506415536,0.34410859687114576,0.34393516887647363,0.32543888524480513,0.32519196693198776,12.57038608773809,12.518367850728321,15568.009716892508,15492.93485731381,13.819618281921434,2793.451883011885,75.07485957869721,0.917219787127373,0.5323797691745992,22836.44222365561,3665.170249339457
ranchi,2021,3w,42412069.319375716,2.971337414227885,2.891012682616571,12.554977574777888,0.013703447425267022,0.013667856910941842,0.25494531611700816,0.25393818858863065,0.6050971881805001,0.5988901271206245,0.0014350342468580977,0.0014348540164605581,0.02390632534048448,0.02389427674274098,0.022609280732443338,0.02259212652713603,1.0871457944958072,1.0826470140122537,2950.997650916527,2936.7668186978644,13.819618281921434,2793.451883011885,14.230832218662727,0.917219787127373,0.5323797691745992,22836.44222365561,3665.170249339457
ranchi,2021,hdv,1180101815.0,46.51917236838789,45.324020005148846,11.563745135556303,0.6294355812917765,0.6294355812917765,0.18065450085735116,0.18065450085735116,185.39180516144972,180.38878749580627,9.277099685083076,9.178681243628384,5.457795521399512,5.383686312053567,3.935416674703638,3.871689548940549,6.108890098165071,5.943270522416372,32061.72019469538,31012.35821159147,12.79044165629518,2793.451883011885,1049.3619831039105,0.917219787127373,0.5323797691745992,22836.44222365561,3665.170249339457
ranchi,2021,lmv,291547867.2418013,7.341779033788663,6.871744777999407,12.554977574777888,0.10999489097364476,0.10929297673335514,0.304482988385726,0.30137456480581526,4.136944296124773,4.019255142569562,20.806568380942647,20.574903410844275,5.711140213646183,5.6670083422928785,2.7700707335490216,2.7504694768773166,2.7836729937305913,2.7567232827810892,40369.290579193206,38826.41414064796,13.819618281921434,2793.451883011885,1542.876438545245,0.917219787127373,0.5323797691745992,22836.44222365561,3665.170249339457
ranchi,2022,2w,973645451.2948055,64.22669416488306,61.78859156913488,13.594202615990456,0.33629417783744553,0.3350943166186555,0.41314564350946464,0.4108585844046977,7.633384133369538,7.517319926957699,0.016790037076766608,0.016765671620950058,0.5346529870707583,0.5338392906271814,0.4998849667583672,0.4990065495023295,16.620594730251156,16.528326697902763,22568.59486919147,22278.39200710058,15.069721346470965,2793.451883011885,290.20286209088954,0.917219787127373,0.5590342615022661,25806.505581211153,3746.1710989637045
ranchi,2022,3w,51326792.04912561,3.590979745733482,3.454662951708933,13.594202615990456,0.01772811787929555,0.01766486587397601,0.337581126460655,0.33571237145621885,0.792610491900804,0.7805589946711533,0.0021554917112648294,0.0021523636932733476,0.03543234630137563,0.03537842127922066,0.03312821153412916,0.03306999735565136,1.3711859195371154,1.3635738798458255,4080.852539610038,4028.3780681761823,15.069721346470965,2793.451883011885,52.4744714338558,0.917219787127373,0.5590342615022661,25806.505581211153,3746.1710989637045
ranchi,2022,hdv,1266234967.0,51.735286003337954,50.384875853587715,12.61015113243874,0.7133326987560002,0.7133326987560002,0.20473383848831997,0.20473383848831997,205.98237419503647,200.329240155181,10.440558732049311,10.326749825160004,6.125811281142392,6.04155587678656,4.408234416150729,4.335981419999872,6.787135409172316,6.59986726438132,35318.248061746985,34189.332892450366,13.755073693745903,2793.451883011885,1128.9151692966188,0.917219787127373,0.5590342615022661,25806.505581211153,3746.1710989637045
ranchi,2022,lmv,300754606.6560688,7.305803469167689,6.721372823727116,13.594202615990456,0.12093099087373634,0.11998225093826949,0.3419460745337766,0.33763039110919324,4.549859416361325,4.386815638188574,26.412118858731258,26.042861623355357,7.174687615016003,7.104894229687666,3.4427034625459876,3.4119608350582045,2.979072167403684,2.944012584699543,46240.88494212967,43926.19341684701,15.069721346470965,2793.451883011885,2314.6915252826584,0.917219787127373,0.5590342615022661,25806.505581211153,3746.1710989637045
ranchi,2023,2w,982526326.9396498,70.49134253559166,67.75640999368632,14.791405750844877,0.3837494238451062,0.38225058627651043,0.4793801306437062,0.4764571022019721,8.713278907650217,8.566085092854518,0.020454247754403777,0.02040915275692651,0.6473136533951307,0.645976200032144,0.6019472992956255,0.6005797848492461,18.781176045710097,18.671665043192466,26414.95737307857,26033.907110272947,16.246753790802305,2793.451883011885,381.0502628056238,0.917219787127373,0.5798312761505161,27338.063058888838,3751.4582209965674
ranchi,2023,3w,49369115.274562195,3.756652596312911,3.6109014861095297,14.791405750844877,0.01928230218661567,0.019206989919989367,0.3733557772023253,0.37107923404609877,0.862367102711623,0.8477990962300457,0.002502914879298924,0.0024973967619121083,0.040889382106672784,0.040804898114527435,0.03802368913413638,0.03793730624936158,1.4768637628997046,1.4682523303214958,4552.648929197515,4486.974468836637,16.246753790802305,2793.451883011885,65.67446036087767,0.917219787127373,0.5798312761505161,27338.063058888838,3751.4582209965674
ranchi,2023,hdv,1151670480.0,53.162713593430134,51.64911800474688,13.036855240805153,0.7373474930789494,0.7373474930789494,0.21162633203420564,0.21162633203420564,211.60149961437597,205.26523703941922,10.768547897082534,10.641040663527155,6.313027320067729,6.218601231296671,4.540108947946627,4.459129972938383,6.972199859070191,6.762304765112563,36185.35811905669,34922.910696235354,14.286806671601504,2793.451883011885,1262.4474228213367,0.917219787127373,0.5798312761505161,27338.063058888838,3751.4582209965674
ranchi,2023,lmv,277869883.7857878,7.116128763731246,6.541482127718501,14.791405750844877,0.12598226891538894,0.12494141277947393,0.3615390333570796,0.35672301393833555,4.688083521030603,4.510639111044278,29.21523228038452,28.77328443622123,7.909821611958822,7.826728002156774,3.7775133224970454,3.7410944991246633,3.0690995076640304,3.032055849168739,48272.503190509145,45793.92417196954,16.246753790802305,2793.451883011885,2478.5790185396036,0.917219787127373,0.5798312761505161,27338.063058888838,3751.4582209965674
rourkela,2021,2w,229633913.95846543,12.772210347769049,12.439011620521406,10.730575332389503,0.06705687112352185,0.06689438296860772,0.09774510411568026,0.09738916524133168,1.636980474001025,1.619824717286604,0.0047954022890847854,0.004792822339044593,0.1467377359052992,0.1466035295773716,0.1328163937100976,0.13265892208091393,3.211021809723682,3.1987766549469683,5546.072437351634,5485.741093340782,11.735842100122165,790.1450520576698,60.33134401085226,0.8813279315041764,0.4887436859185759,5516.358702365159,897.6247360160239
rourkela,2021,3w,6988214.53181143,0.4122402261398196,0.4014857901471443,10.730575332389503,0.0020406733185236755,0.0020357284823457585,0.04610594337268305,0.04593804854323533,0.09812351941533569,0.09709517286277243,0.00035539119752170384,0.0003551999953077796,0.0056137962591530696,0.00560866188129841,0.005081202661087403,0.005075178214564631,0.15292551752305297,0.15234233972410172,578.9203787855342,572.6227609808736,11.735842100122165,790.1450520576698,6.297617804660604,0.8813279315041764,0.4887436859185759,5516.358702365159,897.6247360160239
rourkela,2021,hdv,320531012.0,12.725889884775235,12.436811868332148,12.760568484286145,0.18178698616652586,0.18178698616652586,0.052174739122433825,0.052174739122433825,50.57395626134731,49.36379969909083,2.623483479597499,2.5990115183351405,1.5327949174618336,1.5147368691043084,1.0990101763446682,1.0835328357594398,1.666147087445339,1.626053589668993,8597.419876325608,8356.78564713989,13.732313711645785,790.1450520576698,240.63422918571814,0.8813279315041764,0.4887436859185759,5516.358702365159,897.6247360160239
rourkela,2021,lmv,43557896.5097231,0.963740939157417,0.9102138277392501,10.730575332389503,0.01491505108458994,0.014837079832391515,0.0502781077113611,0.04986203207587095,0.6209207834881595,0.6059554667305395,4.729066152415702,4.689006580608501,1.2257524222306262,1.2182160943631692,0.5684305385951499,0.5651498088348805,0.3572795258489418,0.3544010045293165,7465.066167747331,7189.80076987058,11.735842100122165,790.1450520576698,275.2653978767512,0.8813279315041764,0.4887436859185759,5516.358702365159,897.6247360160239
rourkela,2022,2w,247598866.5017433,15.068315629226811,14.707887081160202,11.984582646837826,0.08223400868223123,0.0820561031883775,0.11948543042936108,0.11909570478701437,1.9797064177309143,1.960848878530903,0.00583493319059738,0.005832137513853763,0.1787594736410384,0.17861358782625086,0.1619178515396411,0.16174644470093655,3.9324851010432504,3.919155484064706,6658.702874563314,6592.977232589054,12.868829277996133,790.1450520576698,65.72564197425982,0.8813279315041764,0.5122438219256014,6206.057376491499,983.8637337211443
rourkela,2022,3w,7546601.122873719,0.4871038439310308,0.4754524997764661,11.984582646837826,0.0025064220649627404,0.002500999658072713,0.05644810855102689,0.05626399174879207,0.1188510304438892,0.11771892421567058,0.0004331018623683816,0.00043289435137130756,0.006849461723173136,0.006843871869477622,0.006204147415684683,0.006197579682199662,0.18757559481492553,0.18693978545540837,696.1382209925445,689.2668929967665,12.868829277996133,790.1450520576698,6.8713279957779605,0.8813279315041764,0.5122438219256014,6206.057376491499,983.8637337211443
rourkela,2022,hdv,346105527.0,14.403357103695363,14.059280792012075,12.95709661190808,0.20453806924205858,0.20453806924205858,0.058704534512359914,0.058704534512359914,57.25847862090389,55.8181282759313,2.9604909554311627,2.9319507936560947,1.7302222515953505,1.7088456458058041,1.2412355561646726,1.222869375993519,1.8865060933550868,1.838814765983583,9715.734077340734,9422.7311935326,13.899009147902118,790.1450520576698,293.00288380813436,0.8813279315041764,0.5122438219256014,6206.057376491499,983.8637337211443
rourkela,2022,lmv,47518005.375382975,1.1052784044167703,1.049855262731997,11.984582646837826,0.01843832788754203,0.01835231916128117,0.061807583184315826,0.06134985417870893,0.7461069859242309,0.7298715943744524,5.761805860905423,5.717670410181519,1.500518112571679,1.4922148504887092,0.6969465036733175,0.6933312409098055,0.4402488687772464,0.4371124030713392,8758.636392902394,8471.7446951508,12.868829277996133,790.1450520576698,286.8916977515928,0.8813279315041764,0.5122438219256014,6206.057376491499,983.8637337211443
rourkela,2023,2w,292807357.88855493,15.778741948226305,14.742658257986767,12.704107405087552,0.08853278625844022,0.08795825743932391,0.12905951570129476,0.1277554702210287,2.128713752010047,2.0659517867859867,0.006675249885483797,0.006635711298913704,0.20266471234409583,0.20163714888823261,0.18238347797183002,0.18142601278475304,4.205079008821226,4.164589568472564,7327.901168325386,7073.0727700701445,14.509563256557266,790.1450520576698,254.82839825524115,0.8813279315041764,0.62273238924727,6654.08503539246,1034.029963782625
rourkela,2023,3w,8975521.036718907,0.5129844036901648,0.479300173619441,12.704107405087552,0.0027138248547852787,0.002696213632378286,0.06131961403238546,0.060700027285169815,0.12852699860994962,0.1247375708348467,0.000498306590474934,0.0004953550398058296,0.007809809708055178,0.007770211916409939,0.007028259830625426,0.006991363319009419,0.20172435995037938,0.19978201679298582,770.4782543061164,743.6848062334276,14.509563256557266,790.1450520576698,26.79344807268876,0.8813279315041764,0.62273238924727,6654.08503539246,1034.029963782625
rourkela,2023,hdv,304179617.0,15.334588987462734,14.810497322869837,14.501446968508983,0.22598807018598557,0.22598807018598557,0.06486090591729732,0.06486090591729732,60.838136338265116,58.644021233943434,3.2198645748867776,3.173747589392434,1.8750768916001452,1.8419895149644432,1.3401956746904806,1.3119695039902064,2.0038999999036764,1.9311217289363438,10287.250504020527,9877.090017036035,15.913743076367272,790.1450520576698,410.1604869844923,0.8813279315041764,0.62273238924727,6654.08503539246,1034.029963782625
rourkela,2023,lmv,52445947.074726224,1.045784818006948,0.9220463283114202,12.704107405087552,0.018466565185133454,0.01824367473591987,0.06197300169282896,0.06077503031731188,0.7370492009354724,0.6957822871708176,6.09394995421797,5.958488588494749,1.5779119396693473,1.5530448070718716,0.7287220511361625,0.7180874677036533,0.4372743395445381,0.4295212919560751,8742.559304755805,8028.671274581648,14.509563256557266,790.1450520576698,713.8880301741574,0.8813279315041764,0.62273238924727,6654.08503539246,1034.029963782625
sagar,2021,2w,154772635.71287876,17.64579415175131,17.031447951631822,12.873752171739477,0.09806299799066541,0.0977146231788198,0.1350689466849512,0.13431427016495986,2.4119351707821544,2.3738746123751957,0.009001304468555094,0.008988271087778119,0.265009170765717,0.26449712320549246,0.2332016401425877,0.23266213325453633,4.565843802699106,4.541762205931039,8822.467700009856,8672.169104065228,14.161926077626003,425.77403959043386,150.2985959446287,0.8337217995083496,0.5696810741295643,7116.825236897926,839.0603494817775
sagar,2021,3w,6365188.14888698,0.7696838607959816,0.7428869736110327,12.873752171739477,0.004032944388260307,0.004018617106092392,0.0861002233941892,0.08561915192249732,0.19538090378071918,0.19229777518338673,0.0009015170373756015,0.0009002116915930993,0.013701326080161958,0.013674852541261715,0.012056834504217568,0.012028941281600676,0.2938628051218097,0.2923128866655775,1244.5439650505853,1223.3420500196858,14.161926077626003,425.77403959043386,21.2019150308995,0.8337217995083496,0.5696810741295643,7116.825236897926,839.0603494817775
sagar,2021,hdv,142445494.0,10.684770225510938,10.442294988283614,12.42816441243331,0.14856375009675724,0.14856375009675724,0.04263932786282187,0.04263932786282187,42.5224893974275,41.50744920502886,2.164786966831801,2.144596100730843,1.2697813025631364,1.254701336911062,0.9130804923065923,0.9001301703366051,1.4009526500568168,1.3673399157451838,7322.9397617123495,7114.115868173462,13.523286456160516,425.77403959043386,208.8238935388872,0.8337217995083496,0.5696810741295643,7116.825236897926,839.0603494817775
sagar,2021,lmv,22181437.138234243,0.9627716555665975,0.8942207166373644,12.873752171739477,0.01641555556178727,0.016297090815916168,0.052154704862958104,0.05154756211852971,0.6779301365048154,0.6553299911849099,6.633177395895487,6.553293226471963,1.6604651746995172,1.6457107182810606,0.7493022488846558,0.7430119457883361,0.38156329738840133,0.3774877730577307,8642.796725934491,8217.996185252452,14.161926077626003,425.77403959043386,424.80054068203935,0.8337217995083496,0.5696810741295643,7116.825236897926,839.0603494817775
sagar,2022,2w,180284612.78832707,19.718161092864495,18.781548569300032,13.435953488522475,0.1125340398710194,0.11195183543823187,0.15526240242459985,0.15398407902817196,2.7511635800392433,2.687282134723898,0.010689210642419327,0.010643434015723182,0.3130896868935785,0.3118252920276798,0.27436377252966876,0.2731796024048041,5.219840616723704,5.1812252528751666,10118.0648725402,9856.828146280137,15.048531960119028,425.77403959043386,261.23672626006373,0.8337217995083496,0.638489945119947,7683.303127590077,927.5420520066286
sagar,2022,3w,7387136.351798724,0.8569154412320431,0.8162119633512308,13.435953488522475,0.004611066268434192,0.004587210524657142,0.09860875006929985,0.09779687372101709,0.22204105607329636,0.21688530899805142,0.0010666317548413114,0.0010620638961567927,0.01612764102790786,0.01606251046830027,0.014132820784752016,0.014071822701808831,0.3347196424587902,0.33224345176067055,1422.0603009951315,1385.344349649081,15.048531960119028,425.77403959043386,36.71595134605036,0.8337217995083496,0.638489945119947,7683.303127590077,927.5420520066286
sagar,2022,hdv,142948035.0,11.893510401622686,11.546732584503703,11.67823769649916,0.16013578608091358,0.16013578608091358,0.045960621489614786,0.045960621489614786,47.410723414618865,45.95910384035932,2.365562728114791,2.3373335729214184,1.3922621143482516,1.370824254215675,1.0043863588172175,0.9859267724076117,1.5623061041377915,1.5142677583706585,8197.395340149287,7888.582643266931,13.23791673502819,425.77403959043386,308.81269688235625,0.8337217995083496,0.638489945119947,7683.303127590077,927.5420520066286
sagar,2022,lmv,24801962.859874193,1.0149975841634151,0.9220052302347456,13.435953488522475,0.018055385223819734,0.017880206743281467,0.05740397091388282,0.056501991305144474,0.7366799889950069,0.7036948096070978,7.528960572186898,7.39769868684535,1.877771354174993,1.853984442403475,0.8441283450239294,0.8341160404838766,0.4177669431864673,0.4119075149686664,9377.444252111674,8771.029648744809,15.048531960119028,425.77403959043386,606.4146033668658,0.8337217995083496,0.638489945119947,7683.303127590077,927.5420520066286
sagar,2023,2w,155535748.25588536,21.28278654433237,20.258128694907494,14.865547835661005,0.12578638537783407,0.12512011135788753,0.17749941783926776,0.17600843952295844,3.054228277601097,2.9812197851331494,0.012534009252238793,0.012494812649302762,0.3640795673420655,0.36279415044048424,0.31714681069454603,0.31587455590720726,5.8145103893713825,5.770999223146754,11377.059484726939,11088.378272165672,16.731051559201585,425.77403959043386,288.6812125612669,0.8337217995083496,0.5957688997614071,8185.83509063712,945.7123384113787
sagar,2023,3w,5894181.972159657,0.8554131272414534,0.8142293389483528,14.865547835661005,0.004766800258789396,0.004741551141715509,0.1042610148898075,0.10338523222905607,0.22797867615776568,0.22252905748217996,0.0011567373202386064,0.0011531199482923888,0.017344998054093133,0.017283759919200278,0.015109089627077162,0.015048478544253148,0.3448362951498276,0.3422558148765485,1478.8578973353333,1441.3333953687504,16.731051559201585,425.77403959043386,37.524501966582875,0.8337217995083496,0.5957688997614071,8185.83509063712,945.7123384113787
sagar,2023,hdv,128028486.0,13.21633106459257,12.84882446282779,13.12316340920222,0.182796944263326,0.182796944263326,0.0524646075081546,0.0524646075081546,52.61197432306438,51.07348424411189,2.672277484107885,2.641019767136196,1.5672690545609889,1.544282595658672,1.127464201015134,1.1077738714295484,1.7335518922924997,1.6825732872985186,9009.579296842176,8705.754818967664,14.484884558199342,425.77403959043386,303.824477874512,0.8337217995083496,0.5957688997614071,8185.83509063712,945.7123384113787
sagar,2023,lmv,20229873.77195497,1.0008409129475981,0.9034151628335854,14.865547835661005,0.019015081106204958,0.018817349052691876,0.061692751836892365,0.06065362525722479,0.7605142957739641,0.7238336877024634,8.262737966319348,8.112248090551018,2.050875514528372,2.0234409135137446,0.9172220134040412,0.9056582988846924,0.4377749465456373,0.4312848009831342,9676.589520553129,9015.831638852753,16.731051559201585,425.77403959043386,660.757881700376,0.8337217995083496,0.5957688997614071,8185.83509063712,945.7123384113787
sangli-miraj-kupwad,2021,2w,453221988.5294668,47.96441906176398,46.6853033733662,14.039655946024194,0.26850317493830633,0.26780506814600996,0.4469249847056086,0.44526827997049434,6.488426981559888,6.415500940446457,0.01892263136038784,0.018917292099712123,0.5795319212692657,0.5790492822931449,0.5253837139004233,0.5247713002408037,12.947844674528607,12.897091632942384,21942.11400031406,21725.94657018657,15.195522242812867,1472.7999712377643,216.16743012749066,0.8848511432572332,0.5179255547848522,17489.496869932762,2331.0852960484126
sangli-miraj-kupwad,2021,3w,5673075.335204201,0.6367674746570958,0.6197861521970764,14.039655946024194,0.003360910939270303,0.0033521725891351626,0.08671094333379509,0.08638951482717003,0.1599728997831829,0.15817490000607537,0.0005768202884260352,0.0005766575312584777,0.009119469461884203,0.009111874692308427,0.008267397461373126,0.008257760567421347,0.2536363895019776,0.25264218401467387,942.0829525883448,932.8018208421045,15.195522242812867,1472.7999712377643,9.281131746240362,0.8848511432572332,0.5179255547848522,17489.496869932762,2331.0852960484126
sangli-miraj-kupwad,2021,hdv,514605779.0,32.729279756780905,32.055288408708115,13.975210119034571,0.4653336820302267,0.4653336820302267,0.13355556399712895,0.13355556399712895,130.1015485644367,127.27994753048054,6.721518607265393,6.6631646675866625,3.931820319987247,3.889459249515038,2.820788854269622,2.7845799879072772,4.285941389179214,4.192396086164418,22231.100629292534,21679.839051505856,14.94390820228559,1472.7999712377643,551.2615777866777,0.8848511432572332,0.5179255547848522,17489.496869932762,2331.0852960484126
sangli-miraj-kupwad,2021,lmv,86911514.1353289,3.334823844664792,3.13919017484718,14.039655946024194,0.05987538435153593,0.05953160156882877,0.22921406957123858,0.22716825039181276,2.386724984718809,2.3233053966765946,18.421311533458017,18.245738437872983,4.818141930044416,4.785037811606903,2.2422811193991588,2.2278424635864447,1.4382883317161916,1.4260757916430606,27579.932694587125,26543.651896118983,15.195522242812867,1472.7999712377643,1036.2807984681422,0.8848511432572332,0.5179255547848522,17489.496869932762,2331.0852960484126
sangli-miraj-kupwad,2022,2w,514284509.9558729,51.191412640644295,49.93996680478895,13.628617082930461,0.28440570279224764,0.28367157448632696,0.4723065285279118,0.4705513085157212,6.87248462905429,6.7965068258795585,0.019877229707715043,0.019860730153878424,0.6097098302378834,0.6090182142109561,0.5532303736900955,0.5524584502697196,13.728349521307752,13.676470625217855,23210.649639096133,22997.302486704015,14.739437205449926,1472.7999712377643,213.347152392118,0.8848511432572332,0.5559575332710791,19463.340571127614,2541.5794745459907
sangli-miraj-kupwad,2022,3w,6516529.523009,0.6879615116276325,0.6711433281756763,13.628617082930461,0.0036037215254972905,0.003594419342198753,0.09276167248077283,0.09241694477944298,0.17152448236362347,0.16962821717510979,0.0006133667078347386,0.0006128575686253856,0.009712270121811141,0.00970125314071462,0.008812590124670217,0.008800293900466126,0.2722311099133663,0.2712023591926979,1008.7959235124513,999.5232947419222,14.739437205449926,1472.7999712377643,9.272628770529082,0.8848511432572332,0.5559575332710791,19463.340571127614,2541.5794745459907
sangli-miraj-kupwad,2022,hdv,532770850.0,33.52923708661075,32.69788390146745,13.51808870433602,0.4761498384766576,0.4761498384766576,0.13665991240402217,0.13665991240402214,133.28946244102647,129.8090533954682,6.877557318585618,6.805206977907003,4.0249599545210994,3.9726344143851082,2.888120219409159,2.843422076402371,4.390820247364841,4.275415145595949,22852.62988079156,22172.495642586186,14.749353636646035,1472.7999712377643,680.1342382053735,0.8848511432572332,0.5559575332710791,19463.340571127614,2541.5794745459907
sangli-miraj-kupwad,2022,lmv,99442240.52111785,3.6252168359641175,3.4299770788557638,13.628617082930461,0.06399912604457131,0.06364603145678756,0.24456466840331748,0.24246487553037693,2.559492590010172,2.494867784896193,19.554780541982588,19.36974142168293,5.118615920933096,5.083930498660003,2.3837934282694015,2.3687187881370515,1.5395127951766245,1.5271275420936445,29654.889033440497,28620.598356869203,14.739437205449926,1472.7999712377643,1034.2906765712942,0.8848511432572332,0.5559575332710791,19463.340571127614,2541.5794745459907
sangli-miraj-kupwad,2023,2w,517021988.2098623,53.797825688032,52.42264073562667,14.130318744508926,0.3008506898822674,0.29991979388886697,0.5013075671173379,0.499043054833014,7.250008590932398,7.154735000935018,0.021266933566102927,0.021229178299642007,0.6516569440854744,0.6504749152255809,0.590606575250266,0.5894042515227222,14.503149037625375,14.440783117437451,24654.860776173795,24397.55014306513,15.394858507086617,1472.7999712377643,257.31063310866375,0.8848511432572332,0.5630164284305758,20767.893428455325,2566.1200496763568
sangli-miraj-kupwad,2023,3w,6408012.500893659,0.7071852026395812,0.6891080696551898,14.130318744508926,0.0037287678776352627,0.003717230277110001,0.09630532369435073,0.09587029218304582,0.1769914449576289,0.1746655704226626,0.0006419048115548565,0.0006407652355493419,0.010153551980691781,0.010135134634601119,0.009202318208022302,0.009183584644947382,0.2813086907727302,0.280099017252077,1048.1416780617928,1037.2027398451835,15.394858507086617,1472.7999712377643,10.938938216609358,0.8848511432572332,0.5630164284305758,20767.893428455325,2566.1200496763568
sangli-miraj-kupwad,2023,hdv,490976687.0,31.369113065699118,30.700603764140716,12.835709197912617,0.43737927562265216,0.43737927562265216,0.12553236116839836,0.12553236116839836,124.82210546164782,122.02345810185265,6.360289322783603,6.302458677536777,3.7317349868681755,3.689728161479115,2.6829490126152367,2.647039277775969,4.112070008437593,4.019288069636431,21573.188990547063,21016.256335375903,13.923341079157934,1472.7999712377643,556.9326551711601,0.8848511432572332,0.5630164284305758,20767.893428455325,2566.1200496763568
sangli-miraj-kupwad,2023,lmv,98474151.289244,3.7222014616732433,3.5081833282978,14.130318744508926,0.06662213678878876,0.06619912639001148,0.2552919649838973,0.25276179659604553,2.6481723858076807,2.5721948188364365,20.549031810804,20.314466899003293,5.378696016857398,5.335078362199505,2.502619204053643,2.483769060889851,1.5999172326979572,1.5855526411745748,30798.840760643106,29620.29650005711,15.394858507086617,1472.7999712377643,1178.544260585997,0.8848511432572332,0.5630164284305758,20767.893428455325,2566.1200496763568
shilong,2021,2w,28564624.167294957,9.605200079786256,9.208374074427441,13.076935543047373,0.04210049599502029,0.04197809196914213,0.037602083004843335,0.03740476722682063,0.841915346718724,0.8319192329552373,0.0011731696021877937,0.0011722067548389135,0.039057362616018554,0.039025646998444505,0.03792583732876296,0.0378902482913199,2.2950864736239383,2.282708388733788,1934.6413741928998,1917.0049355573387,14.850257680244061,175.31674322323275,17.636438635561035,0.8571269538055011,0.5411986664504985,4905.529841247046,902.6595537915026
shilong,2021,3w,4065163.383392765,1.4498063948798812,1.3899095811284852,13.076935543047373,0.005991515720258732,0.005974095838902496,0.0829455502781233,0.08251029604541123,0.23600289672343586,0.2332008195153718,0.000406594698825048,0.0004062609971785831,0.006987744816165323,0.006982070581464089,0.006785303856745872,0.006778936629282256,0.5111578642351396,0.5084010376368896,944.3936565215283,935.7844429519054,14.850257680244061,175.31674322323275,8.609213569622966,0.8571269538055011,0.5411986664504985,4905.529841247046,902.6595537915026
shilong,2021,hdv,58302388.0,13.246452044828931,12.690317638674937,13.955711566803787,0.1890145729814215,0.1890145729814215,0.05424913104951314,0.05424913104951314,52.64600800612663,50.31796664712659,2.7315677959565297,2.685614532078887,1.5951550409420296,1.560638953714023,1.1437282330363838,1.1140595266212103,1.7345458408882914,1.6574708613773192,8907.245723059194,8430.44877268657,15.830099356792052,175.31674322323275,476.79695037262354,0.8571269538055011,0.5411986664504985,4905.529841247046,902.6595537915026
shilong,2021,lmv,23408946.449312273,2.9619858852450442,2.68890273798535,13.076935543047373,0.04025950021771481,0.03994289722109307,0.08288881925822283,0.08177325360559759,1.3459990610195636,1.2973129611925804,4.929967144173754,4.855273364997345,1.3968088174961883,1.3825371883426607,0.6956973234842083,0.6893191570300354,1.095101783082464,1.0811716399665194,10723.794462991507,10144.960011570072,14.850257680244061,175.31674322323275,578.834451421435,0.8571269538055011,0.5411986664504985,4905.529841247046,902.6595537915026
shilong,2022,2w,32294434.893901423,12.43457820124472,11.817919048048427,13.089402451576737,0.056229687004466726,0.05602559952211035,0.05025188263508687,0.04992520520930591,1.1336696308901242,1.116591474675739,0.0016535723094017211,0.0016515904917496164,0.05488387068224936,0.05482128007886103,0.05314202842435057,0.0530733840607881,3.0152201182289944,2.9954988657385906,2666.4405438680587,2634.3801277660377,15.160870034252465,175.31674322323275,32.06041610202101,0.8571269538055011,0.5618353620425801,6190.866350990719,1075.0942476688856
shilong,2022,3w,4520078.168755218,1.8458798051778937,1.7543384067371168,13.089402451576737,0.00787016653178303,0.007841601505748483,0.10901902432884177,0.1083103134833693,0.3125389764616574,0.3078307357911322,0.0005636283982212169,0.0005629528857549816,0.009657119833376433,0.009646106671406423,0.009350633078592789,0.009338554724122374,0.6604558341330841,0.6561360777793259,1280.12759470683,1264.7357557834525,15.160870034252465,175.31674322323275,15.391838923377463,0.8571269538055011,0.5618353620425801,6190.866350990719,1075.0942476688856
shilong,2022,hdv,64421057.0,15.89861456703929,15.16078435447242,13.554394292045341,0.22507218292736106,0.22507218292736106,0.06459803683193538,0.06459803683193538,63.21318304436818,60.12456331203779,3.263659850274517,3.202973445123022,1.9073572818731217,1.8616202144965521,1.3686538199473288,1.3293186025670751,2.0828219872462497,1.9805800543665086,10700.727461033777,10065.471900996517,15.517557589487343,175.31674322323275,635.2555600372598,0.8571269538055011,0.5618353620425801,6190.866350990719,1075.0942476688856
shilong,2022,lmv,23977998.937343363,3.439636121156762,3.0692142283687933,13.089402451576737,0.04867263458145292,0.04821283942867051,0.10021074981696113,0.09859403226079626,1.6347044285148478,1.5637264956129733,6.279228651661772,6.1653581457306705,1.775283942931678,1.7535494958186653,0.8818710954449113,0.8721689216523824,1.3017164259338796,1.2821096204035147,13277.538785629125,12432.386845034767,15.160870034252465,175.31674322323275,845.1519405943582,0.8571269538055011,0.5618353620425801,6190.866350990719,1075.0942476688856
shilong,2023,2w,34433235.37574153,14.570243785744484,13.824171627537723,13.910695282398905,0.06886794158433708,0.06859066846422908,0.05992824727833983,0.05949358291726465,1.3950726355933332,1.3713873211398218,0.002168240302377979,0.0021646675289355936,0.0716384519432699,0.07153146301801504,0.06909164323505815,0.06897794476242013,3.610055253943856,3.585033210825976,3382.405450331338,3337.2876957593194,15.9762426590408,175.31674322323275,45.11775457201884,0.8571269538055011,0.5842944065751282,6926.90456823996,1131.5180684846866
shilong,2023,3w,5097787.202330509,2.2878354979858995,2.1706864377022,13.910695282398905,0.01019579215918853,0.01015474230291413,0.13752040593481749,0.1365229594534808,0.4068179511600119,0.39991106269218674,0.0007817406647952908,0.000780452531610537,0.01333320928303889,0.01331329671244733,0.012859202201795096,0.01283804086329988,0.8364196423696065,0.8306222440242071,1717.6419407601377,1694.7303919633393,15.9762426590408,175.31674322323275,22.911548796798343,0.8571269538055011,0.5842944065751282,6926.90456823996,1131.5180684846866
shilong,2023,hdv,63132972.0,16.835342889602643,16.13440377627323,13.49231664291819,0.23819171362563948,0.23819171362563948,0.0683634773952351,0.06836347739523509,66.93974407363204,64.00556978200432,3.4548952591364532,3.3974614942323456,2.019191803525919,1.9757850575579075,1.4489823273989766,1.4116345770073457,2.2056239903957677,2.1085052899941563,11329.186364685524,10722.338913898338,15.248449302363513,175.31674322323275,606.8474507871852,0.8571269538055011,0.5842944065751282,6926.90456823996,1131.5180684846866
shilong,2023,lmv,22966524.421927962,3.5180815509428447,3.130940322788613,13.910695282398905,0.053415750361114955,0.05288033174199498,0.1069048776061442,0.10506711956531863,1.7843160812405408,1.7019659510102494,7.342719760670433,7.200788068860072,2.0716985156158927,2.0446599236806544,1.0256738779486116,1.0136277115089365,1.3947565689491765,1.3730049367264183,14771.833466797216,13805.187151924114,15.9762426590408,175.31674322323275,966.6463148731018,0.8571269538055011,0.5842944065751282,6926.90456823996,1131.5180684846866
shimla,2021,2w,22097170.878141925,7.41870039848651,7.0012707979314985,16.199702444179838,0.028210379796890627,0.02809239622271715,0.016655867647506106,0.016492576531865547,0.47903736582649487,0.4693124717732461,0.0005366167061427263,0.0005327513123555858,0.018228581169547772,0.018142497069234025,0.017995960800345157,0.01791983970822278,1.6654649263311145,1.6532246094752612,937.5971385445006,916.4290107092274,18.190173313155945,304.88134427152556,21.16812783527314,0.9053432870195224,0.6023008989084963,7318.462231834166,1085.5039106131449
shimla,2021,3w,15522762.4868129,5.527315760966876,5.216309103963646,16.199702444179838,0.01981715341139363,0.019734272620484255,0.18135573659687487,0.17957775773780568,0.6628284570462968,0.6493724367437214,0.000918011131205012,0.0009113984512745028,0.016097922672264627,0.01602190056295876,0.01589249227257597,0.01582526863935313,1.8309409252817144,1.81748444432227,2259.1845571382614,2208.1789540460672,18.190173313155945,304.88134427152556,51.00560309219418,0.9053432870195224,0.6023008989084963,7318.462231834166,1085.5039106131449
shimla,2021,hdv,75119187.0,17.17774612403789,16.288625625100877,17.811871685555033,0.26649395418863003,0.26649395418863003,0.07648651221248927,0.07648651221248927,67.95317430226032,64.23106276645404,3.72993592022817,3.6544051208843835,2.1565163544158836,2.1009228024955946,1.5328462517808055,1.4852175395698002,2.2379949585617043,2.114665501593248,11238.28511265257,10520.45297658145,20.088632309922993,304.88134427152556,717.8321360711197,0.9053432870195224,0.6023008989084963,7318.462231834166,1085.5039106131449
shimla,2021,lmv,64364984.63504517,7.34904239712063,6.517334436233323,16.199702444179838,0.09490377742525288,0.09393398710759936,0.12829889171103306,0.12575650136011063,2.5874459525770397,2.458535819137973,7.773875424200894,7.576274739827201,2.2714199147591425,2.2337935617607445,1.1530993440963795,1.136308254065116,2.7832942810203103,2.7393200656953494,16902.60466959121,15679.38988632166,18.190173313155945,304.88134427152556,1223.2147832695482,0.9053432870195224,0.6023008989084963,7318.462231834166,1085.5039106131449
shimla,2022,2w,19229334.510255124,8.680662308953151,8.142873998507888,16.540598627081252,0.03359275303781193,0.03346119679507375,0.019142734286212913,0.018951817524382665,0.5715909060163593,0.5606078930034729,0.0006546906937642881,0.0006516890262112651,0.02218911429802974,0.02212013996647179,0.021878727054012323,0.021815896618665113,1.9481249635403786,1.9333140355713454,1130.8961746788025,1106.1932631174286,19.05178522393501,304.88134427152556,24.702911561373867,0.9053432870195224,0.6021414686347129,8218.501087419898,1394.2439481992678
shimla,2022,3w,14341757.074037015,6.866652566780089,6.441246606857588,16.540598627081252,0.025054382576759578,0.024956264377509477,0.22129610846121622,0.21908904985603667,0.8396974511407386,0.823562820698416,0.001189120030865403,0.0011836680776800361,0.02080475984431785,0.020740088745498327,0.020513737319318045,0.02045482680577723,2.2738479567885475,2.2565606682773818,2893.103307421151,2829.907342361457,19.05178522393501,304.88134427152556,63.19596505969412,0.9053432870195224,0.6021414686347129,8218.501087419898,1394.2439481992678
shimla,2022,hdv,93860804.0,21.568713443338552,20.074480472518783,17.02475080652521,0.33546779252499137,0.33546779252499137,0.09628271488552329,0.09628271488552329,85.31037439981719,79.05486908557079,4.68668788788388,4.556773675180237,2.7104393672720475,2.6164168761896707,1.926256411776746,1.8459300246884736,2.809404137894202,2.6019871254719726,14170.148812956499,13009.352835118843,19.477682179400013,304.88134427152556,1160.7959778376553,0.9053432870195224,0.6021414686347129,8218.501087419898,1394.2439481992678
shimla,2022,lmv,53923839.415707834,8.196330852854826,7.1240416232421,16.540598627081252,0.10873114787942731,0.10752289409048243,0.14180835183040905,0.1386989971066432,2.962111898657781,2.800271743218302,9.114883024582836,8.874469022720525,2.6588413737328582,2.612975056531043,1.3482917265507355,1.3277915879071003,3.131207059180825,3.0758638196379358,19485.647957643116,17895.459306199635,19.05178522393501,304.88134427152556,1590.188651443481,0.9053432870195224,0.6021414686347129,8218.501087419898,1394.2439481992678
shimla,2023,2w,18450730.236908324,8.99723066105391,8.51312093843228,16.765922603438444,0.035047906321195546,0.03492592320921683,0.020016929782158934,0.01983910443058117,0.5936062871541444,0.583422223572578,0.000678620092587229,0.0006757415538217494,0.023019855597396516,0.02295420397858893,0.02270592787701677,0.02264633648863272,2.038241400986398,2.0246764351913904,1172.7515386857751,1150.7857223893513,18.94524818915928,304.88134427152556,21.96581629642378,0.9053432870195224,0.5961451261899772,8647.099909145918,1171.8172501016227
shimla,2023,3w,13799884.280886754,7.137150331337957,6.7531250687458595,16.765922603438444,0.02621343682931118,0.026122201804576962,0.2320550635198105,0.22999354491006901,0.8744999607174828,0.8594968123432957,0.0012360613285000129,0.0012308182617392976,0.02164457748582564,0.021582848099890146,0.02134940478850096,0.021293373575884997,2.385744915432806,2.3698672337422093,3008.645340225829,2952.2929512802975,18.94524818915928,304.88134427152556,56.3523889455314,0.9053432870195224,0.5961451261899772,8647.099909145918,1171.8172501016227
shimla,2023,hdv,78702664.0,18.14513243920615,17.154818955797328,16.89368740207752,0.28011039307380653,0.28011039307380653,0.08039457054819354,0.08039457054819354,71.80045846796824,67.65457352456981,3.924766618519194,3.838604370844379,2.271640187935118,2.209314028732372,1.6156515769459308,1.5624089344642662,2.3646134271110686,2.2271432225973773,11942.43939201008,11174.693160030982,18.94920830324272,304.88134427152556,767.7462319790975,0.9053432870195224,0.5961451261899772,8647.099909145918,1171.8172501016227
shimla,2023,lmv,52675664.482204914,8.52508129463501,7.548822814351886,16.765922603438444,0.1152992256919578,0.11416069516287777,0.15054886406147747,0.1476109495601431,3.1064997118311903,2.955296622973675,9.56946456004044,9.34212237482638,2.798916942813005,2.7555600059013656,1.4204383026584386,1.4010642387612162,3.3277096792390055,3.2760324276404513,20304.035533570197,18856.053923131207,18.94524818915928,304.88134427152556,1447.9816104389902,0.9053432870195224,0.5961451261899772,8647.099909145918,1171.8172501016227
shivamogga,2021,2w,428928426.14685374,32.24654395758014,31.05200354734019,12.38196824445629,0.1657152860177355,0.16517543517800068,0.19757467746927246,0.19656565759375463,3.8758256041650316,3.8222496339523415,0.009568634609038562,0.009569460380467217,0.2996683476699596,0.29947359401132195,0.27667249677907574,0.27637808234012384,8.019637281551509,7.977142524045437,12145.286817014847,11990.85946058431,13.923546266422845,1354.9033838485002,154.42735643053675,0.8721187900669389,0.4751675219954968,13353.18345229825,1940.1531112918594
shivamogga,2021,3w,26101237.11705885,2.0811986870092145,2.004102799256368,12.38196824445629,0.010084139242357525,0.010051288132669263,0.18635422474748198,0.1854025080646284,0.4645579613917691,0.4581363248055287,0.001418004645383313,0.001418127018926635,0.0229246000949117,0.02290970145854919,0.021165419688923902,0.021142897012346215,0.7637258524109645,0.7596789929633458,2535.05354913869,2502.8203360494035,13.923546266422845,1354.9033838485002,32.23321308928644,0.8721187900669389,0.4751675219954968,13353.18345229825,1940.1531112918594
shivamogga,2021,hdv,511187590.0,27.884193739746802,27.072807689655043,13.936753613302551,0.39833636245885723,0.39833636245885723,0.11432664258612979,0.11432664258612979,110.81397061748018,107.4173135777409,5.743651650131153,5.675209834013332,3.3576549100427138,3.3070185116884807,2.407655252896095,2.3642367286010435,3.650500117782205,3.5379780508356373,18892.86083594133,18204.217559668625,15.297022264583156,1354.9033838485002,688.6432762727054,0.8721187900669389,0.4751675219954968,13353.18345229825,1940.1531112918594
shivamogga,2021,lmv,110459064.73608723,3.1671787216256457,2.909452423556102,12.38196824445629,0.04986423920044168,0.049488630061905216,0.1371643871469623,0.13549304939328902,1.960221140882404,1.892238987506523,12.684088125926486,12.52914703267507,3.3762558580019064,3.3467814738608386,1.598367372366196,1.585364922382191,1.2048536847281723,1.1908030474905902,21415.205066385446,20309.705092632335,13.923546266422845,1354.9033838485002,1105.4999737531107,0.8721187900669389,0.4751675219954968,13353.18345229825,1940.1531112918594
shivamogga,2022,2w,456438308.260665,35.50521531767553,34.33827753492082,12.59559040626851,0.18559451982747038,0.1849951512402443,0.21979649858871597,0.21867646302406718,4.3014643726492,4.243147118574173,0.010624582904464268,0.010619162253593363,0.3333252864771695,0.3329938909124365,0.3079919242708275,0.30758012719942235,8.977600159633742,8.932875338642726,13424.016340583652,13283.348834444607,13.953301275954987,1354.9033838485002,140.66750613904514,0.8721187900669389,0.5237760249314793,15194.190424637625,2418.289270869389
shivamogga,2022,3w,28211023.380460307,2.3274641970402663,2.250968226371331,12.59559040626851,0.011471016440513094,0.011433971343899315,0.21056647251192417,0.20949347116999967,0.5236637371396311,0.5165641476596323,0.0015991899921707802,0.001598374087141683,0.025899396655523446,0.025873647198374202,0.023930992747933814,0.023898996088434543,0.8683674093729026,0.8640413560570886,2845.917623985579,2816.095838561128,13.953301275954987,1354.9033838485002,29.821785424451264,0.8721187900669389,0.5237760249314793,15194.190424637625,2418.289270869389
shivamogga,2022,hdv,535844523.0,32.65871275127298,31.56559287146564,13.07343838001332,0.46037513271538505,0.46037513271538505,0.13213240922470426,0.13213240922470426,129.8797334933203,125.30353109148078,6.672706933295314,6.57861289008964,3.907154251152374,3.8385596437933946,2.8055552707942755,2.7468815557242396,4.278816776753662,4.127127439314085,22252.009739287474,21360.58384989131,14.604299734079062,1354.9033838485002,891.4258893961633,0.8721187900669389,0.5237760249314793,15194.190424637625,2418.289270869389
shivamogga,2022,lmv,118770260.35887465,3.4774800080398447,3.2220656578892717,12.59559040626851,0.056347904322738174,0.05593685690214269,0.15381922575637305,0.15200043930815357,2.1832284270531637,2.1107091701916967,14.171421062504882,13.996602677254106,3.784257224473498,3.7511618319024165,1.7935670143268325,1.7790129347020422,1.3600018266230467,1.345104022513878,23628.556777465554,22530.957970406293,13.953301275954987,1354.9033838485002,1097.5988070592612,0.8721187900669389,0.5237760249314793,15194.190424637625,2418.289270869389
shivamogga,2023,2w,501418599.5764902,40.64825522100442,39.432160443455565,13.100011683111061,0.21851199404798016,0.21785137275265495,0.281773577549838,0.2804553981641089,5.1533358318920195,5.0872907961158145,0.013982556559405331,0.013975926626342203,0.43314710817620466,0.4327158302635854,0.39619736412583745,0.39566503890155313,10.487487438002061,10.439583182581384,16776.74883730625,16605.604116697596,14.342105317819959,1354.9033838485002,171.14472060865592,0.8721187900669389,0.5307571862633554,16736.96528256225,2473.5164807467204
shivamogga,2023,3w,23835974.21185911,2.0494082516849668,1.988095049964766,13.100011683111061,0.01038742132722787,0.010356017322325625,0.20761772673147155,0.20664645962449468,0.48252556672605385,0.476341529947365,0.001618715300347533,0.0016179477744631236,0.025885259234077366,0.025859485679644353,0.02367710942695115,0.0236452971946464,0.780208044037602,0.776644246164776,2735.5418877564434,2707.635792443607,14.342105317819959,1354.9033838485002,27.90609531283644,0.8721187900669389,0.5307571862633554,16736.96528256225,2473.5164807467204
shivamogga,2023,hdv,536191728.0,33.087536905866244,31.994420743793242,13.434250759704847,0.46787113095671606,0.46787113095671606,0.13428383799829868,0.13428383799829868,131.56328560229412,126.98697875325226,6.768913997562236,6.673200310628349,3.963599508487498,3.8946824564944564,2.8453713421630957,2.786544045541474,4.334018249877372,4.182246388819241,22579.931247748253,21708.283931309034,14.961393218590224,1354.9033838485002,871.6473164392191,0.8721187900669389,0.5307571862633554,16736.96528256225,2473.5164807467204
shivamogga,2023,lmv,111876369.21165067,3.372225645927124,3.146222621410314,13.100011683111061,0.05682422719729188,0.05644217042771067,0.1687815660275439,0.16695722966532892,2.2306988845054634,2.162089257173044,15.942516468688035,15.76260726806105,4.208050112943846,4.174087356714774,1.9748463406560575,1.9599810962778867,1.3600685700586574,1.3464872283462022,25062.442503693346,23988.18386362329,14.342105317819959,1354.9033838485002,1074.2586400700566,0.8721187900669389,0.5307571862633554,16736.96528256225,2473.5164807467204
silchar,2021,2w,114961881.72305645,11.978239798927964,11.534022972624719,9.836563125669922,0.06140340326863553,0.061182690422683955,0.04338179733851824,0.043109340423488185,1.3992866817475147,1.3771589412561664,0.005017009210593281,0.005017889983222879,0.1499236097803981,0.14978044396552662,0.13332479484889984,0.13312035374009745,2.718742538243921,2.7032801098945125,4813.824922114553,4728.520927150081,11.381190954890913,693.7480701037543,85.30399496447262,0.8505839461822688,0.4963281859192481,7262.654447021543,838.6559730487033
silchar,2021,3w,23448876.2058544,2.59128557670088,2.4951869282975925,9.836563125669922,0.012524506212702497,0.012479487219239702,0.13715366251875277,0.13629227672868652,0.5621785711940308,0.5532885119263738,0.0024920943933655444,0.002492531898747719,0.03844349224751861,0.03840678159265791,0.03418721524036987,0.03413479234184954,0.8678461778574337,0.8629104367364315,3367.9183971107386,3308.2367720753005,11.381190954890913,693.7480701037543,59.681625035438174,0.8505839461822688,0.4963281859192481,7262.654447021543,838.6559730487033
silchar,2021,hdv,173358809.0,9.179298481115648,8.955037949177921,10.58728830962842,0.12199706815476818,0.12199706815476818,0.03501441626215203,0.03501441626215203,36.61453753862093,35.67577511628545,1.8082887632278435,1.7899938762260243,1.0672931001114119,1.0534214803456214,0.7711456676670768,0.7592041732016348,1.2064416061201029,1.175373295717858,6420.411429520731,6216.847740018803,11.9219122197247,693.7480701037543,203.5636895019279,0.8505839461822688,0.4963281859192481,7262.654447021543,838.6559730487033
silchar,2021,lmv,21698960.071089137,0.9307929091511273,0.8545822307202396,9.836563125669922,0.013625943845857162,0.013516671281218418,0.022302681484675766,0.02200024037936592,0.5354899746606527,0.5156876004226422,4.9583825109251505,4.89733830715711,1.2520929244908303,1.2405754348988434,0.570157635757551,0.5651650598035985,0.3022797046004851,0.29853321949328804,6637.762403743445,6252.542854672466,11.381190954890913,693.7480701037543,385.21954907097916,0.8505839461822688,0.4963281859192481,7262.654447021543,838.6559730487033
silchar,2022,2w,123387431.61054885,16.86437214805565,16.06631506293072,12.299890120606724,0.0917326815503495,0.09131067919783484,0.06349467982106657,0.06298032989883981,2.0381255980295143,1.9961590610888873,0.007323969395281608,0.007324345316308711,0.21949887335050328,0.21920915315269063,0.19565137608311314,0.19525247751162672,4.047681444021584,4.018915459278583,6868.4125160886515,6710.153698510378,14.205384266167357,693.7480701037543,158.25881757827392,0.8505839461822688,0.5234585459080977,8583.910135994814,1000.179063030288
silchar,2022,3w,26039445.646652382,3.7747230389572866,3.5960953118662733,12.299890120606724,0.019359088231866415,0.019270029669113054,0.2076968193462182,0.20601433440136097,0.8472101895148128,0.8297654953560601,0.0037640791813567504,0.0037642723821247484,0.05823414958194438,0.058157285363560025,0.05190728921211177,0.05180145942480862,1.3368221678688146,1.3273216657624012,4971.875903190127,4857.316214216631,14.205384266167357,693.7480701037543,114.55968897349612,0.8505839461822688,0.5234585459080977,8583.910135994814,1000.179063030288
silchar,2022,hdv,194633544.0,13.267419978162888,12.866856350987817,12.481430152772852,0.18237281039724132,0.18237281039724132,0.05234287671607422,0.05234287671607422,52.83192597598354,51.15505597550996,2.6700340771254485,2.6360518285813828,1.5681492063234013,1.5431124735839503,1.1289439818530855,1.1074907842216664,1.7407165199756596,1.685156880208267,9106.24349427165,8768.825554728553,13.914890194622119,693.7480701037543,337.4179395430965,0.8505839461822688,0.5234585459080977,8583.910135994814,1000.179063030288
silchar,2022,lmv,24214487.742798746,1.268399887141753,1.136859170217397,12.299890120606724,0.02103203986997857,0.020817157659100336,0.03358712206912701,0.03300356196460499,0.7859404462012859,0.748506052528271,7.394530890144221,7.274712009199202,1.8839132231697278,1.8613380248406972,0.861093654670403,0.8513083726526067,0.46340974941685453,0.4562701788520734,9260.131592609989,8587.324455141925,14.205384266167357,693.7480701037543,672.807137468064,0.8505839461822688,0.5234585459080977,8583.910135994814,1000.179063030288
silchar,2023,2w,120532074.68271333,18.748948929318463,17.95875547713248,12.986464139507392,0.10307878201949253,0.10260680885736546,0.07779846695341981,0.07718131372021689,2.3429036327478014,2.2956667018712182,0.009328315483251871,0.009330829449316453,0.27415320494783924,0.27377622111726607,0.24094476635748213,0.24042118134623625,4.551388023733145,4.520670173934983,8266.838068527944,8097.989468637776,14.828041254471064,693.7480701037543,168.84859989016877,0.8505839461822688,0.5410052622587703,9468.084032956951,965.7694318839468
silchar,2023,3w,21296133.96686464,3.513412715213564,3.365336375955562,12.986464139507392,0.018212409906714917,0.01812901962478473,0.21305948623866375,0.21136934559777593,0.8153648413117449,0.7989256962654472,0.004013772779624538,0.004014854484952475,0.060894223596705245,0.06081048889196003,0.053518048347528754,0.053401750955518475,1.2584863321484547,1.2499926607843796,5010.033940596324,4907.704947423902,14.828041254471064,693.7480701037543,102.32899317242209,0.8505839461822688,0.5410052622587703,9468.084032956951,965.7694318839468
silchar,2023,hdv,187761614.0,12.165315413269859,11.868286978793,12.240664308199523,0.16617342528252377,0.16617342528252377,0.047693486184180026,0.047693486184180026,48.458761770395675,47.21531703335347,2.4380926714077535,2.4128716007169215,1.433381770171258,1.4148119259415854,1.0326366307702926,1.016726401192137,1.596626521633367,1.5554264464105798,8387.341187478189,8137.362457395861,13.452312639185738,693.7480701037543,249.97873008232727,0.8505839461822688,0.5410052622587703,9468.084032956951,965.7694318839468
silchar,2023,lmv,19864036.350422006,1.1712425972690583,1.0570108624276495,12.986464139507392,0.019822879902789494,0.019621087922861526,0.034491461241607034,0.03389881563318147,0.7545241338674451,0.7190497428823192,7.880607711735753,7.75363374694236,1.9713624065214128,1.947533984816805,0.8887123925687279,0.8784646384771784,0.4368401987086162,0.43031050908792534,9269.448562843658,8629.1028454123,14.828041254471064,693.7480701037543,640.3457174313571,0.8505839461822688,0.5410052622587703,9468.084032956951,965.7694318839468
siliguri,2021,2w,268380599.5148923,8.566218985954427,8.196944246456551,13.136777908072972,0.04523593818605541,0.04506153020480064,0.06712634485491316,0.06675912641050384,1.0663714159010655,1.0491098186128014,0.002539509477292578,0.0025401490089156636,0.07989169785176906,0.07983843415855445,0.07399211825121732,0.07390555092120427,2.2297438151035407,2.2160449108395,3313.6461142258445,3272.9398155462254,14.950819479852795,940.198846899874,40.70629867961907,0.8624943986695054,0.5208560542293904,3422.3692144173065,512.7392751768349
siliguri,2021,3w,6294373.274737866,0.21308096380573707,0.20389541560409333,13.136777908072972,0.001060925718515662,0.001056835300139314,0.02440203656175022,0.024268543848479544,0.049261687813149664,0.04846427763871034,0.00014504495687609267,0.00014508148394461548,0.0023555246780754798,0.0023539542527724,0.002181581631262856,0.0021790292824250684,0.08183947716936969,0.08133667897561829,266.5695876473684,263.29492859216884,14.950819479852795,940.198846899874,3.2746590551995496,0.8624943986695054,0.5208560542293904,3422.3692144173065,512.7392751768349
siliguri,2021,hdv,388724841.0,6.91854246446854,6.636824244532985,13.149762310494797,0.09589122989891079,0.09589122989891079,0.027521771550367797,0.027521771550367797,27.538585647109375,26.35925552193739,1.4007219204042762,1.3770943027489995,0.8212773009567418,0.8037230824807853,0.5906811109062546,0.5756188240453398,0.9073850520052796,0.8683236604643157,4715.3880042853225,4478.519058437156,15.159403853624616,940.198846899874,236.86894584816673,0.8624943986695054,0.5208560542293904,3422.3692144173065,512.7392751768349
siliguri,2021,lmv,69112577.21036983,0.8212205895965238,0.7431892712742847,13.136777908072972,0.0135812991289364,0.013458546128190155,0.04642978752994222,0.045776692213491156,0.5334022439624383,0.5113334481402957,3.345057393257633,3.2952688158285643,0.8963621362156828,0.886884735257637,0.4259003954634898,0.42171427007852047,0.33387457772534224,0.32928687785277,5722.241816171881,5388.9905933465825,14.950819479852795,940.198846899874,333.2512228252981,0.8624943986695054,0.5208560542293904,3422.3692144173065,512.7392751768349
siliguri,2022,2w,351705000.5370554,9.877363337216739,9.197849139507952,13.402901906084526,0.05239729875256575,0.05207297023586445,0.07744960535314814,0.07674574497974279,1.2304614378197862,1.197257132721949,0.0028941204061526506,0.0028840073169713763,0.09120982868772261,0.09090870141244402,0.08459399141193369,0.08428781597232891,2.586975174658738,2.561857928283895,3785.6447795843833,3682.1498442689576,15.77739027337043,940.198846899874,103.49493531542566,0.8624943986695054,0.5650222671587003,3717.9714404401493,575.1035814720245
siliguri,2022,3w,8319750.315979662,0.24781459683308496,0.23076616688284993,13.402901906084526,0.0012394832094723375,0.0012318110629996218,0.028397666661531318,0.02813958926824975,0.057332274838678664,0.05578514927489863,0.00016672463099500704,0.00016614203565502639,0.0027124267695938717,0.0027034717513214775,0.0025156829056012585,0.002506577763419493,0.09577022628057016,0.09484038188452533,307.1671081537638,298.7695320893529,15.77739027337043,940.198846899874,8.397576064410941,0.8624943986695054,0.5650222671587003,3717.9714404401493,575.1035814720245
siliguri,2022,hdv,464462919.0,7.9139376168719044,7.492386828128449,12.426591846332599,0.10800360140426693,0.10800360140426693,0.030998147042214343,0.030998147042214343,31.525669984885937,29.761008518468792,1.587950617679595,1.5530867651661884,0.9326077016338936,0.9064382357532405,0.6717980565039144,0.6493061664557027,1.038850688438685,0.9804261285179827,5408.858236813618,5046.887528355185,14.573035278898491,940.198846899874,361.97070845843245,0.8624943986695054,0.5650222671587003,3717.9714404401493,575.1035814720245
siliguri,2022,lmv,92536482.14696485,0.963716295743758,0.8335390930355828,13.402901906084526,0.016068040883774212,0.015861847656659118,0.05470561747643711,0.05360624832745323,0.6278629502316803,0.5907234446317374,3.8917071043722062,3.802987182073762,1.0449918895916621,1.0283114989979376,0.49725622931282004,0.48995049036916855,0.3955872893558542,0.38789131204469074,6658.798770431927,6087.450893531199,15.77739027337043,940.198846899874,571.3478769007279,0.8624943986695054,0.5650222671587003,3717.9714404401493,575.1035814720245
siliguri,2023,2w,388134667.86867315,10.788634590467124,10.175794809855775,13.607265999054434,0.05866432361748589,0.05834748719469729,0.08680531384328062,0.086101460288461,1.3829143468789769,1.349965299182014,0.003468303114680604,0.003453271830100259,0.10853368752818855,0.10813395726072356,0.10005606182827323,0.09967299053300024,2.867726226921197,2.8442171112655203,4349.6248340051125,4241.8994389984,15.396051621550898,940.198846899874,107.72539500671246,0.8624943986695054,0.6335075468562544,3924.453586325027,562.9710764461147
siliguri,2023,3w,9620213.257654632,0.28361085717534007,0.26750056870158745,13.607265999054434,0.0014540399261815848,0.0014461868942126648,0.033348804817313005,0.033078398850438326,0.06751448560300854,0.06590589862769089,0.00020934892242570097,0.00020844162478604266,0.0033818275288941455,0.003369372236409089,0.0031176711307786954,0.0031057349192540776,0.11123627959818695,0.11032438412586754,369.791703176521,360.6332219706339,15.396051621550898,940.198846899874,9.158481205887142,0.8624943986695054,0.6335075468562544,3924.453586325027,562.9710764461147
siliguri,2023,hdv,437054734.0,7.883194660941147,7.48123922568521,12.838532596891815,0.10915725655756235,0.10915725655756235,0.03132925796456223,0.03132925796456223,31.37988336095411,29.697198648320605,1.5957807515450886,1.5618394522505852,0.9354932914274273,0.9104012413382698,0.6728615204253549,0.6513488770156856,1.0339912146111316,0.9782466776020103,5360.520777910773,5027.554791026332,14.857724566616845,940.198846899874,332.965986884441,0.8624943986695054,0.6335075468562544,3924.453586325027,562.9710764461147
siliguri,2023,lmv,93592393.87367216,0.9564863129167513,0.8531235553755185,13.607265999054434,0.016477479963152852,0.01630307782256641,0.05613663941486072,0.05519935557718492,0.6446373942516641,0.6131452535694103,4.267213773184141,4.184280862877517,1.138373898085361,1.1229100655375412,0.5385069028569994,0.5317830052350837,0.4015121695182766,0.3951792196363501,6965.780299336671,6478.430142229489,15.396051621550898,940.198846899874,487.350157107182,0.8624943986695054,0.6335075468562544,3924.453586325027,562.9710764461147
solapur,2021,2w,657247774.6527867,70.85510669217366,68.90597290695773,13.764986692655555,0.39801532774412224,0.3969153197477198,0.5863602264994541,0.583839260160845,9.848463683324724,9.726281498727099,0.03863391673300937,0.038600042666297935,1.1275808361987605,1.1260028857653586,0.9857181557264224,0.9840018849262065,18.52827135675103,18.45200380091211,36765.509903132894,36258.555201215255,14.860118168387014,1952.2395969629601,506.9547019176389,0.8646815558609356,0.553236492407802,29638.84764819086,3950.4099207847826
solapur,2021,3w,21167336.91072251,2.4202618701616827,2.3536835471524924,13.764986692655555,0.012818490777610042,0.012783063894838721,0.29270712908040664,0.2914486794343795,0.6247481841815892,0.6169974221925947,0.0030301020636402344,0.0030274452820315888,0.04565300995508364,0.04558912257376951,0.03990933450766152,0.03983984687057823,0.9338529677143078,0.930008967268225,4061.4470047315704,4005.4442548428074,14.860118168387014,1952.2395969629601,56.00274988876299,0.8646815558609356,0.553236492407802,29638.84764819086,3950.4099207847826
solapur,2021,hdv,855494544.0,53.59478558862515,52.48436360326968,13.672280886514013,0.767418980338536,0.767418980338536,0.2202571588930396,0.2202571588930396,212.96350847603537,208.31510964223938,11.05919629757169,10.966806031697757,6.461733737525144,6.392689433346328,4.6321711956385,4.572871900446239,7.015684773071414,6.861758147922993,36291.71970516028,35334.03977103638,14.631145229366428,1952.2395969629601,957.6799341238948,0.8646815558609356,0.553236492407802,29638.84764819086,3950.4099207847826
solapur,2021,lmv,87418352.43649042,3.6096639736589555,3.4072615761062774,13.764986692655555,0.061798755005475756,0.06144770309227272,0.209943678140041,0.2080297825496733,2.5668680321073425,2.499413824053381,26.368070600771176,26.121769647451615,6.548277698489929,6.502763863271646,2.9360847414432936,2.9167232202988527,1.4362560240806956,1.4241915647935262,33510.17897052495,32200.870787273798,14.860118168387014,1952.2395969629601,1309.3081832511489,0.8646815558609356,0.553236492407802,29638.84764819086,3950.4099207847826
solapur,2022,2w,769785287.786479,84.13465786210016,81.6542176100429,14.570120521457815,0.49360526179399067,0.49198576073192934,0.7239847889506128,0.7202512294683715,12.014219026615901,11.836497024744085,0.04815856639666738,0.04807234832345119,1.4046439669828374,1.4017083304326083,1.2269571808935793,1.2240048791243376,22.91644531133748,22.810376986134134,44615.10077721282,43915.71377368763,15.73762212161338,1952.2395969629601,699.3870035251894,0.8646815558609356,0.6249946604572104,32983.85254891104,4307.127151344245
solapur,2022,3w,25000859.852790523,2.898106737235912,2.812665365172801,14.570120521457815,0.016031166311578728,0.01597856863307481,0.3644571534880625,0.36257766308709943,0.7685644653284244,0.7571953688400791,0.003808994179019297,0.00380217495320801,0.05735037069339415,0.057230511249767045,0.05009557639030417,0.04997503652052601,1.1647670987082241,1.159375996653193,4970.159389901361,4892.247095135886,15.73762212161338,1952.2395969629601,77.91229476547414,0.8646815558609356,0.6249946604572104,32983.85254891104,4307.127151344245
solapur,2022,hdv,888750709.0,63.141833481231075,61.69209607501303,14.643419250973727,0.9136438327913344,0.9136438327913344,0.2622251990196985,0.2622251990196985,250.75863529327162,244.68943545618262,13.117279277003385,12.991608987764218,7.652843947576289,7.56169603466539,5.4798660787900175,5.401967294652857,8.26060084635315,8.059379577256848,42494.6888041433,41334.602817472194,15.635613808415378,1952.2395969629601,1160.0859866711035,0.8646815558609356,0.6249946604572104,32983.85254891104,4307.127151344245
solapur,2022,lmv,101951558.36073028,4.092950383705122,3.852652098697493,14.570120521457815,0.07600606308448886,0.07551212764355819,0.2563892729993418,0.25370631410493194,3.057296024832355,2.9664247664448644,32.34665415731441,31.979553892877888,8.060266728653772,7.99312199220596,3.6146714886459343,3.586290066013171,1.7583147446565062,1.742123140879003,39052.569434337674,37426.06413066801,15.73762212161338,1952.2395969629601,1626.5053036696627,0.8646815558609356,0.6249946604572104,32983.85254891104,4307.127151344245
solapur,2023,2w,867237288.5830799,89.92810778505856,87.32894174851026,14.959362664394419,0.5377778547001996,0.5358540913872244,0.8040749107243215,0.7995326617139507,13.036919987675168,12.826989243493621,0.054120032491823455,0.05397573227429865,1.5707245736066358,1.5665038156031215,1.3667185821973875,1.3626854018129047,24.92128107522419,24.80084136943172,48794.37938098016,47988.47528578233,16.11630981505502,1952.2395969629601,805.9040951978241,0.8646815558609356,0.6281718783045462,35194.63332064497,4348.715218336518
solapur,2023,3w,26098149.201383755,2.8702605802263905,2.7873022705286137,14.959362664394419,0.016183583056139948,0.01612569040942014,0.37505933221991095,0.37294060813353014,0.7727627575401756,0.7603191235438359,0.003966260502366567,0.0039556852638291925,0.059423254969735224,0.05926357632000707,0.05170535187802407,0.05155276961735711,1.1736771048598802,1.1680049516195232,5036.6835383379685,4953.496008518826,16.11630981505502,1952.2395969629601,83.18752981914258,0.8646815558609356,0.6281718783045462,35194.63332064497,4348.715218336518
solapur,2023,hdv,797514676.0,60.97178308487606,59.414344483119436,14.130728051868052,0.8715081410988568,0.8715081410988568,0.25013182111538323,0.25013182111538323,242.29949652393842,235.77961048343977,12.567749046039776,12.435381709312319,7.344782750458117,7.247389107561536,5.266166102681888,5.1827307253649995,7.982160418166608,7.766125668971666,41278.19055403486,39978.15509495322,15.329767942826182,1952.2395969629601,1300.0354590816423,0.8646815558609356,0.6281718783045462,35194.63332064497,4348.715218336518
solapur,2023,lmv,110496196.21553619,4.164937201103139,3.9271925385883297,14.959362664394419,0.07954269042079164,0.07899667830541604,0.27326345223403037,0.27024334240198084,3.1713312923333574,3.073382937370812,34.81157914455722,34.376369048487014,8.645229181865908,8.566449998833866,3.8634708305407397,3.8304181070675853,1.8357330798211393,1.8184323360222199,40685.733803632385,38991.944943274975,16.11630981505502,1952.2395969629601,1693.7888603574102,0.8646815558609356,0.6281718783045462,35194.63332064497,4348.715218336518
srinagar,2021,2w,506987797.35798186,33.226369270454484,32.356935180610805,10.94802328692778,0.14049683452589445,0.14018550465673965,0.10117887618551702,0.10073251107370379,2.794120738148176,2.7697004473399818,0.004164321583036839,0.0041614943011544754,0.13811635642458897,0.13802454632538258,0.13360940053339035,0.13350711276427069,7.32545578849669,7.296443838335052,6674.545437155812,6646.408676530335,12.358183496745802,3488.782780975168,28.13676062547711,0.9277907401653978,0.5084449112128882,23141.412664914566,2682.637973194619
srinagar,2021,3w,125650004.85268626,8.733774913734372,8.505238308328781,10.94802328692778,0.03482022256149233,0.034743063703283235,0.38867495120046136,0.3869602559538621,1.3639849823232453,1.352063911958757,0.0025133946297210817,0.0025116882112905764,0.04303231876013946,0.043003713882652624,0.04162810590969518,0.04159623654968622,2.8412284682876994,2.8299759836506007,5674.006072809304,5650.087118003872,12.358183496745802,3488.782780975168,23.918954805431895,0.9277907401653978,0.5084449112128882,23141.412664914566,2682.637973194619
srinagar,2021,hdv,1135020502.0,33.01868220537411,31.962755834747774,12.364888362697362,0.4574945355149442,0.4574945355149442,0.13130564813129947,0.13130564813129947,131.42889434935694,127.00850077816504,6.671261727745746,6.581760978131234,3.9164713986203856,3.8504879467411417,2.817505729999509,2.7609605093451464,4.329928851639882,4.183472098988149,22733.5447597611,21843.430992291273,13.978027811772785,3488.782780975168,890.1137674698257,0.9277907401653978,0.5084449112128882,23141.412664914566,2682.637973194619
srinagar,2021,lmv,403077237.7893319,10.708010142815954,10.019790587938534,10.94802328692778,0.13114377076781072,0.13036908268121158,0.2186035964648513,0.21630963707288742,4.471945698265553,4.352923027532336,17.270180393479418,17.078403219608333,4.846316899007219,4.8097143605309345,2.401326941742901,2.3849891810241424,3.4235323276931764,3.3908787578381645,38192.408991700315,36720.634419575246,12.358183496745802,3488.782780975168,1471.7745721250685,0.9277907401653978,0.5084449112128882,23141.412664914566,2682.637973194619
srinagar,2022,2w,726532505.0131929,44.34912250742168,42.26714993926854,13.845868710806549,0.20856507228438315,0.20745069735981223,0.1502939389427556,0.14878522523764418,4.152453724427875,4.059814323324805,0.0068733043398209355,0.006832644041743335,0.22644636756880093,0.2254875105855543,0.21771023571073994,0.21682850166732207,10.550110970282224,10.465915573683043,10370.1358239113,10220.91796333388,16.02928890955245,3488.782780975168,149.21786057741883,0.9277907401653978,0.5992712730982208,25860.850074534774,3168.9716076106756
srinagar,2022,3w,169524251.16974494,10.975287893250822,10.460052257697772,13.845868710806549,0.0486651835330227,0.04840516271728953,0.5435630791762993,0.5381065646094794,1.9084509541562453,1.865874259709885,0.0039056541130982497,0.0038825494966612134,0.0664242678201816,0.06614300310509594,0.06386166914181707,0.06360302715574781,3.852479316643547,3.821734519278987,8299.736967970579,8180.310471081283,16.02928890955245,3488.782780975168,119.42649688929578,0.9277907401653978,0.5992712730982208,25860.850074534774,3168.9716076106756
srinagar,2022,hdv,1182577897.0,45.13375915852221,43.38952012237121,14.3698107723848,0.6444696325919462,0.6444696325919462,0.18496942857071952,0.18496942857071952,179.36972957268554,172.06757962179756,9.300096325985395,9.148295197209766,5.434743771067057,5.324960034490375,3.8969602977349016,3.803179900901166,5.909201061525018,5.66707257105292,30520.873900052557,29132.41876117987,16.122935018822442,3488.782780975168,1388.4551388726868,0.9277907401653978,0.5992712730982208,25860.850074534774,3168.9716076106756
srinagar,2022,lmv,480722340.81706256,10.81701374435509,9.668517807759814,13.845868710806549,0.16062875538395074,0.15877874579256232,0.2664044351261619,0.261020045297499,5.2994777930790455,5.025698536072022,23.14780795328434,22.59290706543211,6.506807009942722,6.40203833216185,3.2106989427211525,3.1643677706682305,4.050199501485225,3.981867874039502,45512.494128542174,42459.53733712685,16.02928890955245,3488.782780975168,3052.956791415323,0.9277907401653978,0.5992712730982208,25860.850074534774,3168.9716076106756
srinagar,2023,2w,909457051.717712,50.74390876081476,47.00585612057854,14.860502028062577,0.2485790765919134,0.2461335112178625,0.1787839641960773,0.1756246204884245,4.827076389495989,4.614375955352801,0.007828403744116641,0.007660238192584311,0.2593136049787409,0.25567082942160285,0.2500586126845145,0.24692728374560338,12.671542382344812,12.504442377579704,11733.170810817297,11236.084388847079,16.857441915399992,3488.782780975168,497.086421970218,0.9277907401653978,0.7532594237068193,27677.396564153114,3346.7132599413408
srinagar,2023,3w,214976124.06436667,12.721726533147784,11.784579895908067,14.860502028062577,0.05875875755572876,0.05818067839930626,0.6550407143742795,0.6434652983769862,2.2474581950771153,2.1484261319318545,0.0045064304156615985,0.004409625705395944,0.07705804182361174,0.07597554886587056,0.0743078136458647,0.073377302975752,4.687529532973167,4.625714942163151,9513.197784481157,9110.162533019291,16.857441915399992,3488.782780975168,403.0352514618662,0.9277907401653978,0.7532594237068193,27677.396564153114,3346.7132599413408
srinagar,2023,hdv,917185377.0,49.64492866961265,47.46964128062159,14.927573397992452,0.7167325684948826,0.7167325684948826,0.2057096361535828,0.2057096361535828,197.18176852969927,188.07462857644558,10.30163651996068,10.106483708946651,6.010847432205603,5.872770412634324,4.304993014219117,4.187482809885549,6.495833112821948,6.19356893060285,33388.09831228046,31746.24019879562,16.63508172453551,3488.782780975168,1641.8581134848428,0.9277907401653978,0.7532594237068193,27677.396564153114,3346.7132599413408
srinagar,2023,lmv,646791250.2179217,12.756976568808827,11.110563778298241,14.860502028062577,0.20498991407816064,0.20171548344567541,0.3384657135270802,0.32907856080777526,6.496739515227265,6.02748995947986,28.026176581271418,26.92320724119927,7.951094731406874,7.74528480561285,3.938720004861523,3.8485645531551995,5.199251613493967,5.085750585060566,53442.41440732006,48574.286985860206,16.857441915399992,3488.782780975168,4868.1274214598525,0.9277907401653978,0.7532594237068193,27677.396564153114,3346.7132599413408
surat,2021,2w,2133095696.1015346,365.0830279558916,354.09024971352716,14.251943235796713,2.0288522032816405,2.023265800805579,2.3400426282436615,2.329687647127873,46.024801800255794,45.462154480441114,0.11649295762692231,0.11633677239887828,3.657519229308125,3.6525352683746113,3.3784644196103844,3.37324906659113,97.58324020927799,97.16904173801139,141963.98362980553,140219.0241085609,15.278577212131658,5704.291616792092,1744.9595212446293,0.9166532792022958,0.58084332854381,146446.90732191663,21116.166996584318
surat,2021,3w,141713060.05648994,25.724401829790953,24.949831052519645,14.251943235796713,0.13478760219471547,0.13441646732672202,2.4096557565678314,2.398992728658148,6.022695138527312,5.949068460188541,0.01884736442420433,0.0188220952579767,0.3054715628090823,0.3050553084465243,0.28216524410412647,0.2817296641556667,10.145682651780046,10.10261863550726,32350.48628303404,31952.8481806568,15.278577212131658,5704.291616792092,397.6381023772374,0.9166532792022958,0.58084332854381,146446.90732191663,21116.166996584318
surat,2021,hdv,2656259549.0,272.24630190692795,267.0937860569013,12.75729639683483,3.8354572556049873,3.8354572556049873,1.1008157731550807,1.1008157731550807,1082.7248440212854,1061.1556007056922,55.6126623119469,55.183796465439556,32.56271872380073,32.242311093623464,23.382888518372486,23.107715992650004,35.670276153143604,34.95602643496348,185603.96935627738,181145.6773372254,13.647292432698512,5704.291616792092,4458.292019051965,0.9166532792022958,0.58084332854381,146446.90732191663,21116.166996584318
surat,2021,lmv,555124262.8419752,34.18698982534618,32.097821026711166,14.251943235796713,0.6134932053261691,0.6099305390404478,1.6265437286203572,1.6110989276163197,22.885969512005474,22.264361236675153,153.5502199054215,151.96597182995797,41.20379217585387,40.90596387532766,19.54170132760596,19.41138994823035,14.69329600985325,14.56568300361137,240540.29267836665,231131.2498226606,15.278577212131658,5704.291616792092,9409.042855706037,0.9166532792022958,0.58084332854381,146446.90732191663,21116.166996584318
surat,2022,2w,2655290219.8447013,430.4332443114678,413.2217709293694,14.909101113740787,2.4935562913696607,2.4840967963837928,2.916076313170819,2.8981592220400536,57.225208556656916,56.23621107511114,0.1672684185909635,0.1668122398702077,5.155691544263993,5.142895810807548,4.692612969960299,4.680127354553507,117.72300865893547,117.05526516177935,185657.08369533147,182080.41289789125,16.13942389891079,5704.291616792092,3576.6707974402234,0.9166532792022958,0.6463610057707349,163520.1208365139,24894.37600514742
surat,2022,3w,172190108.17418665,29.604389804313705,28.420617003666568,14.909101113740787,0.1617019956389089,0.16108856684957484,2.9310740222949074,2.9130647815451773,7.3094214594038505,7.18309602351225,0.026415666547446964,0.02634362506421279,0.4203081018707419,0.41926495365387373,0.3825564879676294,0.381538621544229,11.9471429074976,11.879376826109135,41296.26997841193,40500.70021110168,16.13942389891079,5704.291616792092,795.569767310255,0.9166532792022958,0.6463610057707349,163520.1208365139,24894.37600514742
surat,2022,hdv,2724831110.0,362.03340070553287,352.6800907751022,14.288331183776801,5.229490839547091,5.229490839547091,1.5009177832267107,1.5009177832267107,1437.9011392141585,1398.7464140111836,75.18613597330832,74.40362624055189,43.85267155744452,43.27024328782338,31.40394411223119,30.904047072675265,47.37104808745946,46.074273067518284,242989.30748889662,235160.10530520556,15.366703775715408,5704.291616792092,7829.202183691057,0.9166532792022958,0.6463610057707349,163520.1208365139,24894.37600514742
surat,2022,lmv,567633597.981112,32.57754880926943,30.075345024357052,14.909101113740787,0.6185532275236548,0.6139307099606389,1.6613189603186147,1.640961087926495,23.216066735993838,22.398555503635293,180.41729770406792,177.96257914392442,47.59116182543873,47.13521898736346,22.24758610849083,22.05047937402895,14.531579685978349,14.371961613213307,255091.38981539287,242076.46248613787,16.13942389891079,5704.291616792092,13014.927329255006,0.9166532792022958,0.6463610057707349,163520.1208365139,24894.37600514742
surat,2023,2w,2770007806.2603307,450.00141387326477,429.4744058109963,14.471338752955129,2.5739321362730503,2.5626747416549462,3.083626002417907,3.0618822347908723,59.23589746059918,58.05654765377099,0.16914742227448676,0.16850755133133025,5.232160489015393,5.215423569287605,4.7727697880049575,4.756936779915169,122.06601817933631,121.26943293257149,191009.73896538545,186660.52379555252,15.853198002717622,5704.291616792092,4349.215169832925,0.9166532792022958,0.6358346635533334,173835.15794422865,24980.562963005887
surat,2023,3w,166902836.0588174,28.75747203908823,27.44568758197747,14.471338752955129,0.15508857859389305,0.15441028047352356,2.879891465204173,2.859584303842395,7.030190814458203,6.890224096058928,0.024819871397644976,0.024725979842534752,0.39632221132321876,0.39505443426416603,0.36152459017455213,0.3603252820128058,11.510230059987506,11.4351159570667,39476.74475813963,38577.87510841544,15.853198002717622,5704.291616792092,898.8696497241908,0.9166532792022958,0.6358346635533334,173835.15794422865,24980.562963005887
surat,2023,hdv,2560589816.0,363.8847171874768,355.922915791874,14.507580820722055,5.273386118072414,5.273386118072414,1.513516180692124,1.513516180692124,1444.9986407013387,1411.668932214149,75.70746049687857,75.03999856610297,44.144739283224006,43.64868749971816,31.603084847245068,31.177428557506737,47.60349512348432,46.49957352569301,244140.2190692716,237431.75112159975,15.501905340174169,5704.291616792092,6708.467947671859,0.9166532792022958,0.6358346635533334,173835.15794422865,24980.562963005887
surat,2023,lmv,602443208.6808511,35.376316802845885,32.344963880680226,14.471338752955129,0.6507321856613238,0.6452735916894085,1.79257959787539,1.768009622881015,24.672381272741923,23.701470036018915,186.56695578086865,183.66414142062118,49.3007574830457,48.763175007680864,23.08815774659247,22.856103330761286,15.369997630298595,15.18006810343442,271612.3700930787,255983.94591054018,15.853198002717622,5704.291616792092,15628.424182538525,0.9166532792022958,0.6358346635533334,173835.15794422865,24980.562963005887
thiruvananthapuram,2021,2w,633151226.3613067,163.88633471615887,158.28028911613785,16.220630265180983,0.8135969662674414,0.8111389840784583,0.7493709360918207,0.7454193046195456,17.100322799359382,16.891533512767683,0.030546820348224153,0.03056228496178993,0.9949879219051811,0.9948240118751969,0.94905826368056,0.9485728311360883,41.227264004402464,41.02149782171955,45462.22210453078,45151.45743193516,18.037844378103472,2884.033227226651,310.76467259562196,0.8825084117027134,0.4827223065489792,76573.11174882867,5710.1755151870075
thiruvananthapuram,2021,3w,78142394.75479327,21.452411104807435,20.71859034365466,16.220630265180983,0.10041268604144318,0.1001093262649557,1.433533371730094,1.4259739704837262,4.1570283797848955,4.1062724379269335,0.009181141791347108,0.009185789830268255,0.1543766829532174,0.1543512516025702,0.14725049767016862,0.14717518070966762,7.9628820197438985,7.923139100199634,19245.669460886707,19114.112447348216,18.037844378103472,2884.033227226651,131.55701353849145,0.8825084117027134,0.4827223065489792,76573.11174882867,5710.1755151870075
thiruvananthapuram,2021,hdv,1032982414.0,78.09876329429633,74.93305776822204,15.611397722241058,1.1194265557723253,1.1194265557723253,0.3212869619866137,0.3212869619866137,310.3139640022197,297.0610927017937,16.107348377584948,15.834011552219932,9.417146866765293,9.218328086453804,6.7509539948496,6.580953749423896,10.221778810552355,9.782439328192723,53099.53179411668,50487.21466748839,17.768424464339205,2884.033227226651,2612.317126628288,0.8825084117027134,0.4827223065489792,76573.11174882867,5710.1755151870075
thiruvananthapuram,2021,lmv,315339182.8839001,28.454396299887165,26.060621652897368,16.220630265180983,0.46938052370647965,0.46563560325887954,0.9917646847784861,0.9783564384989485,16.02377249213606,15.436899224413297,76.33694176144931,75.23985153579888,21.321977052881216,21.112364616687877,10.45042165160569,10.35695832930579,11.828531397083154,11.685842630496587,143334.59549501096,136184.74669210284,18.037844378103472,2884.033227226651,7149.84880290812,0.8825084117027134,0.4827223065489792,76573.11174882867,5710.1755151870075
thiruvananthapuram,2022,2w,744882787.0714284,194.8686297087523,187.7777973173307,16.71134741801564,0.995359510928426,0.9915791078554856,0.916307189802155,0.9102725535208107,21.038896215928578,20.713282666371896,0.03970194163609779,0.03966666822046313,1.2869297867016316,1.2854388439421545,1.2224649387180928,1.220702739098122,49.78455062326728,49.496171317195696,57217.99086701142,56737.905619142184,18.720102444912353,2884.033227226651,480.08524786923226,0.8825084117027134,0.5518544465415349,87000.02682464375,6599.283088080259
thiruvananthapuram,2022,3w,91361186.42857133,25.349525113486965,24.427112747522685,16.71134741801564,0.1220825979868741,0.12161892488834541,1.7419937182312342,1.7305212572368138,5.082719701382393,5.004055764530242,0.01185869661406443,0.01184816068767606,0.1984327162408173,0.19820282660380698,0.18849283061565805,0.18822111566993005,9.555972388125829,9.500618977245805,24071.85148918147,23869.87758877461,18.720102444912353,2884.033227226651,201.9739004068615,0.8825084117027134,0.5518544465415349,87000.02682464375,6599.283088080259
thiruvananthapuram,2022,hdv,1041934252.0,94.90021936288522,91.73647612963224,15.408763487464732,1.3471273293485075,1.3471273293485075,0.38663943143363344,0.38663943143363344,377.26861048029076,364.02366097457656,19.48292075975727,19.205796639557082,11.394185904058451,11.194702229836901,8.175231491753133,8.00496101569417,12.429063114676207,11.989793138922671,64291.24962528423,61769.9427653628,17.28851773477427,2884.033227226651,2521.306859921431,0.8825084117027134,0.5518544465415349,87000.02682464375,6599.283088080259
thiruvananthapuram,2022,lmv,339192860.5000001,30.484117870193444,27.768480832425656,16.71134741801564,0.5243795237777804,0.5195626175400708,1.1064777878669871,1.0892809131359724,17.912315064875365,17.163613905849306,90.38950282419096,88.83395655906018,25.15570210855765,24.860233745721647,12.282206380464096,12.151144062483803,13.035487785496004,12.861028381193115,163042.71042983982,154224.29142829266,18.720102444912353,2884.033227226651,8818.419001547154,0.8825084117027134,0.5518544465415349,87000.02682464375,6599.283088080259
thiruvananthapuram,2023,2w,804411438.8152255,201.8814103679509,195.15804403768317,17.86908335732579,1.048061334118794,1.0436024139748017,0.939099781561022,0.9320888311246215,21.819770626042455,21.443214891129443,0.0410055566931923,0.04091454460497153,1.332388562750638,1.3297263035575941,1.2673285612751588,1.2645673475115202,52.40929380027216,52.09342508955186,59057.82263180121,58627.53234838523,19.939294449480915,2884.033227226651,430.29028341597586,0.8825084117027134,0.6051627451815392,90865.37980708164,6289.289035432586
thiruvananthapuram,2023,3w,105412021.82435612,28.05836368725393,27.123920751901647,17.86908335732579,0.1373404938001773,0.13675618611277818,1.9074595776905752,1.893219233031569,5.631985178729723,5.534790925208813,0.013085973533640575,0.01305692913396056,0.21949641620960827,0.21905783817897154,0.2087784938544522,0.20832361414259387,10.747976694211383,10.683199069956602,26545.593273356644,26352.18433371032,19.939294449480915,2884.033227226651,193.40893964632414,0.8825084117027134,0.6051627451815392,90865.37980708164,6289.289035432586
thiruvananthapuram,2023,hdv,959881825.0,92.25414357238691,89.80759977283098,16.351331609756272,1.341775625280643,1.341775625280643,0.3851034371939494,0.3851034371939494,366.27103108055104,356.0281461429809,19.214802289941986,18.99406280070411,11.2074497022885,11.051905357170526,8.021397213844406,7.88911480722033,12.065049681065224,11.725029281518328,62126.63421016046,60270.57025052077,17.87533682932802,2884.033227226651,1856.063959639694,0.8825084117027134,0.6051627451815392,90865.37980708164,6289.289035432586
thiruvananthapuram,2023,lmv,379324565.3604185,31.788441998615205,29.03114831577282,17.86908335732579,0.5701708541837724,0.5645147433062586,1.1688464563996261,1.149118800838565,18.975028656704488,18.127856306609953,95.86872488045962,93.98836682383131,26.823108726669293,26.46741460302254,13.122832490309552,12.96550294774467,14.154075453294139,13.958088883207692,170153.66610149384,161033.0328131482,19.939294449480915,2884.033227226651,9120.633288345649,0.8825084117027134,0.6051627451815392,90865.37980708164,6289.289035432586
thoothukkudi,2021,2w,381437791.93223816,30.405030396033755,29.98692170485396,9.7336951161048,0.15616422197090207,0.1559642040979295,0.2298830117178999,0.22943847122872302,3.923905269465292,3.902207711905987,0.013054371647834424,0.013054897092772548,0.390485300248059,0.39035004872129425,0.3475397374509774,0.3473499122097863,7.386049233237984,7.370982391704939,14100.955279585323,14019.756595939762,10.298052684290285,1559.492578108176,81.19868364556169,0.9119070299751332,0.5426819436961263,13831.653213563153,1429.3906046331902
thoothukkudi,2021,3w,11963572.434291571,1.0114320471458176,0.9975235417458491,9.7336951161048,0.004897999151393923,0.004891725708221606,0.11175725862561066,0.11154114597749781,0.24241254697235096,0.2410721068164786,0.0009971134076485562,0.0009971535419581136,0.01539665879286254,0.015391325886329346,0.013703334673787962,0.013695849950375746,0.3625399450783049,0.36180039789558205,1517.0112382939092,1508.2757084533644,10.298052684290285,1559.492578108176,8.735529840544814,0.9119070299751332,0.5426819436961263,13831.653213563153,1429.3906046331902
thoothukkudi,2021,hdv,530824158.0,20.52875075494574,20.177061782034986,13.664311688059438,0.29206336052199106,0.29206336052199106,0.08382519543229106,0.08382519543229106,81.60065440939793,80.12833273066614,4.21840068733525,4.187829339002852,2.467098841489128,2.444970468517051,1.7698018272958256,1.7508964215118938,2.6882042557700454,2.639386010837054,13916.601946258259,13628.208089634505,14.448541950915644,1559.492578108176,288.3938566237539,0.9119070299751332,0.5426819436961263,13831.653213563153,1429.3906046331902
thoothukkudi,2021,lmv,60004065.6334702,1.983414911446642,1.9242302289322242,9.7336951161048,0.028908809853609472,0.02882687622511787,0.0986438789807349,0.09820061755792255,1.2565564647262089,1.2402225958007196,10.780670844722891,10.73408893779323,2.7226632541930416,2.71387391866969,1.240565247182971,1.236753928003981,0.6853567754615592,0.6823344606372208,16313.375328870416,15983.481418095289,10.298052684290285,1559.492578108176,329.89391077512664,0.9119070299751332,0.5426819436961263,13831.653213563153,1429.3906046331902
thoothukkudi,2022,2w,432726298.0124107,36.27402574265733,35.72826081396678,11.567673307085318,0.1962813988577971,0.19596980516411178,0.2890094699919193,0.28830752725336756,4.866338497781377,4.832991635687763,0.017121771116206896,0.017117388474785507,0.5085773799207137,0.5082564409396179,0.45036024286910503,0.44997762613271425,9.227885068346342,9.206148713962106,17669.392447693095,17555.01598808339,12.220534928009412,1559.492578108176,114.37645960970622,0.9119070299751332,0.5758803950357366,15371.177934615873,1573.5880196225507
thoothukkudi,2022,3w,13592111.780639136,1.2084355960800954,1.1902539425850938,11.567673307085318,0.0061652798223483015,0.006155492535709686,0.14070755606365293,0.14036580723707995,0.3010754746392221,0.2990123377782863,0.0013097058127756612,0.001309370568780987,0.020082386465563516,0.02006971342719276,0.017783544457742894,0.017768435926628932,0.45360969451373007,0.4525412133829996,1903.699360971905,1891.376447565923,12.220534928009412,1559.492578108176,12.322913405982035,0.9119070299751332,0.5758803950357366,15371.177934615873,1573.5880196225507
thoothukkudi,2022,hdv,558543851.0,22.266167892809616,21.937198236371778,13.040629972689272,0.31331178074221033,0.31331178074221033,0.08992371109137255,0.08992371109137255,88.55837826090007,87.18113959697895,4.54658615889806,4.5175869456997555,2.6619497392995215,2.6411706408575224,1.911678558760959,1.8939562168712674,2.9176379583039833,2.8719527538124137,15128.26568118077,14865.593137801727,13.678011609001608,1559.492578108176,262.6725433790434,0.9119070299751332,0.5758803950357366,15371.177934615873,1573.5880196225507
thoothukkudi,2022,lmv,65051741.20695004,2.13370983490826,2.062964108947588,11.567673307085318,0.034530610529597466,0.03441301071752415,0.11743046796003609,0.1167928432569117,1.449643970930951,1.4271286775742977,13.302151156573188,13.22901512106861,3.353858673104653,3.3401954863972034,1.5224015174085648,1.5165235978080138,0.8113966970960876,0.8072989597982922,18555.835636857853,18136.687121903138,12.220534928009412,1559.492578108176,419.1485149547152,0.9119070299751332,0.5758803950357366,15371.177934615873,1573.5880196225507
thoothukkudi,2023,2w,431859052.7125653,40.018596843970315,39.31298605179368,12.208898954377329,0.21805637833776104,0.21763105500132573,0.3117831118169271,0.3108503930640302,5.319560289260865,5.2751909329247715,0.01744721020622171,0.017439523674144596,0.5251410053752701,0.524715650187978,0.4695462538962265,0.4690520429972436,10.302773038318612,10.273556504613817,18745.45914348395,18611.356213157786,12.989531699759908,1559.492578108176,134.10293032616391,0.9119070299751332,0.5790799659852834,16421.78575641945,1565.9684874913903
thoothukkudi,2023,3w,14831742.532460695,1.4576931454847968,1.4319909945786498,12.208898954377329,0.0074889157486738725,0.007474308468406312,0.16597185025202205,0.16547533504219902,0.3598531446034141,0.35685168366804204,0.0014592428140628756,0.0014585999309562915,0.022673090079858127,0.022654725266639024,0.02027277322143471,0.020251435546188655,0.553746233886997,0.552175924083404,2208.2555546677613,2192.4579399748754,12.989531699759908,1559.492578108176,15.797614692885873,0.9119070299751332,0.5790799659852834,16421.78575641945,1565.9684874913903
thoothukkudi,2023,hdv,522556529.0,21.99128583056672,21.470338483707355,12.828148403738039,0.3074228723567968,0.3074228723567968,0.0882335336743631,0.0882335336743631,87.4951439470139,85.31428598202895,4.473635123206648,4.429055859393466,2.620957569412566,2.5883198869079416,1.883469922094661,1.855532804856521,2.8827368085595313,2.810459816024691,14962.054653112553,14530.07165459304,13.888305971119253,1559.492578108176,431.98299851951197,0.9119070299751332,0.5790799659852834,16421.78575641945,1565.9684874913903
thoothukkudi,2023,lmv,72148549.7549738,2.566634876813883,2.465464504958951,12.208898954377329,0.042555978396600344,0.042377800422716515,0.14037247090472535,0.1394343210390493,1.7458181865913487,1.7127276695241005,14.987918787096719,14.883756737837116,3.8357716819287964,3.816293461794825,1.7587982860444404,1.750385507817776,1.0040722994578204,0.9979362124145182,21515.811199470827,20944.35176851373,12.989531699759908,1559.492578108176,571.4594309570966,0.9119070299751332,0.5790799659852834,16421.78575641945,1565.9684874913903
tiruchirappalli,2021,2w,572563140.3064224,87.68543310918814,85.67091611812288,12.73431244976781,0.44723007489607175,0.4462372330226244,0.5318277699405374,0.5299756433969436,10.36401400813199,10.268188215282816,0.02453926028037474,0.02453196623335817,0.7737008763123463,0.7732123213029649,0.7176306362512312,0.7170095288667587,21.78312606371881,21.70733176614996,31872.59778853425,31646.26365647239,13.778298042473224,1940.6707198080528,226.33413206186015,0.921815196088771,0.5214869922240277,39043.164793574186,4034.7984488474385
tiruchirappalli,2021,3w,34754745.16663287,5.645108300707042,5.5154155320801594,12.73431244976781,0.027146992514307956,0.027086726730722994,0.5003724976208147,0.4986299162121163,1.2391335915351915,1.2276765480806247,0.00362746815996766,0.0036263899317322693,0.05904028471939086,0.05900300361019471,0.05476162478912031,0.05471422875023336,2.0692712787997705,2.062071257893806,6636.074969571399,6588.950782252234,13.778298042473224,1940.6707198080528,47.124187319165685,0.921815196088771,0.5214869922240277,39043.164793574186,4034.7984488474385
tiruchirappalli,2021,hdv,860454627.0,57.315699928246126,56.05008832357725,14.157683869615846,0.8166844462801259,0.8166844462801259,0.2343968555096774,0.2343968555096774,227.80817392041874,222.50976553781172,11.788460359474664,11.678275378390838,6.893182842028892,6.813516553055572,4.944128076008076,4.876077779937831,7.5047187000423765,7.329029422345789,38864.14916040839,37844.45008511368,15.18637448014379,1940.6707198080528,1019.6990752947095,0.921815196088771,0.5214869922240277,39043.164793574186,4034.7984488474385
tiruchirappalli,2021,lmv,156822079.5269449,9.274226986635169,8.797463430368035,12.73431244976781,0.14320530125237163,0.1424794912970106,0.3930547406994187,0.3898361138238751,5.59500007885331,5.466667061340568,34.64039482828357,34.34495637539274,9.279033985777268,9.2230104093796,4.412718106661455,4.3880288079325105,3.4842524807946145,3.4574614421126175,60292.06376132765,58332.976198360455,13.778298042473224,1940.6707198080528,1959.0875629671937,0.921815196088771,0.5214869922240277,39043.164793574186,4034.7984488474385
tiruchirappalli,2022,2w,741529547.7738433,104.04840304907401,101.65285424129667,13.133453309640727,0.5885648585714838,0.5870186287565228,0.7443611039272161,0.7412225978260767,14.283285776476363,14.118156788331854,0.05639262957188617,0.056328981110790675,1.649395610693118,1.6469280393355201,1.4433860885441818,1.4408062080898132,27.126903874859405,27.025826209439952,52581.3516749121,51992.28106240291,14.103417028450714,1940.6707198080528,589.0706125091892,0.921815196088771,0.6030904940442348,43388.84325006568,4441.830301751065
tiruchirappalli,2022,3w,40264453.61596996,5.992152705857212,5.854192930888197,13.133453309640727,0.03195859493271208,0.031874635906600404,0.6264821747226342,0.6238406904789677,1.5276395423083031,1.5099785099787282,0.007457051027295169,0.007448634505033286,0.11259077685971093,0.11242233590212167,0.09852818812182802,0.09835208073880881,2.305154720290056,2.2965654740335575,9793.280511194334,9683.566067471578,14.103417028450714,1940.6707198080528,109.71444372275619,0.921815196088771,0.6030904940442348,43388.84325006568,4441.830301751065
tiruchirappalli,2022,hdv,903724970.0,61.90403060203368,60.63033381627238,13.30022917203407,0.8730251516747352,0.8730251516747352,0.2505672187899446,0.2505672187899446,246.17926528196173,240.84696530559282,12.65507344084736,12.543597919660817,7.408279436989342,7.327987359531071,5.319137360566478,5.250596645898496,8.110402341069712,7.933560626047171,42096.85604277529,41087.643754831166,14.209325644396706,1940.6707198080528,1009.2122879441231,0.921815196088771,0.6030904940442348,43388.84325006568,4441.830301751065
tiruchirappalli,2022,lmv,102051109.61018664,5.439824181257931,5.1721055576175905,13.133453309640727,0.09453865296554405,0.09403196745265711,0.2756709845651847,0.27326664958929564,3.844762562595307,3.7507688331066253,39.811967341713164,39.45042458484929,9.908812213491789,9.842307671178025,4.447569774106923,4.419344227560555,2.174798382190242,2.158019245956177,49311.58513711115,47612.31254310541,14.103417028450714,1940.6707198080528,1699.2725940057426,0.921815196088771,0.6030904940442348,43388.84325006568,4441.830301751065
tiruchirappalli,2023,2w,709208209.4459963,107.95797255576588,105.29966134827191,13.196133214705354,0.5798403008079586,0.5782578073533468,0.704529212320882,0.7014900288883076,13.353120250483725,13.198758697378858,0.03391369780639185,0.03386803673883888,1.0639398659587278,1.0624872373045553,0.9814117741303707,0.9798874328060393,27.982211844576778,27.871078610713102,41878.91875810798,41516.474661684944,14.266887313955113,1940.6707198080528,362.444096423038,0.921815196088771,0.5931949112637734,46354.43627692615,4420.322341418809
tiruchirappalli,2023,3w,40279573.7616387,6.503092575121427,6.342963188967139,13.196133214705354,0.03293210633392055,0.032842228409520675,0.6202143572966787,0.6175388895284487,1.4938028677780049,1.476534564461829,0.004690700214433768,0.004684384702023866,0.07596487481084627,0.07586115771424,0.07007240253425767,0.06996356518209443,2.48713669413068,2.4772588636927226,8158.487860205843,8087.879643748531,14.266887313955113,1940.6707198080528,70.60821645731266,0.921815196088771,0.5931949112637734,46354.43627692615,4420.322341418809
tiruchirappalli,2023,hdv,831615605.0,61.26745716943852,59.763847540392405,13.695766854819652,0.8683574930437031,0.8683574930437031,0.24922755264264632,0.24922755264264632,243.58388071777722,237.28901253534136,12.563555274887333,12.431366334034553,7.349981630335089,7.255078413631169,5.274527528415615,5.193558527442759,8.024757802455426,7.815964386774985,41591.21787956538,40399.08351273452,14.801386547615955,1940.6707198080528,1192.1343668308618,0.921815196088771,0.5931949112637734,46354.43627692615,4420.322341418809
tiruchirappalli,2023,lmv,177517835.792365,10.15835604840936,9.607324666940691,13.196133214705354,0.16920571649256316,0.1682183659610773,0.47367295625962774,0.4692007523756887,6.502049825965161,6.33127981820452,43.407437858427784,42.95512845432177,11.600269289417847,11.51535876994766,5.489804368450199,5.452699596978342,4.07350565276811,4.038964736530563,70701.04513401503,68215.11804844336,14.266887313955113,1940.6707198080528,2485.927085571675,0.921815196088771,0.5931949112637734,46354.43627692615,4420.322341418809
tiruppur,2021,2w,448835912.57721955,64.28373254975656,62.94026550178301,11.32758067465373,0.3300927123344275,0.3294425722330559,0.5442347612461789,0.5427190510483981,8.245419108921173,8.177176017803909,0.02442553527345465,0.024434232235162164,0.7430561296598774,0.742821943271845,0.6703321220311462,0.669901148478809,15.89991950873595,15.850293808379766,28722.22957527511,28513.191138416198,12.2569426642469,1749.2535356070389,209.03843685891115,0.911610404808043,0.4931772639684591,28293.325925142337,2923.8886795951457
tiruppur,2021,3w,6738767.801752323,1.0236419687783784,1.0022488542308983,11.32758067465373,0.004955971835452526,0.004946210711043842,0.12665165494809152,0.12629892627539324,0.24384005385996627,0.24182191520700186,0.0008930759679847509,0.0008933939568193248,0.014024879762442249,0.0140204595903946,0.012652243938412706,0.012644109489329985,0.3735892077753551,0.37242318765360694,1479.1565524817013,1468.3913515146237,12.2569426642469,1749.2535356070389,10.76520096707759,0.911610404808043,0.4931772639684591,28293.325925142337,2923.8886795951457
tiruppur,2021,hdv,743480377.0,43.48908697731827,42.54482554525653,14.17856015123107,0.6112419047855698,0.6112419047855698,0.17543272813639454,0.17543272813639454,172.97843485254467,169.0253530677453,8.88129530556484,8.799263327826917,5.1977463983577925,5.138343163066413,3.732851152955018,3.6820961510399046,5.699320753531649,5.568249588150063,29430.844050184485,28669.383234455643,15.217690196374244,1749.2535356070389,761.4608157288421,0.911610404808043,0.4931772639684591,28293.325925142337,2923.8886795951457
tiruppur,2021,lmv,80865213.62102817,4.607285781715049,4.387370769007548,11.32758067465373,0.06973928614474553,0.06942219602559993,0.26591186772258707,0.2640383856010528,2.9710731114220565,2.9093193004731708,22.87991857239278,22.72046072333829,5.895792130246447,5.865480933880456,2.7250550440872394,2.711785691530815,1.6805005821169876,1.6687242433202782,36720.63665938548,35578.42159498648,12.2569426642469,1749.2535356070389,1142.2150643989953,0.911610404808043,0.4931772639684591,28293.325925142337,2923.8886795951457
tiruppur,2022,2w,453689583.3245819,77.96131152256802,76.33492224226951,12.895560653181256,0.41243422127816776,0.4115898657860467,0.6676704149349578,0.6657581652517767,10.054678386430544,9.96924554628204,0.027737313081457757,0.027748206761060136,0.8542520502861869,0.8540094627810174,0.7780795389413706,0.7776005253609161,20.00954373384203,19.94638993051882,33695.13932064948,33489.210967896215,13.908992297928414,1749.2535356070389,205.92835275326797,0.911610404808043,0.524794835667174,31442.499348594403,3218.8515735358615
tiruppur,2022,3w,6965431.610840563,1.2694700683450253,1.2429870286103935,12.895560653181256,0.006332043908154035,0.006319080638438848,0.15888505745678344,0.1584300007491809,0.30405827329822604,0.30147474343678626,0.0010370627442918912,0.0010374700450722773,0.016487692778069087,0.016483010660823128,0.015017507292688545,0.015008261978324462,0.48076507722250106,0.4792476941409358,1774.4328954365885,1763.5884220022695,13.908992297928414,1749.2535356070389,10.84447343431907,0.911610404808043,0.524794835667174,31442.499348594403,3218.8515735358615
tiruppur,2022,hdv,768785525.0,49.3623572505519,48.3279128027699,14.450851592492258,0.6986245191461191,0.6986245191461191,0.20051243930956658,0.20051243930956658,196.2679997352449,191.93727455028443,10.12643081326886,10.035231064742131,5.920242946480999,5.854900765465194,4.248519517563546,4.192790529658514,6.466629882313628,6.322972241455753,33269.34120910707,32458.522646255275,15.425229622462052,1749.2535356070389,810.8185628517967,0.911610404808043,0.524794835667174,31442.499348594403,3218.8515735358615
tiruppur,2022,lmv,92248069.06457756,6.004436856134691,5.709545109708317,12.895560653181256,0.09790193902355843,0.09743124171493223,0.3654588885075414,0.36273983334803733,3.9996337167129736,3.9119152498696788,28.955357768184545,28.73461474249926,7.586250149852909,7.544250583655048,3.5438581175471553,3.525402685823418,2.370726461812759,2.3535783333194553,46599.23860872774,45153.99719483978,13.908992297928414,1749.2535356070389,1445.2414138879612,0.911610404808043,0.524794835667174,31442.499348594403,3218.8515735358615
tiruppur,2023,2w,625217401.807038,88.68096679101076,84.97985333667636,13.70482850851894,0.4899196967817373,0.48774582532358374,0.8177176198503766,0.8123024883002562,11.711503051135699,11.480796619337132,0.03150302111140518,0.03133712083137557,0.9776458416161369,0.9736850994617771,0.8945232822369089,0.8909605504967907,23.869772403228858,23.717102771602335,38304.76639819439,37517.781940292356,14.872874723059272,1749.2535356070389,786.9844579020355,0.911610404808043,0.6758063396612279,33591.56924377109,3203.265446363975
tiruppur,2023,3w,6548048.816442914,0.9850661026577355,0.9439542210682258,13.70482850851894,0.005131044147830393,0.005108276681046011,0.1327443071789677,0.13186524102158775,0.24159776024100094,0.23683849433359705,0.0008034973987662191,0.0007992660444784194,0.012872029921755035,0.01281988139377788,0.011777608991437833,0.01173070080893467,0.3912331369820835,0.38873083331977176,1376.0580916099184,1347.7865099479977,14.872874723059272,1749.2535356070389,28.271581661920663,0.911610404808043,0.6758063396612279,33591.56924377109,3203.265446363975
tiruppur,2023,hdv,685298354.0,48.70827012794287,47.56069056886071,14.708374345277438,0.6920287460626181,0.6920287460626181,0.1986193844369411,0.1986193844369411,193.62756104101902,188.82322525303204,10.011978846608848,9.911238214525836,5.852019005100553,5.779616819148425,4.198062530366897,4.13627972183496,6.379345916509097,6.219998946725881,32847.55462398213,31932.796555695986,15.841833885311775,1749.2535356070389,914.7580682861408,0.911610404808043,0.6758063396612279,33591.56924377109,3203.265446363975
tiruppur,2023,lmv,133224499.37651908,6.937275634525914,6.405782132283125,13.70482850851894,0.1215410606654826,0.12057066089913454,0.46692934204507913,0.46109363847659574,4.81535767212887,4.638410145367358,34.19805349219531,33.66463998908764,9.052210480075612,8.954177073923388,4.250597523678586,4.208473005227108,2.9514760974560668,2.917334415795388,54078.228071791294,51306.55837650604,14.872874723059272,1749.2535356070389,2771.669695285258,0.911610404808043,0.6758063396612279,33591.56924377109,3203.265446363975
udaipur,2021,2w,411881036.39491475,26.038197578590736,24.72260932043151,14.859515028150808,0.14039996895884707,0.13970519519665037,0.18599938834147384,0.18458346376078613,3.26765573731738,3.1974605359775103,0.008183218898974425,0.008162562323888829,0.2563421841661976,0.2556926963865839,0.23654202153196638,0.23586803760398153,6.826049099637831,6.774870620631718,10297.404984709861,10090.657211154485,16.905099829865378,1175.5673293500308,206.74777355537663,0.8869764200274306,0.5164457177719389,10669.155288204342,1564.4953208430722
udaipur,2021,3w,17121455.64372916,1.1479789133120295,1.0899769116600615,14.859515028150808,0.005836277052107393,0.005807396047397885,0.11984284280094026,0.1189305364301805,0.26754978128934276,0.26180232431229233,0.0008284083667632145,0.0008263172483609283,0.013395952555779227,0.013362011565888851,0.012361233903803845,0.012326012792023076,0.44406321484040795,0.4407338394453054,1468.2492265115288,1438.7702209701913,16.905099829865378,1175.5673293500308,29.47900554133753,0.8869764200274306,0.5164457177719389,10669.155288204342,1564.4953208430722
udaipur,2021,hdv,600980837.0,24.357030890682193,23.26275165655382,18.08231759647928,0.3718791767486938,0.3718791767486938,0.106733157532821,0.106733157532821,96.44201834734787,91.86062542691927,5.229845823376153,5.131102539202968,3.0318917466028026,2.9623181917293566,2.158955250529923,2.0997874334857314,3.1761939741122345,3.024110551080906,16108.078605949142,15296.84532366036,20.043905581080658,1175.5673293500308,811.233282288782,0.8869764200274306,0.5164457177719389,10669.155288204342,1564.4953208430722
udaipur,2021,lmv,102943422.96135607,2.3712820426679477,2.124948518951491,14.859515028150808,0.0408184642622683,0.04039496238839334,0.12439572697431363,0.12233029616247011,1.5694237908471225,1.4946899678693788,10.392380853419342,10.200521830421453,2.7792603294285216,2.7432319041580606,1.3164242239702,1.3006756810704623,0.9887483903247531,0.9735586594815264,16934.87056788621,15801.901785185075,16.905099829865378,1175.5673293500308,1132.9687827011348,0.8869764200274306,0.5164457177719389,10669.155288204342,1564.4953208430722
udaipur,2022,2w,512964151.6742671,29.953696080987783,28.16108697685642,16.26200097369556,0.16877358821387925,0.16773889865391348,0.22009467310009964,0.21799268151058437,3.8273106498471057,3.7235610927580542,0.009207003182642452,0.009159232906337666,0.29065902776381836,0.2894183163249808,0.2697662631786113,0.26858185423647785,8.249159192437,8.175421310203777,11689.089312424068,11392.627537151224,18.510336887648943,1175.5673293500308,296.46177527284453,0.8869764200274306,0.5914610755922423,11481.827657288835,1728.096809001156
udaipur,2022,3w,21917434.28664495,1.3573980499242162,1.2761631967813762,16.26200097369556,0.007211194031640432,0.007166984820599839,0.1457618686235524,0.1443697848552216,0.3221037849344492,0.3133722948410094,0.000958015223774332,0.000953044588809182,0.01561245307754374,0.015545809528672568,0.014490219547567977,0.014426600229854205,0.5515931762379742,0.54666257522504,1713.1148256575975,1669.6663542766084,18.510336887648943,1175.5673293500308,43.448471380989076,0.8869764200274306,0.5914610755922423,11481.827657288835,1728.096809001156
udaipur,2022,hdv,669853963.0,27.11583956750784,25.598028231537782,17.477350689051335,0.4105327232749916,0.4105327232749916,0.1178271238760388,0.11782712387603879,107.41720463271257,101.06266834131904,5.7946406003497986,5.658333328009747,3.3616100491032714,3.265238834172983,2.3957063794903384,2.3137001939855124,3.537931343296735,3.3270187518742316,17937.52575752695,16808.19317324692,19.74221039643488,1175.5673293500308,1129.3325842800296,0.8869764200274306,0.5914610755922423,11481.827657288835,1728.096809001156
udaipur,2022,lmv,140092942.03908795,2.8195222629372125,2.4863200587258114,16.26200097369556,0.05335741238455764,0.05270737303042701,0.159549382727825,0.15642154695212518,1.9596359517658029,1.8492407478414252,12.597265524707847,12.303587067380157,3.411867793527044,3.357026270803876,1.627341705101568,1.6034334655382851,1.2963284398109989,1.2736193312234905,20061.852219964836,18537.213927828026,18.510336887648943,1175.5673293500308,1524.6382921368095,0.8869764200274306,0.5914610755922423,11481.827657288835,1728.096809001156
udaipur,2023,2w,501215899.09799045,32.5440217783276,30.609436468609594,17.148781967819666,0.18695918102496625,0.1858076199237355,0.2475043240890349,0.24513856384210736,4.207084510271392,4.091924810159894,0.009997951510528664,0.009942587650065086,0.3163281968949109,0.31491808144536504,0.29409648623051327,0.29276218095406803,9.165661023997442,9.084305039253145,12737.390947928674,12415.154728490917,19.385086051399576,1175.5673293500308,322.2362194377565,0.8869764200274306,0.5693697658700494,12133.509625049688,1771.6140418688894
udaipur,2023,3w,19867770.740625605,1.3682001302666817,1.2868672240021322,17.148781967819666,0.007410902473652283,0.007365255573794859,0.15206833471572034,0.15061479558095545,0.3284769911469076,0.3194856548184712,0.0009651320702039602,0.0009597876316749848,0.015763289043111205,0.015693020070463366,0.014655436867536287,0.014588945672787242,0.5685839488542356,0.5635370998656332,1731.840449822344,1688.027574681624,19.385086051399576,1175.5673293500308,43.81287514072005,0.8869764200274306,0.5693697658700494,12133.509625049688,1771.6140418688894
udaipur,2023,hdv,596970496.0,27.095743865849602,25.82792256039808,16.56171753770792,0.4012060292830472,0.4012060292830472,0.11515026654886634,0.11515026654886633,107.47149977089339,102.16382622235386,5.712231381772113,5.601659862794894,3.322224475611212,3.242380418500498,2.3730709926077433,2.3048834524380486,3.5401455996946676,3.364139623785846,18044.914464295314,17049.08836196863,18.686747543606817,1175.5673293500308,995.8261023266859,0.8869764200274306,0.5693697658700494,12133.509625049688,1771.6140418688894
udaipur,2023,lmv,140307567.1613839,3.0578395447977473,2.699127458319031,17.148781967819666,0.060446518241716936,0.059710839747491785,0.18320339537826985,0.17961965215415393,2.182212615730237,2.0588648240707004,13.927323894547257,13.597209304659708,3.7893746421025396,3.727758820602031,1.8115217783223367,1.784659560414665,1.4714417171580942,1.4459594176649915,21932.010759107645,20284.621204103096,19.385086051399576,1175.5673293500308,1647.389555004549,0.8869764200274306,0.5693697658700494,12133.509625049688,1771.6140418688894
ujjain,2021,2w,550915904.5192639,28.48263416712436,26.87924127881821,17.176148704549867,0.1600353033765216,0.1590963240450423,0.26125921631046056,0.2589897555133372,3.854298712217927,3.7539864779858565,0.011796416505209994,0.011764533560255051,0.359106420755882,0.35798928987881107,0.3239946963327063,0.32282090690228105,7.673961919394365,7.608096540094416,13329.109421364552,12973.95200388031,19.442092169809676,1564.6458453314438,355.1574174842426,0.8782092994544556,0.536100736720886,11103.713257067064,1309.106970579635
ujjain,2021,3w,8519318.111122571,0.4671472332939762,0.44084978667227287,17.176148704549867,0.0024747727326266057,0.002460252433686204,0.06262141009503262,0.062077441398814916,0.11739897670766798,0.11434354314389833,0.00044424345965647985,0.0004430427738579948,0.006981155749598837,0.00695943833048641,0.006298571416188058,0.0062757525347718396,0.18571443750412575,0.18412045619483997,707.0070706864957,688.1686924100264,19.442092169809676,1564.6458453314438,18.838378276469257,0.8782092994544556,0.536100736720886,11103.713257067064,1309.106970579635
ujjain,2021,hdv,571922113.0,18.621623424053872,17.807828087834686,17.096356102236765,0.2737190578309998,0.2737190578309998,0.07856019144345396,0.07856019144345396,73.88910282050256,70.48215069684854,3.897264972281699,3.8257956046660238,2.272779623952428,2.221430296114936,1.6251993030361485,1.5813837446106942,2.433484995918192,2.3204840368343516,12584.718756235174,11935.777391064785,19.078436667686333,1564.6458453314438,648.941365170389,0.8782092994544556,0.536100736720886,11103.713257067064,1309.106970579635
ujjain,2021,lmv,100384254.36961369,1.8755102339007084,1.6599739197615153,17.176148704549867,0.033840318459268035,0.03343358431946953,0.12689966235001207,0.12450333504738947,1.3383311076457736,1.2643944784065204,10.835457025642938,10.60650477701498,2.8241292008083216,2.781473256677423,1.3088174925937381,1.2903859437663312,0.8081151346496124,0.7941134737895694,15812.444257159706,14578.326332802942,19.442092169809676,1564.6458453314438,1234.117924356764,0.8782092994544556,0.536100736720886,11103.713257067064,1309.106970579635
ujjain,2022,2w,693456725.4835682,31.812131122695536,29.5422887107563,17.507700889281196,0.18301529810118633,0.18155912181545225,0.29876241894715316,0.2951666068930126,4.3712870115476585,4.2150232589896115,0.013509659979666548,0.013413890874335886,0.41170005127911025,0.40918276118324676,0.37140866578994153,0.3690402225327332,8.762648575760386,8.664374113192785,15016.356464065972,14449.038308594047,20.200372086935523,1564.6458453314438,567.3181554719249,0.8782092994544556,0.606731079314583,11987.535446784837,1447.1566515299705
ujjain,2022,3w,10660002.75622968,0.5186624662496516,0.48165513534076615,17.507700889281196,0.0028133602436841193,0.002790975511300627,0.07118616841131853,0.07032939370932098,0.13235693198542808,0.12762546712977438,0.0005057475536790687,0.0005021623420000249,0.007956159952399644,0.007907512976070499,0.0071775234021741584,0.007131752911415202,0.210804486644414,0.20844028163805034,791.7819933187353,761.8684586300521,20.200372086935523,1564.6458453314438,29.91353468868317,0.8782092994544556,0.606731079314583,11987.535446784837,1447.1566515299705
ujjain,2022,hdv,579924135.0,21.55133168299055,20.38916954570818,17.20751887751416,0.311146917989903,0.311146917989903,0.0893023731632877,0.0893023731632877,85.59781349581424,80.73245428930989,4.464610696047539,4.362947210595334,2.60790169917892,2.5346506472689287,1.8681428029487235,1.805608821345456,2.819515288638977,2.6581617717301738,14574.512436475557,13640.29801727002,19.709651035319595,1564.6458453314438,934.2144192055366,0.8782092994544556,0.606731079314583,11987.535446784837,1447.1566515299705
ujjain,2022,lmv,125693847.76020215,2.0696524216132195,1.7869598958200885,17.507700889281196,0.038473145475008276,0.03789382478244437,0.14420970073611394,0.14078050756423854,1.505443118346809,1.4018310013812108,12.32320783570176,11.972967446118089,3.2171371785132776,3.1527408534607395,1.4910073239126216,1.4634229307786482,0.9170834711617567,0.8976419300840623,17624.31850997339,15945.83167563185,20.200372086935523,1564.6458453314438,1678.4868343415383,0.8782092994544556,0.606731079314583,11987.535446784837,1447.1566515299705
ujjain,2023,2w,674758642.724177,33.81091687536904,31.82403027561756,17.539063497241425,0.19708962234055663,0.19576266739168965,0.3319192232217461,0.32855504528714674,4.726084128091563,4.583366745494173,0.015405188650825036,0.015320676702138684,0.4660149297147752,0.46370518783725323,0.417871953193228,0.4156678054187057,9.396286282672927,9.308135396864623,16551.715772829342,16036.914564655644,19.919791387947814,1564.6458453314438,514.8012081736979,0.8782092994544556,0.5870800776045249,12771.588818118931,1475.5060409446628
ujjain,2023,3w,8469429.710040187,0.4501080337953182,0.4236575940132518,17.539063497241425,0.002473827821237777,0.002457172159559336,0.06457580305550993,0.06392129293211386,0.11684404330007173,0.11331560927733322,0.00047089507996192,0.000468311777560604,0.007353433590290546,0.007316987261162281,0.006593766553642621,0.006558986435561305,0.18457312062617778,0.18284155524064855,712.6098666807211,690.4458550846579,19.919791387947814,1564.6458453314438,22.164011596063233,0.8782092994544556,0.5870800776045249,12771.588818118931,1475.5060409446628
ujjain,2023,hdv,518463779.0,23.027283316938373,22.133948696775384,19.006400702027378,0.3467303667146467,0.3467303667146467,0.09951518978696669,0.09951518978696669,91.24803619243295,87.50787773671433,4.89219574852089,4.810834566181605,2.844524579943236,2.787577496896108,2.028918640602977,1.9805446975436893,3.0048692344561383,2.880674723372514,15392.10482149126,14722.68536889078,20.831047830682817,1564.6458453314438,669.4194526004812,0.8782092994544556,0.5870800776045249,12771.588818118931,1475.5060409446628
ujjain,2023,lmv,113638367.5657826,2.0425290205577347,1.8046780894823036,17.539063497241425,0.03848922957990551,0.03799173067602965,0.14881950091590518,0.14578665635143773,1.5114360520589127,1.4221269988871854,13.049295392568798,12.734677638688519,3.3823158646665936,3.32452444007689,1.5581805850360693,1.5334824275061025,0.913516846504604,0.8969939117138174,18038.82937880728,16568.28531580868,19.919791387947814,1564.6458453314438,1470.5440629986006,0.8782092994544556,0.5870800776045249,12771.588818118931,1475.5060409446628
vadodara,2021,2w,1624201049.0833583,127.11981908287926,120.43342107742426,13.924264855105767,0.6329763548491558,0.6302172715407242,0.6754776734043293,0.6706932801135687,13.773954223891863,13.514059224343459,0.02581497930459102,0.02575356462481457,0.8375489834630627,0.8358061421971372,0.7949813450143087,0.7932035189945258,32.01170612823961,31.78068688136292,37441.3879337435,36729.73300229138,15.913706209809982,3884.818058276383,711.654931452118,0.9021838975422972,0.5509338187553231,58130.75377625463,8381.868397387554
vadodara,2021,3w,132001344.81978995,10.95736023301942,10.381012090489847,13.924264855105767,0.05144297260882321,0.05121873761809446,0.8509053732598229,0.8448784294847922,2.2049392135830175,2.1633351348556147,0.005109304310725272,0.005097149108723315,0.08557234178449152,0.08539427577112567,0.08122320808817432,0.08104156768408814,4.0714948817550445,4.042112077930803,10437.430766253248,10239.04471577781,15.913706209809982,3884.818058276383,198.38605047543751,0.9021838975422972,0.5509338187553231,58130.75377625463,8381.868397387554
vadodara,2021,hdv,1959884765.0,124.25196706367878,121.36559562976882,15.00606476916101,1.8111939136923714,1.8111939136923714,0.5198313253319136,0.5198313253319136,493.2525515163646,481.16933707410794,25.94566824379495,25.69990553397024,15.117432116349468,14.936844921867436,10.815875683958042,10.661203873730749,16.24919325096926,15.848797138696757,83192.40332284308,80835.10104511626,16.034223181635788,3884.818058276383,2357.3022777268197,0.9021838975422972,0.5509338187553231,58130.75377625463,8381.868397387554
vadodara,2021,lmv,680464497.096852,19.93223979895255,17.822870407676877,13.924264855105767,0.3091296548027273,0.30614594480064744,0.7599672588481386,0.7479246079269187,11.212628493988213,10.713359383696492,55.29668731615835,54.316977766071076,15.282965863360902,15.097230217601991,7.44234770096473,7.360121088856308,7.797731549112558,7.680798051537019,105473.78235427874,98521.13577119728,15.913706209809982,3884.818058276383,6952.646583081456,0.9021838975422972,0.5509338187553231,58130.75377625463,8381.868397387554
vadodara,2022,2w,2251133805.7902603,145.3936995729671,135.780462818105,13.621361895672653,0.7579968455855254,0.7537235747374064,0.819201621667952,0.8116809397193296,16.62854113463568,16.211326926452255,0.03430852439772344,0.03416709483464669,1.1054071993074162,1.1016763948418735,1.0415259710515643,1.037889739708099,37.588232221504164,37.247735053188194,46787.62459539919,45505.86607039904,15.864081485103338,3884.818058276383,1281.7585250001503,0.9021838975422972,0.592780234848573,64907.808950283186,9881.593735453056
vadodara,2022,3w,177110541.8403717,12.132290304258367,11.330119512703396,13.621361895672653,0.059636273814393174,0.05930006931451213,0.9990002647165717,0.989828941004802,2.57689467254875,2.512239748122448,0.006573498392626237,0.006546400549688506,0.1093326872616106,0.10896368398560437,0.10301437636662046,0.10265472704957689,4.628086908666566,4.586162870370893,12626.33179677953,12280.430320482004,15.864081485103338,3884.818058276383,345.90147629752573,0.9021838975422972,0.592780234848573,64907.808950283186,9881.593735453056
vadodara,2022,hdv,1979755956.0,147.98260298631257,143.30808308104898,14.992326868236304,2.162134095279789,2.162134095279789,0.6205547753875189,0.6205547753875189,587.3837547664004,567.815006556916,30.950407114392984,30.55496583308598,18.02640529113042,17.734454641445733,12.89375651362107,12.643507736866603,19.350205484351864,18.70189023416688,98912.63701495963,95061.11226628254,16.42779997061205,3884.818058276383,3851.524748677097,0.9021838975422972,0.592780234848573,64907.808950283186,9881.593735453056
vadodara,2022,lmv,806147060.3693674,19.552038590323082,17.081658915373197,13.621361895672653,0.31650231420962777,0.3127923596232614,0.7881475860454984,0.7729757991813476,11.587111526738308,10.955780410672276,62.86667539197526,61.497292505932556,17.249812079814767,16.991642382500523,8.337945559437962,8.224294457203152,7.8292017613981475,7.688362634453115,112994.1269514626,103853.59973616629,15.864081485103338,3884.818058276383,9140.527215296315,0.9021838975422972,0.592780234848573,64907.808950283186,9881.593735453056
vadodara,2023,2w,2335366387.44185,158.18401829959876,147.91919603567516,13.77836744603641,0.8446894594337228,0.8399152913786478,0.926155981384032,0.9176522852746882,18.41810104323578,17.952531707084084,0.03836253740885793,0.03818943918525608,1.2374741650357723,1.2330257102327526,1.1658790300851336,1.1615975459253418,41.85589546416142,41.48275877051455,51664.64780261253,50273.81165830087,15.963152457073075,3884.818058276383,1390.8361443116664,0.9021838975422972,0.5888693661163246,69002.26811822875,9915.804856176705
vadodara,2023,3w,175169788.3257598,12.58406312196629,11.767462477390893,13.77836744603641,0.06335797012651398,0.06299987213720655,1.0767627278379714,1.066876204181645,2.7211247217746295,2.6523406366331326,0.007007497067157175,0.006975878061321027,0.11668766596229052,0.11626819877439316,0.10993660042274951,0.10953287773699462,4.913232549648833,4.869432092667473,13292.318908748648,12934.483553891743,15.963152457073075,3884.818058276383,357.8353548569048,0.9021838975422972,0.5888693661163246,69002.26811822875,9915.804856176705
vadodara,2023,hdv,1603286168.0,143.40959965355515,138.99655134721527,15.472552916282783,2.109450262740326,2.109450262740326,0.6054339723163988,0.6054339723163988,569.02129902173,550.5469900032615,30.099787245604606,29.724460839901006,17.523840504358695,17.247821020569347,12.526412102298531,12.289970847054564,18.74381786936844,18.131663713434623,95989.53368655183,92342.81175560424,16.949002657120666,3884.818058276383,3646.7219309475913,0.9021838975422972,0.5888693661163246,69002.26811822875,9915.804856176705
vadodara,2023,lmv,826344436.2323892,20.81678441458487,18.23387582328429,13.77836744603641,0.3482036469609486,0.34414773871104937,0.8791920919626653,0.862391189055024,12.627311497437622,11.942418082562009,69.29102578101954,67.76769274337954,19.050498491195636,18.763729785405275,9.209490765055193,9.083392538164913,8.60320683569121,8.451113327561222,122288.1102858881,112582.83054416039,15.963152457073075,3884.818058276383,9705.279741727718,0.9021838975422972,0.5888693661163246,69002.26811822875,9915.804856176705
varanashi,2021,2w,608179199.8112739,76.2793272904572,73.1155412194814,12.498103495784894,0.4230461859602552,0.42148108856312855,0.4686087369551483,0.46577966148340266,10.128870399327287,9.958815922323492,0.03686915334952072,0.03685058741417101,1.093272320640176,1.0917372482792114,0.9671652254133671,0.9653119245295201,19.453384513375955,19.340118718761342,35863.310743726455,35131.986515148,13.976926886224549,1662.033054832142,731.3242285784581,0.8873345638389055,0.494896196267757,30814.718410640577,4349.710276862723
varanashi,2021,3w,47199183.2982369,6.278615385359719,6.018201501194531,12.498103495784894,0.032831498480964595,0.03271003540075814,0.5636960619538693,0.5602929271494367,1.5483293708583117,1.522334335774399,0.006968150234816854,0.006964641333336522,0.10666351860969711,0.10651375151484817,0.09436006388520249,0.09417924928889235,2.362678312852068,2.3489218050145815,9546.768676894077,9352.09107760779,13.976926886224549,1662.033054832142,194.67759928628584,0.8873345638389055,0.494896196267757,30814.718410640577,4349.710276862723
varanashi,2021,hdv,817033781.0,60.81557415256228,58.623018200876885,13.053115694609938,0.838499648123077,0.838499648123077,0.24065804333759228,0.24065804333759228,242.13611249989336,232.958130316092,12.277742706806407,12.100680702873133,7.201840149100184,7.066579068074,5.182341210472616,5.065762552295896,7.978649733031506,7.674992770688292,41427.37931833616,39467.74145892927,14.651924246510852,1662.033054832142,1959.6378594068956,0.8873345638389055,0.494896196267757,30814.718410640577,4349.710276862723
varanashi,2021,lmv,95890830.8904892,4.590365556099472,4.203646566879887,12.498103495784894,0.07792699042611045,0.0773140683104871,0.19914302967207756,0.19656811772548283,3.1355077970240433,3.0193863346843246,29.910208510151346,29.536512160333004,7.539396714734762,7.469461030714151,3.4201208932219025,3.3900117869997186,1.7891151394968523,1.7676088811756667,38736.57334682751,36495.95739865249,13.976926886224549,1662.033054832142,2240.6159481750146,0.8873345638389055,0.494896196267757,30814.718410640577,4349.710276862723
varanashi,2022,2w,719674758.2098384,87.06068436491108,81.78345856674349,13.41432957636763,0.49507831544980047,0.49226715968519685,0.5429837163928665,0.5379233649141644,11.746917242630978,11.441295068962926,0.04326870940255837,0.043152581995458364,1.2819915070489512,1.277852738111546,1.1336032979168624,1.129333431041821,22.716597292332878,22.520242010691867,41460.513084842634,40132.48528261144,15.364752727196237,1662.033054832142,1328.0278022311977,0.8873345638389055,0.5783370921346539,34123.130832707815,4461.964281292377
varanashi,2022,3w,57056190.09372304,7.3205326015034435,6.876794951348337,13.41432957636763,0.03925006699949845,0.03902719710464863,0.6672444985693857,0.6610260953593927,1.8343821841035033,1.7866566524713339,0.008353949759343277,0.008331528879728623,0.12777217219200038,0.1273596737515464,0.11298277327302318,0.11255720870212316,2.8184885816715943,2.7941264330568933,11274.681164071637,10913.540190815005,15.364752727196237,1662.033054832142,361.1409732566317,0.8873345638389055,0.5783370921346539,34123.130832707815,4461.964281292377
varanashi,2022,hdv,898089918.0,62.847877522213714,59.90561242352217,12.902291982784156,0.8637786275154697,0.8637786275154697,0.2479133710312441,0.2479133710312441,250.26846506053587,237.9520845705782,12.665452817834522,12.426020742641347,7.431526832084444,7.249651573433861,5.349293126548655,5.192678881933708,8.246804861189023,7.839223667417884,42820.844527920715,40229.30115327923,14.929452366658813,1662.033054832142,2591.5433746414856,0.8873345638389055,0.5783370921346539,34123.130832707815,4461.964281292377
varanashi,2022,lmv,113571135.69643845,5.090806271955184,4.501197256194268,13.41432957636763,0.09103587937955007,0.09000405035330579,0.22994359172669834,0.22564993927186494,3.5918992203269697,3.400971168216209,34.86913994471048,34.2002068151792,8.804948779975714,8.681369827721385,3.9948729749474423,3.9420918184806237,2.0827822415582093,2.0475687010972634,43710.85138354006,40189.21874419033,15.364752727196237,1662.033054832142,3521.6326393497293,0.8873345638389055,0.5783370921346539,34123.130832707815,4461.964281292377
varanashi,2023,2w,775087977.9749045,82.12907656515216,77.73615529558661,11.72820455430241,0.44677467172211155,0.4444967373941902,0.4759575866338839,0.4719670854521768,10.712643236358012,10.465335830618534,0.03908356484012103,0.03897455920177277,1.158271221090271,1.154688941666199,1.0240951849852458,1.0204903175953906,20.48849306671865,20.328037361899725,38057.448042804885,36969.04076114347,13.424500656291778,1662.033054832142,1088.4072816614134,0.8873345638389055,0.5544318724367618,36245.97832305524,4351.917731938942
varanashi,2023,3w,66390610.159144886,7.461166016451182,7.062083057525825,11.72820455430241,0.0382687435519004,0.03807362576626747,0.6319105572639535,0.6266125225307986,1.8073893455382186,1.7656647440235145,0.008152695992431834,0.008129957794558901,0.12472415122844766,0.12433840672189765,0.11027590118676545,0.109887724378688,2.746453048659159,2.7249441920419524,11181.457605955935,10861.6784167622,13.424500656291778,1662.033054832142,319.77918919373406,0.8873345638389055,0.5544318724367618,36245.97832305524,4351.917731938942
varanashi,2023,hdv,835043580.0,63.22125652640376,60.364135558935324,13.596007427718124,0.8875484468715314,0.8875484468715314,0.2547355542361179,0.2547355542361179,251.47911643054124,239.51905022767286,12.907688203392182,12.673824949148607,7.553012134911142,7.3761291527170725,5.4246985363031435,5.272487343799272,8.286096950566758,7.890240750636423,42737.47954833385,40233.32253540049,15.767863043647187,1662.033054832142,2504.157012933363,0.8873345638389055,0.5544318724367618,36245.97832305524,4351.917731938942
varanashi,2023,lmv,122329924.86595061,5.0578187718388525,4.542586706870565,11.72820455430241,0.08253393660896607,0.08170573718171556,0.2030972862671473,0.1997418796285649,3.35114365196033,3.194955263994873,31.906236185529366,31.36666731961747,8.02340739722146,7.923981090371754,3.636091918364006,3.593692466362303,1.8915851074732213,1.8628787711251242,41924.91489588271,38915.812380494826,13.424500656291778,1662.033054832142,3009.1025153878873,0.8873345638389055,0.5544318724367618,36245.97832305524,4351.917731938942
vijaywada,2021,2w,543779598.3312777,74.82830350872581,70.18487041308703,15.431605435035129,0.4309105388965853,0.42833549246270064,0.5141476575371369,0.5091684664084444,10.05128680049599,9.77524190253847,0.03104773827993124,0.030876991097368293,0.9458994448038488,0.9414814477205606,0.8546109381361906,0.8504941742372969,20.24386439068495,20.064181881294132,33612.80225301989,32505.62073218992,17.119947723424954,1158.4691480927868,1107.1815208299668,0.8824837587088682,0.6521318213455872,28305.486064270608,3698.6026596569122
vijaywada,2021,3w,33655905.215293,4.912000133174113,4.607188412011639,15.431605435035129,0.026670151469233818,0.02651077528268737,0.493239587635265,0.488462877787285,1.2253480057259203,1.1916954921804537,0.004679718771882751,0.004653982636506912,0.07359833153144409,0.07325457700676709,0.06649537591005666,0.0661750596693274,1.9608225303891529,1.9434184663265373,7135.857783075889,6900.807762157668,17.119947723424954,1158.4691480927868,235.05002091822098,0.8824837587088682,0.6521318213455872,28305.486064270608,3698.6026596569122
vijaywada,2021,hdv,502256495.0,52.5656542567007,51.158275874634306,13.93363394856519,0.7362259016987472,0.7362259016987472,0.21130442374528988,0.21130442374528988,209.11930201631574,203.22783202731668,10.716447902759866,10.59981472665677,6.272768333648616,6.185352308732313,4.506323174020099,4.431209782798134,6.890410292685915,6.695343411557315,35588.69868164017,34387.84308078878,15.204664333780443,1158.4691480927868,1200.8556008513915,0.8824837587088682,0.6521318213455872,28305.486064270608,3698.6026596569122
vijaywada,2021,lmv,107023576.45342913,5.155077238902309,4.580297608541168,15.431605435035129,0.09833329566283779,0.0972403786343521,0.26931454966105617,0.264411566861298,3.737817607344393,3.5426738496264023,30.761507427678307,30.123805620977254,8.026795861756307,7.909486555966655,3.725417157034175,3.6751227924553103,2.297797287506034,2.2604953582361675,42148.044660878804,38948.818006591624,17.119947723424954,1158.4691480927868,3199.2266542871803,0.8824837587088682,0.6521318213455872,28305.486064270608,3698.6026596569122
vijaywada,2022,2w,780442507.9389871,80.35439020373236,73.42700269894661,15.720638855264887,0.46949064464711393,0.46558040752432533,0.5581967757401651,0.5506198075226916,10.863881274255814,10.441436254730643,0.03317613872727308,0.032830542614742816,1.0142807860469412,1.0061537253001143,0.9182679368589538,0.911056455296492,22.074226311360075,21.80424344397091,35913.929184088825,34141.212252072226,17.681605093294834,1158.4691480927868,1772.7169320165995,0.8824837587088682,0.7348230645681975,29725.28493434586,3708.7878328567867
vijaywada,2022,3w,48559219.68924213,5.302668742497826,4.845523325854603,15.720638855264887,0.02921176015344029,0.028968464764541044,0.5383315152654925,0.5310241982781767,1.3314204126048461,1.2796477626650944,0.005026990234984589,0.004974624035975718,0.07933660538437459,0.07870091019988948,0.07182652175403725,0.0712624427782464,2.149427380974603,2.123138415763548,7664.729007002515,7286.396833422026,17.681605093294834,1158.4691480927868,378.3321735804884,0.8824837587088682,0.7348230645681975,29725.28493434586,3708.7878328567867
vijaywada,2022,hdv,500990817.0,55.73686184501879,53.82219387374787,15.00284572447179,0.7990631933336463,0.7990631933336463,0.22933937425163622,0.22933937425163622,221.46213615645595,213.44681595426627,11.527557213653015,11.365243873056743,6.7275427559455165,6.607892629415815,4.8212593100932075,4.718725779131128,7.296485792122234,7.030920473512718,37398.03724375937,35836.80313670059,16.616343056354815,1158.4691480927868,1561.234107058779,0.8824837587088682,0.7348230645681975,29725.28493434586,3708.7878328567867
vijaywada,2022,lmv,156956954.3717707,5.626000972919665,4.816446060514081,15.720638855264887,0.10942799026756192,0.10784779730569835,0.29854954107054027,0.291473398659103,4.1187025197615315,3.8380568464544704,33.5453787197246,32.588596356267175,8.787669493887623,8.613278851455663,4.087324785945437,4.01298732460896,2.5585450638912652,2.5049307180287217,45816.246249135125,41249.12963510102,17.681605093294834,1158.4691480927868,4567.116614034108,0.8824837587088682,0.7348230645681975,29725.28493434586,3708.7878328567867
vijaywada,2023,2w,607490173.2099448,79.96775771202952,74.6411850980941,14.871917205737692,0.4616582951903394,0.45863408629969515,0.501153036501064,0.4957401307502751,10.601280914407804,10.281732373990057,0.03261007481190731,0.03239108786859025,0.9976128909501973,0.9921529323618445,0.9030076163909891,0.8980014159756308,21.549484752025243,21.341725574856465,34870.904818760086,33625.97879283855,16.716789703156806,1158.4691480927868,1244.926025921537,0.8824837587088682,0.6576745424036557,30779.47778460894,3605.8836302114582
vijaywada,2023,3w,48635669.895558864,6.790232861320432,6.337942220239809,14.871917205737692,0.036960368150126745,0.0367182499533444,0.6218959223410981,0.615178884292332,1.6717579778522949,1.6213671028186558,0.006357975643143748,0.006315279830275878,0.10040661580337347,0.09985708805643258,0.09088489095217236,0.09038103254547032,2.6999706196153945,2.67394012836393,9575.952002143822,9234.08098008675,16.716789703156806,1158.4691480927868,341.87102205707197,0.8824837587088682,0.6576745424036557,30779.47778460894,3605.8836302114582
vijaywada,2023,hdv,490996838.0,53.24817374329905,51.626365321159405,14.999449681243442,0.7628724817582889,0.7628724817582889,0.21895226692938938,0.21895226692938935,211.58122814819941,204.7919601967356,11.007406189451862,10.870765017846674,6.424859609944925,6.323679057494797,4.604707695806016,4.517937515042604,6.970915757995895,6.746013527576319,35756.020056924826,34413.243365419614,16.512532137071183,1158.4691480927868,1342.7766915052125,0.8824837587088682,0.6576745424036557,30779.47778460894,3605.8836302114582
vijaywada,2023,lmv,123701967.89449634,5.812668483189597,5.1232910918194765,14.871917205737692,0.10918548952807776,0.10787470220943654,0.27238114313192624,0.26698053195997123,4.114885522381897,3.883544747151107,33.59852214277534,32.83327527673573,8.78774618744061,8.647293443340937,4.0844515676026365,4.024303004216464,2.5371159659879807,2.49273961464097,45982.78879860635,42244.18817042427,16.716789703156806,1158.4691480927868,3738.600628182081,0.8824837587088682,0.6576745424036557,30779.47778460894,3605.8836302114582
vishakhapatnam,2021,2w,1914598511.2170217,136.46569963722038,132.29763169704617,14.152778376076258,0.7582131535377482,0.7558812210787808,0.8783407126812897,0.8739867848337265,17.35003569849292,17.114739422092132,0.04684267678904113,0.046769505113359186,1.4591201419667756,1.4567779808063925,1.3387759967903183,1.3363396738237943,36.16078763069451,35.99525563946964,55176.22973075585,54474.309261066286,15.27124377981801,6277.22657543553,701.9204696895613,0.9350782774157822,0.6108937977140468,58163.529925950825,7600.0739217371065
vishakhapatnam,2021,3w,126732586.9887358,9.580500412259248,9.28788346363905,14.152778376076258,0.050188232088223185,0.05003387500945361,0.9011670315806952,0.8966999538539577,2.2620925675327745,2.2314147080018802,0.007550986739779705,0.007539191548072581,0.12141889273181193,0.12122399266394658,0.11140460231540665,0.11120186668834997,3.7458895472886224,3.728742117813257,12527.537276847532,12368.169105221328,15.27124377981801,6277.22657543553,159.36817162620355,0.9350782774157822,0.6108937977140468,58163.529925950825,7600.0739217371065
vishakhapatnam,2021,hdv,2243915486.0,102.93842844747546,100.69222280478915,13.115675715119638,1.4520591573455222,1.4520591573455222,0.41675594784019965,0.41675594784019965,409.3590667909226,399.9558008534693,21.04082489829115,20.84987962588667,12.319212551200096,12.178739369058002,8.845254812612449,8.724916949987714,13.486079901520688,13.174503179780594,70115.87485242225,68246.7042248859,14.090726612512054,6277.22657543553,1869.1706275363395,0.9350782774157822,0.6108937977140468,58163.529925950825,7600.0739217371065
vishakhapatnam,2021,lmv,452741241.79424256,11.802124663877594,11.064792001754855,14.152778376076258,0.20847590001844857,0.20713840629362978,0.5554445208311485,0.5496202637494592,7.877552184021201,7.6449069749524865,56.19578987811185,55.55237926609207,14.95289032173852,14.832352794417151,7.043394685099648,6.9908729017578795,4.9540208669953545,4.9075335182797275,85926.18968279488,82401.36489134919,15.27124377981801,6277.22657543553,3524.824791445688,0.9350782774157822,0.6108937977140468,58163.529925950825,7600.0739217371065
vishakhapatnam,2022,2w,2308436976.894836,149.90856810871304,143.93099615738748,14.904563369877359,0.8527155705449001,0.8492451609427365,0.9757321733605828,0.9692848620816962,19.26056645342762,18.909276045049786,0.05122268444780295,0.051064715961547796,1.6013932433881806,1.5970960956081983,1.4731187390388876,1.4689419598292794,40.713945574230635,40.47158328417206,60326.175494505755,59234.10387150812,16.222353679252794,6277.22657543553,1092.0716229976315,0.9350782774157822,0.6655919132781871,61081.00372876577,7621.002925565791
vishakhapatnam,2022,3w,157210381.8805863,10.827888144858465,10.396128431031716,14.904563369877359,0.058072081595751036,0.057835737946650354,1.0299722502278144,1.0231665386943287,2.583638054792869,2.5365154912087053,0.008495265476228753,0.008469066454407034,0.13710264214729714,0.13673474355851192,0.12612047175346344,0.12576287847169632,4.339232241874482,4.3134016266294015,14091.98241931957,13836.878329166848,16.222353679252794,6277.22657543553,255.10409015272307,0.9350782774157822,0.6655919132781871,61081.00372876577,7621.002925565791
vishakhapatnam,2022,hdv,2324743087.0,108.9163799581763,106.3119940896323,13.957910025455579,1.5598038992360868,1.5598038992360868,0.4476797995333265,0.4476797995333265,432.7854825338107,421.88264005182566,22.48222568563241,22.259069212325333,13.133725706095063,12.970501475247394,9.414659951431918,9.27496563497577,14.257562750439169,13.896211592780709,73591.3193743525,71480.42271506914,14.984205045886359,6277.22657543553,2110.8966592833603,0.9350782774157822,0.6655919132781871,61081.00372876577,7621.002925565791
vishakhapatnam,2022,lmv,566886697.2245775,13.134670375350154,12.115013918892634,14.904563369877359,0.24295175669417726,0.24098096927497759,0.6384450330032546,0.6299528185336797,8.981570438402292,8.644832724222885,63.412232250278485,62.451363553052516,16.97192664916125,16.79284176783667,8.019305223225352,7.941503045426926,5.773635010693644,5.7060829812941,95569.44145357967,90643.98433518854,16.222353679252794,6277.22657543553,4925.457118391132,0.9350782774157822,0.6655919132781871,61081.00372876577,7621.002925565791
vishakhapatnam,2023,2w,2385384528.1198516,157.01964803438594,150.64107228111027,15.376409138520593,0.9032130749124695,0.8994425906411876,1.009024412018578,1.0021315992671662,20.159340322558165,19.778241839317705,0.05247140268999127,0.052268145341682073,1.6473349633440248,1.6421764157765733,1.519953722273255,1.5151015110266732,43.18697184806735,42.92570641745968,62204.94316633868,61007.069574484565,16.640648480116884,6277.22657543553,1197.8735918541133,0.9350782774157822,0.6754151523521821,63247.21197739915,7409.55021790066
vishakhapatnam,2023,3w,173010961.50827935,12.078787078023185,11.588113080537296,15.376409138520593,0.0655096738891923,0.06523620221138245,1.1343539649839984,1.1266050053143175,2.879989835386181,2.8255456055427377,0.009268070219148725,0.009232168694125336,0.1502040939405496,0.1497337372853098,0.13858946526708416,0.13814704037468606,4.9020132179822165,4.8723578256396785,15475.447578704194,15177.438625829154,16.640648480116884,6277.22657543553,298.00895287503954,0.9350782774157822,0.6754151523521821,63247.21197739915,7409.55021790066
vishakhapatnam,2023,hdv,2131549432.0,101.1610053518967,99.06315164255362,13.632674754406072,1.4394057479470614,1.4394057479470614,0.4131242888953219,0.4131242888953219,402.106495129888,393.3242351360074,20.786186882054885,20.607338128171484,12.157510949484294,12.026212902265383,8.721347057478045,8.608908130087395,13.246619652968004,12.955594816636136,68723.30778323063,66989.67997725286,14.590608025374628,6277.22657543553,1733.6278059777687,0.9350782774157822,0.6754151523521821,63247.21197739915,7409.55021790066
vishakhapatnam,2023,lmv,613581569.371869,14.210419274102954,13.120059493147375,15.376409138520593,0.26920042554296225,0.2670254684354458,0.6900629737367866,0.6808860281775323,9.78327959471881,9.416769398022094,67.78088269149066,66.72498954501468,18.241661758154095,18.04539886314665,8.647997486560635,8.562837627067493,6.402805355876233,6.328747580947742,102014.82571865268,96794.98108682901,16.640648480116884,6277.22657543553,5219.844631823667,0.9350782774157822,0.6754151523521821,63247.21197739915,7409.55021790066
warangal,2021,2w,773610717.332898,68.36798775568627,66.72404020205053,13.678976784973093,0.34016501304933605,0.3393222496915106,0.40769364047374934,0.406132875236103,7.653303110300919,7.576400462832715,0.015622512446492218,0.015614108449708746,0.5019487034106256,0.5015702716849266,0.4724515674477297,0.471996653965991,17.032102036251754,16.96705234358886,22047.56628506125,21903.190579568953,14.963347543011183,3619.108778743341,144.37570549229713,0.900141050948353,0.542515308719564,31839.993455196047,4469.234998280015
warangal,2021,3w,43681327.698638454,4.094305594569771,3.995855663732508,13.678976784973093,0.01920715299530377,0.019159567017523506,0.3568116188456079,0.3554456442122155,0.8511805347397555,0.8426276216182582,0.002148204647070191,0.002147049038776963,0.03563012299356137,0.03560326054957115,0.03353631026892523,0.033504018875012566,1.5050402185939749,1.4992921081460424,4270.0907875406365,4242.128636888886,14.963347543011183,3619.108778743341,27.962150651750562,0.900141050948353,0.542515308719564,31839.993455196047,4469.234998280015
warangal,2021,hdv,1164258066.0,56.46244348353688,55.17293621048731,12.8061439755822,0.7818599990655624,0.7818599990655624,0.22440188014417797,0.22440188014417797,224.75187423797826,219.35356310469075,11.398855827741595,11.288413528547471,6.694318256697602,6.613510941445957,4.816423901662559,4.747261826720413,7.404230132794655,7.2253171636195885,38910.980511077054,37832.211725301066,13.917374676674038,3619.108778743341,1078.7687857759884,0.900141050948353,0.542515308719564,31839.993455196047,4469.234998280015
warangal,2021,lmv,267058267.96846336,9.062806126311113,8.551473949765647,13.678976784973093,0.1370766868605641,0.13628212785372343,0.378843730862421,0.3753171956569063,5.17780382553698,5.044208599669941,27.660146521471898,27.375896196788116,7.563288782277456,7.509334381478862,3.65144345088795,3.627569502343831,3.4273610670438215,3.3977534622612,52137.29086912221,50289.29831699318,14.963347543011183,3619.108778743341,1847.992552129028,0.900141050948353,0.542515308719564,31839.993455196047,4469.234998280015
warangal,2022,2w,856430284.8470929,77.5974181621881,75.20518861285316,13.868135567418667,0.3909981805243097,0.3898588066267083,0.46529777051562626,0.4631963409692362,8.718871339360899,8.613391531854555,0.017620379604346086,0.017608341762373098,0.5674376229779018,0.5669282043430424,0.5348800447171971,0.5342749272360975,19.61100449422688,19.52059645220637,24870.874214785144,24649.604862848653,15.301019159328392,3619.108778743341,221.26935193649115,0.900141050948353,0.5353500914835098,35720.84183032421,4527.625534081775
warangal,2022,3w,49194888.58250468,4.727476090465825,4.581734025004971,13.868135567418667,0.02245963538093437,0.02239418770476266,0.4142768208220342,0.41240581776372354,0.9864785600116365,0.9745442666187042,0.002464873553538511,0.0024631896080738193,0.040976109785940046,0.040939323374423214,0.03862504449320582,0.03858134742530818,1.762926909486955,1.7547996985550054,4900.293755345594,4856.697184747395,15.301019159328392,3619.108778743341,43.59657059819892,0.900141050948353,0.5353500914835098,35720.84183032421,4527.625534081775
warangal,2022,hdv,1176143750.0,59.22088929757173,57.490122352806445,13.820386980311106,0.8291285507049954,0.8291285507049954,0.2379684417693512,0.2379684417693512,235.59732725633802,228.35174821809753,12.033368655175813,11.885045900659582,7.058278300613972,6.949801815822893,5.072614205608482,4.979777042446933,7.76105131538676,7.520911168920309,40663.16362325694,39210.22454400462,15.268901285005041,3619.108778743341,1452.9390792523263,0.900141050948353,0.5353500914835098,35720.84183032421,4527.625534081775
warangal,2022,lmv,303531080.57040197,10.433734076496194,9.71018786514686,13.868135567418667,0.1615617783942255,0.16046294592466998,0.4429913838662229,0.4381407174047566,6.019889054526,5.834570798149489,31.916380096414986,31.531231972424354,8.75758778677661,8.684440967168069,4.235491825990663,4.203103868562783,4.044104646599316,4.00254455827611,59730.90355535317,57158.07629858618,15.301019159328392,3619.108778743341,2572.827256766992,0.900141050948353,0.5353500914835098,35720.84183032421,4527.625534081775
warangal,2023,2w,829758544.4657834,86.7039464830786,84.39592550491913,15.27046712362283,0.44349798826060965,0.44217747548434916,0.5215499607412069,0.5191211430675207,9.739913103515713,9.62116310342842,0.019326234428060876,0.01930247864816755,0.6246014307370862,0.6238402534254779,0.5902409690223702,0.589416562685884,22.330079623627856,22.23176529168046,27505.72468074763,27291.603649373857,16.741911667708518,3619.108778743341,214.12103137377198,0.900141050948353,0.5420316757303884,38747.03095385121,4345.174535173705
warangal,2023,3w,48981764.69642082,5.4284477809429275,5.283944884991072,15.27046712362283,0.026180283709284522,0.026102332061161332,0.47721085029496174,0.47498851641610573,1.1324973473097957,1.1186898257577456,0.0027783141921882103,0.002774899092331597,0.04635219460932941,0.04629570700436471,0.04380227600541682,0.043741096121629325,2.062906141301971,2.0538236282715334,5569.4060872902855,5526.0504953402,16.741911667708518,3619.108778743341,43.35559195008591,0.900141050948353,0.5420316757303884,38747.03095385121,4345.174535173705
warangal,2023,hdv,1121378854.0,55.45605752533814,54.10221357171065,14.027498702555334,0.7802543321843673,0.7802543321843673,0.22394103719600814,0.22394103719600814,220.56214085766783,214.89431481617245,11.292104523618114,11.17372326964743,6.623361203663139,6.538038440979264,4.758102756418808,4.685259460847448,7.265118385456079,7.077154513106558,38174.27533238128,37050.98609759706,15.310367901876498,3619.108778743341,1123.2892347842208,0.900141050948353,0.5420316757303884,38747.03095385121,4345.174535173705
warangal,2023,lmv,308844835.8377959,11.840042794791842,11.084037792283155,15.27046712362283,0.19182620139566128,0.19051337258018788,0.518655674066371,0.5129224500127044,6.952026958127275,6.739614988481913,36.409279694567736,35.94379554898172,10.059892366458406,9.9717764690964,4.88145187577774,4.842508665979876,4.813198990333414,4.765567477610209,67390.04183735611,64656.01491520987,16.741911667708518,3619.108778743341,2734.026922146244,0.900141050948353,0.5420316757303884,38747.03095385121,4345.174535173705
